version 2
JvmtiExport can_access_local_variables 0
JvmtiExport can_hotswap_or_post_breakpoint 0
JvmtiExport can_post_on_exceptions 0
# 211 ciObject found
instanceKlass sun/java2d/marlin/Renderer
instanceKlass javax/swing/RepaintManager$DisplayChangedRunnable
instanceKlass  @bci sun/awt/windows/WToolkit displayChanged ()V 0 <appendix> argL0 ; # sun/awt/windows/WToolkit$$Lambda+0x0000000800c43878
instanceKlass com/teamdev/jxbrowser/engine/event/internal/EngineCrashedImpl
instanceKlass  @bci com/teamdev/jxbrowser/engine/internal/EngineImpl awaitProcessTermination ()V 92 <appendix> argL0 ; # com/teamdev/jxbrowser/engine/internal/EngineImpl$$Lambda+0x0000000800c0f118
instanceKlass java/time/format/DateTimeFormatterBuilder$2
instanceKlass java/time/LocalTime$1
instanceKlass java/time/ZonedDateTime$1
instanceKlass java/time/format/DateTimePrintContext
instanceKlass java/util/logging/LogRecord
instanceKlass com/teamdev/jxbrowser/internal/rpc/ExitCode$1
instanceKlass java/util/concurrent/ForkJoinTask$Aux
instanceKlass  @bci com/teamdev/jxbrowser/callback/internal/DefaultCallbacks unregister ()V 5 <appendix> member <vmtarget> ; # com/teamdev/jxbrowser/callback/internal/DefaultCallbacks$$Lambda+0x0000000800c0e618
instanceKlass  @bci com/teamdev/jxbrowser/internal/rpc/ServiceConnectionImpl remove (Ljava/lang/Class;)Lcom/teamdev/jxbrowser/callback/Callback; 27 <appendix> argL0 ; # com/teamdev/jxbrowser/internal/rpc/ServiceConnectionImpl$$Lambda+0x0000000800c0e848
instanceKlass  @bci com/teamdev/jxbrowser/internal/rpc/ServiceConnectionImpl remove (Ljava/lang/Class;)Lcom/teamdev/jxbrowser/callback/Callback; 19 <appendix> argL0 ; # com/teamdev/jxbrowser/internal/rpc/ServiceConnectionImpl$$Lambda+0x0000000800c0e3d0
instanceKlass  @bci com/teamdev/jxbrowser/view/swing/BrowserView removeWidget (Ljavax/swing/JComponent;)V 2 <appendix> member <vmtarget> ; # com/teamdev/jxbrowser/view/swing/BrowserView$$Lambda+0x0000000800c0e1b0
instanceKlass com/teamdev/jxbrowser/browser/internal/callback/TakeFocusCallback
instanceKlass  @bci com/teamdev/jxbrowser/view/swing/internal/WindowedWidget lambda$new$0 (Lcom/teamdev/jxbrowser/browser/event/BrowserClosed;)V 1 <appendix> member <vmtarget> ; # com/teamdev/jxbrowser/view/swing/internal/WindowedWidget$$Lambda+0x0000000800c0dd98
instanceKlass  @bci com/teamdev/jxbrowser/browser/internal/BrowserImpl cleanup ()V 103 <appendix> argL0 ; # com/teamdev/jxbrowser/browser/internal/BrowserImpl$$Lambda+0x0000000800c0cf40
instanceKlass com/teamdev/jxbrowser/extensions/ExtensionAction
instanceKlass  @bci com/teamdev/jxbrowser/internal/CloseableImpl closeIfNecessary (Lcom/teamdev/jxbrowser/internal/Lazy;)V 9 <appendix> argL0 ; # com/teamdev/jxbrowser/internal/CloseableImpl$$Lambda+0x0000000800c0c838
instanceKlass  @bci com/teamdev/jxbrowser/capture/internal/CaptureSessions close ()V 7 <appendix> argL0 ; # com/teamdev/jxbrowser/capture/internal/CaptureSessions$$Lambda+0x0000000800c0c610
instanceKlass com/teamdev/jxbrowser/capture/CaptureSession
instanceKlass com/teamdev/jxbrowser/browser/internal/BrowserWidgetThread$TaskResultHandler
instanceKlass  @bci com/teamdev/jxbrowser/browser/internal/BrowserWidget lambda$close$49 ()V 36 <appendix> argL0 ; # com/teamdev/jxbrowser/browser/internal/BrowserWidget$$Lambda+0x0000000800c0bd38
instanceKlass  @bci com/teamdev/jxbrowser/browser/internal/BrowserWidget close ()V 2 <appendix> member <vmtarget> ; # com/teamdev/jxbrowser/browser/internal/BrowserWidget$$Lambda+0x0000000800c0bb18
instanceKlass  @bci com/teamdev/jxbrowser/browser/internal/BrowserImpl cleanup ()V 18 <appendix> member <vmtarget> ; # com/teamdev/jxbrowser/browser/internal/BrowserImpl$$Lambda+0x0000000800c0b8e8
instanceKlass  @bci com/teamdev/jxbrowser/profile/internal/ProfileImpl cleanup ()V 11 <appendix> argL0 ; # com/teamdev/jxbrowser/profile/internal/ProfileImpl$$Lambda+0x0000000800c0b6c0
instanceKlass  @bci com/teamdev/jxbrowser/profile/internal/ProfilesImpl cleanup ()V 4 <appendix> argL0 ; # com/teamdev/jxbrowser/profile/internal/ProfilesImpl$$Lambda+0x0000000800c0b498
instanceKlass  @bci com/teamdev/jxbrowser/browser/internal/RenderProcesses close ()V 5 <appendix> member <vmtarget> ; # com/teamdev/jxbrowser/browser/internal/RenderProcesses$$Lambda+0x0000000800c0b268
instanceKlass  @bci com/teamdev/jxbrowser/engine/internal/EngineImpl cleanup ()V 12 <appendix> argL0 ; # com/teamdev/jxbrowser/engine/internal/EngineImpl$$Lambda+0x0000000800c0b040
instanceKlass  @bci com/teamdev/jxbrowser/engine/internal/EngineImpl lambda$new$8 (Lcom/teamdev/jxbrowser/internal/event/ChromiumProcessTerminated;)V 5 <appendix> member <vmtarget> ; # com/teamdev/jxbrowser/engine/internal/EngineImpl$$Lambda+0x0000000800c0ae20
instanceKlass  @bci com/teamdev/jxbrowser/browser/internal/BrowserWidget onConnectionCreated (Lcom/teamdev/jxbrowser/internal/rpc/event/ConnectionCreated;)V 37 <appendix> member <vmtarget> ; # com/teamdev/jxbrowser/browser/internal/BrowserWidget$$Lambda+0x0000000800c0abf0
instanceKlass  @bci com/teamdev/jxbrowser/internal/memory/SharedMemoryManager onConnectionCreated (Lcom/teamdev/jxbrowser/internal/rpc/event/ConnectionCreated;)V 37 <appendix> member <vmtarget> ; # com/teamdev/jxbrowser/internal/memory/SharedMemoryManager$$Lambda+0x0000000800c0a9c0
instanceKlass  @bci sun/awt/windows/WToolkit windowsSettingChange ()V 39 <appendix> member <vmtarget> ; # sun/awt/windows/WToolkit$$Lambda+0x0000000800c42148
instanceKlass java/awt/LightweightDispatcher$1
instanceKlass java/awt/Container$MouseEventTargetFilter
instanceKlass java/awt/Container$EventTargetFilter
instanceKlass  @bci com/teamdev/jxbrowser/navigation/internal/NavigationImpl isLoading ()Z 23 <appendix> member <vmtarget> ; # com/teamdev/jxbrowser/navigation/internal/NavigationImpl$$Lambda+0x0000000800c0a7a0
instanceKlass  @bci com/teamdev/jxbrowser/internal/RpcThreadImpl close ()V 30 <appendix> argL0 ; # com/teamdev/jxbrowser/internal/RpcThreadImpl$$Lambda+0x0000000800c09938
instanceKlass  @bci com/teamdev/jxbrowser/internal/rpc/transport/SharedMemoryTransport close ()V 23 <appendix> argL0 ; # com/teamdev/jxbrowser/internal/rpc/transport/SharedMemoryTransport$$Lambda+0x0000000800c09710
instanceKlass com/teamdev/jxbrowser/browser/internal/rpc/TerminateRenderProcess$2
instanceKlass  @bci com/teamdev/jxbrowser/browser/internal/RenderProcess close ()V 4 <appendix> argL0 ; # com/teamdev/jxbrowser/browser/internal/RenderProcess$$Lambda+0x0000000800c08c78
instanceKlass  @bci com/teamdev/jxbrowser/browser/internal/BrowserRpcConfig lambda$createRenderProcess$2 (Lcom/teamdev/jxbrowser/browser/internal/rpc/TerminateRenderProcess$Request;)Lcom/teamdev/jxbrowser/browser/internal/rpc/TerminateRenderProcess$Response; 17 <appendix> member <vmtarget> ; # com/teamdev/jxbrowser/browser/internal/BrowserRpcConfig$$Lambda+0x0000000800c03cf0
instanceKlass com/teamdev/jxbrowser/frame/internal/rpc/DeleteFrame$2
instanceKlass  @bci com/teamdev/jxbrowser/browser/internal/BrowserImpl notifyObserversAsync (Lcom/teamdev/jxbrowser/browser/event/BrowserEvent;Ljava/lang/Runnable;)V 25 <appendix> member <vmtarget> ; # com/teamdev/jxbrowser/browser/internal/BrowserImpl$$Lambda+0x0000000800c07c20
instanceKlass  @bci com/teamdev/jxbrowser/frame/internal/Frames lambda$deleteFrame$3 (Lcom/teamdev/jxbrowser/browser/internal/BrowserImpl;Lcom/teamdev/jxbrowser/frame/internal/rpc/FrameDeleted;Lcom/teamdev/jxbrowser/frame/internal/FrameImpl;)V 12 <appendix> member <vmtarget> ; # com/teamdev/jxbrowser/frame/internal/Frames$$Lambda+0x0000000800c07a00
instanceKlass  @bci com/teamdev/jxbrowser/frame/internal/Frames deleteFrame (Lcom/teamdev/jxbrowser/browser/internal/BrowserImpl;Lcom/teamdev/jxbrowser/frame/internal/rpc/DeleteFrame$Request;)Lcom/teamdev/jxbrowser/frame/internal/rpc/DeleteFrame$Response; 18 <appendix> member <vmtarget> ; # com/teamdev/jxbrowser/frame/internal/Frames$$Lambda+0x0000000800c077d0
instanceKlass com/teamdev/jxbrowser/net/NetError$1
# instanceKlass java/lang/invoke/LambdaForm$MH+0x0000000800c02800
# instanceKlass java/lang/invoke/LambdaForm$MH+0x0000000800c02400
# instanceKlass java/lang/invoke/LambdaForm$MH+0x0000000800c02000
instanceKlass com/st/stm32cube/ide/common/services/mx/jar/core/mx/plugin/PlugInInstaller$PlugInRoot
instanceKlass com/st/stm32cube/ide/common/services/mx/jar/core/mx/plugin/PlugInInstaller
instanceKlass com/st/stm32cube/ide/common/services/mx/jar/core/mx/plugin/PlugInAbstract
instanceKlass com/st/stm32cube/ide/common/services/mx/jar/core/mx/plugin/PlugInInterface
instanceKlass javax/swing/GroupLayout$Spring
instanceKlass  @bci com/st/microxplorer/codegenerator/CodeGenerator sortFunctionList (Ljava/util/ArrayList;)Ljava/util/ArrayList; 619 <appendix> argL0 ; # com/st/microxplorer/codegenerator/CodeGenerator$$Lambda+0x0000000800c053f8
instanceKlass  @bci com/st/microxplorer/codegenerator/CodeGenerator sortFunctionList (Ljava/util/ArrayList;)Ljava/util/ArrayList; 521 <appendix> argL0 ; # com/st/microxplorer/codegenerator/CodeGenerator$$Lambda+0x0000000800c051b0
instanceKlass java/util/stream/SortedOps
instanceKlass  @bci com/st/microxplorer/codegenerator/CodeGenerator sortFunctionList (Ljava/util/ArrayList;)Ljava/util/ArrayList; 318 <appendix> argL0 ; # com/st/microxplorer/codegenerator/CodeGenerator$$Lambda+0x0000000800c04f98
instanceKlass  @bci com/st/microxplorer/codegenerator/CodeGenerator sortFunctionList (Ljava/util/ArrayList;)Ljava/util/ArrayList; 221 <appendix> member <vmtarget> ; # com/st/microxplorer/codegenerator/CodeGenerator$$Lambda+0x0000000800c04d50
instanceKlass  @cpi com/st/microxplorer/codegenerator/CodeGenerator 6218 form vmentry <vmtarget> ; # java/lang/invoke/LambdaForm$DMH+0x0000000800c00800
instanceKlass  @bci java/util/function/BinaryOperator maxBy (Ljava/util/Comparator;)Ljava/util/function/BinaryOperator; 6 <appendix> member <vmtarget> ; # java/util/function/BinaryOperator$$Lambda+0x0000000800c40000
instanceKlass  @bci com/st/microxplorer/codegenerator/CodeGenerator sortFunctionList (Ljava/util/ArrayList;)Ljava/util/ArrayList; 131 <appendix> argL0 ; # com/st/microxplorer/codegenerator/CodeGenerator$$Lambda+0x0000000800c04b38
instanceKlass  @bci java/util/function/BinaryOperator minBy (Ljava/util/Comparator;)Ljava/util/function/BinaryOperator; 6 <appendix> member <vmtarget> ; # java/util/function/BinaryOperator$$Lambda+0x0000000800bffbe0
instanceKlass  @bci java/util/Comparator comparingInt (Ljava/util/function/ToIntFunction;)Ljava/util/Comparator; 6 <appendix> member <vmtarget> ; # java/util/Comparator$$Lambda+0x0000000800bff948
instanceKlass  @cpi java/util/Comparator 262 form vmentry <vmtarget> ; # java/lang/invoke/LambdaForm$DMH+0x0000000800c00400
instanceKlass  @bci com/st/microxplorer/codegenerator/CodeGenerator sortFunctionList (Ljava/util/ArrayList;)Ljava/util/ArrayList; 103 <appendix> argL0 ; # com/st/microxplorer/codegenerator/CodeGenerator$$Lambda+0x0000000800c04920
instanceKlass java/util/function/ToIntFunction
instanceKlass  @bci com/st/microxplorer/codegenerator/CodeGenerator sortFunctionList (Ljava/util/ArrayList;)Ljava/util/ArrayList; 56 <appendix> argL0 ; # com/st/microxplorer/codegenerator/CodeGenerator$$Lambda+0x0000000800c046d8
instanceKlass  @bci com/st/microxplorer/codegenerator/CodeGenerator sortFunctionList (Ljava/util/ArrayList;)Ljava/util/ArrayList; 30 <appendix> argL0 ; # com/st/microxplorer/codegenerator/CodeGenerator$$Lambda+0x0000000800c04490
instanceKlass  @bci com/st/microxplorer/codegenerator/CodeGenerator sortFunctionList (Ljava/util/ArrayList;)Ljava/util/ArrayList; 4 <appendix> argL0 ; # com/st/microxplorer/codegenerator/CodeGenerator$$Lambda+0x0000000800c04248
instanceKlass  @bci com/st/microxplorer/codegenerator/CodeGenerator removeUsbDuplicates (Ljava/util/List;)Ljava/util/ArrayList; 51 <appendix> argL0 ; # com/st/microxplorer/codegenerator/CodeGenerator$$Lambda+0x0000000800c04000
instanceKlass  @bci com/st/microxplorer/codegenerator/CodeGenerator removeUsbDuplicates (Ljava/util/List;)Ljava/util/ArrayList; 35 <appendix> argL0 ; # com/st/microxplorer/codegenerator/CodeGenerator$$Lambda+0x0000000800bebcd8
# instanceKlass java/lang/invoke/LambdaForm$DMH+0x0000000800c00000
instanceKlass com/st/microxplorer/plugins/filemanager/engine/OpenFileManager$2
instanceKlass java/lang/FdLibm$Cbrt
instanceKlass java/lang/FdLibm
instanceKlass java/lang/FdLibm$Acos
instanceKlass sun/java2d/pipe/AlphaPaintPipe$TileContext
instanceKlass java/awt/GradientPaintContext
instanceKlass java/awt/PaintContext
instanceKlass java/awt/geom/ArcIterator
instanceKlass java/awt/geom/EllipseIterator
instanceKlass java/awt/geom/RoundRectIterator
instanceKlass com/st/microxplorer/plugins/projectmanager/gui/CodeGenSorting$CheckBoxIcon
instanceKlass sun/font/SunFontManager$9
instanceKlass sun/font/SunFontManager$8
instanceKlass sun/font/SunFontManager$3
instanceKlass sun/font/SunFontManager$FamilyDescription
instanceKlass java/awt/geom/Path2D$Iterator
instanceKlass javax/swing/JTable$5
instanceKlass com/st/microxplorer/mcu/GPIOService$PinSemaphore
instanceKlass com/st/microxplorer/plugins/projectmanager/gui/ProjectChoiceTab$3
instanceKlass com/sun/org/apache/xml/internal/utils/XMLCharacterRecognizer
instanceKlass com/sun/org/apache/xpath/internal/axes/NodeSequence$IteratorCache
instanceKlass com/sun/org/apache/xml/internal/dtm/ref/DTMNodeListBase
instanceKlass com/sun/org/apache/xml/internal/dtm/DTMAxisTraverser
instanceKlass com/sun/org/apache/xml/internal/dtm/Axis
instanceKlass com/sun/org/apache/xpath/internal/objects/Comparator
instanceKlass com/sun/org/apache/xml/internal/dtm/ref/dom2dtm/DOM2DTMdefaultNamespaceDeclarationNode
instanceKlass com/sun/org/apache/xml/internal/utils/TreeWalker
instanceKlass com/sun/org/apache/xml/internal/utils/SuballocatedIntVector
instanceKlass com/sun/org/apache/xml/internal/dtm/ref/DTMDefaultBase
instanceKlass com/sun/org/apache/xml/internal/dtm/ref/DTMNodeProxy
instanceKlass com/sun/org/apache/xml/internal/dtm/ref/ExpandedNameTable$HashEntry
instanceKlass com/sun/org/apache/xml/internal/dtm/ref/ExtendedType
instanceKlass com/sun/org/apache/xml/internal/dtm/ref/ExpandedNameTable
instanceKlass com/sun/org/apache/xml/internal/dtm/DTM
instanceKlass com/sun/org/apache/xml/internal/utils/XMLStringFactory
instanceKlass com/sun/org/apache/xpath/internal/XPathContext$XPathExpressionContext
instanceKlass com/sun/org/apache/xalan/internal/extensions/ExpressionContext
instanceKlass com/sun/org/apache/xml/internal/utils/NodeVector
instanceKlass com/sun/org/apache/xpath/internal/VariableStack
instanceKlass com/sun/org/apache/xml/internal/utils/IntVector
instanceKlass com/sun/org/apache/xml/internal/dtm/DTMManager
instanceKlass javax/xml/xpath/XPathConstants
instanceKlass javax/xml/xpath/XPathExpression
instanceKlass com/sun/org/apache/xpath/internal/axes/IteratorPool
instanceKlass com/sun/org/apache/xpath/internal/axes/SubContextList
instanceKlass com/sun/org/apache/xpath/internal/axes/PathComponent
instanceKlass com/sun/org/apache/xml/internal/dtm/DTMIterator
instanceKlass com/sun/org/apache/xpath/internal/axes/WalkerFactory
instanceKlass com/sun/org/apache/xml/internal/utils/XMLString
instanceKlass com/sun/org/apache/xpath/internal/compiler/Keywords
instanceKlass com/sun/org/apache/xpath/internal/compiler/OpMapVector
instanceKlass com/sun/org/apache/xpath/internal/compiler/Lexer
instanceKlass com/sun/org/apache/xml/internal/utils/ObjectVector
instanceKlass com/sun/org/apache/xpath/internal/compiler/OpMap
instanceKlass com/sun/org/apache/xpath/internal/compiler/XPathParser
instanceKlass com/sun/org/apache/xml/internal/utils/DefaultErrorHandler
instanceKlass com/sun/org/apache/xpath/internal/Expression
instanceKlass com/sun/org/apache/xpath/internal/XPathVisitable
instanceKlass com/sun/org/apache/xpath/internal/ExpressionNode
instanceKlass javax/xml/transform/SourceLocator
instanceKlass com/sun/org/apache/xpath/internal/compiler/FunctionTable
instanceKlass com/sun/org/apache/xpath/internal/XPath
instanceKlass com/sun/org/apache/xpath/internal/ExpressionOwner
# instanceKlass java/lang/invoke/LambdaForm$MH+0x0000000800bf6c00
# instanceKlass java/lang/invoke/LambdaForm$MH+0x0000000800bf6800
# instanceKlass java/lang/invoke/LambdaForm$MH+0x0000000800bf6400
# instanceKlass java/lang/invoke/LambdaForm$DMH+0x0000000800bf6000
instanceKlass com/st/stm32cube/ide/common/services/mx/jar/core/mx/plugin/PlugInInstaller$PlugInRoot
instanceKlass com/st/stm32cube/ide/common/services/mx/jar/core/mx/plugin/PlugInInstaller
instanceKlass com/st/stm32cube/ide/common/services/mx/jar/core/mx/plugin/PlugInAbstract
instanceKlass com/st/stm32cube/ide/common/services/mx/jar/core/mx/plugin/PlugInInterface
instanceKlass java/net/URLClassLoader$6
instanceKlass com/st/microxplorer/plugins/projectmanager/gui/ProjectChoiceTab$1
# instanceKlass java/lang/invoke/LambdaForm$MH+0x0000000800bf4000
instanceKlass com/st/microxplorer/plugins/projectmanager/gui/RegCallBackTable$3
instanceKlass com/st/microxplorer/plugins/projectmanager/gui/RegCallBackTable$2
instanceKlass com/st/microxplorer/plugins/projectmanager/gui/RegCallBackTable$1
instanceKlass com/st/microxplorer/plugins/projectmanager/gui/DriverTable$3
instanceKlass com/st/microxplorer/plugins/projectmanager/gui/DriverTable$2
instanceKlass com/st/microxplorer/plugins/projectmanager/gui/DriverTable$1
instanceKlass javax/swing/text/DefaultStyledDocument$ChangeUpdateRunnable
instanceKlass  @bci com/l2fprod/common/swing/LookAndFeelTweaks htmlize (Ljavax/swing/JComponent;Ljava/awt/Font;)V 16 <adapter> ; # java/lang/invoke/LambdaForm$MH+0x0000000800bef800
# instanceKlass java/lang/invoke/LambdaForm$DMH+0x0000000800bef400
instanceKlass  @bci com/l2fprod/common/swing/LookAndFeelTweaks htmlize (Ljavax/swing/JComponent;Ljava/awt/Font;)V 16 <appendix> form vmentry <vmtarget> ; # java/lang/invoke/LambdaForm$MH+0x0000000800bef000
# instanceKlass java/lang/invoke/LambdaForm$MH+0x0000000800beec00
instanceKlass  @bci com/l2fprod/common/swing/LookAndFeelTweaks htmlize (Ljavax/swing/JComponent;Ljava/awt/Font;)V 16 <appendix> form names 9 function resolvedHandle form vmentry <vmtarget> ; # java/lang/invoke/LambdaForm$DMH+0x0000000800bee800
instanceKlass  @bci com/l2fprod/common/swing/LookAndFeelTweaks htmlize (Ljavax/swing/JComponent;Ljava/awt/Font;)V 16 <appendix> argL3 form vmentry <vmtarget> ; # java/lang/invoke/LambdaForm$MH+0x0000000800bee400
# instanceKlass java/lang/invoke/LambdaForm$MH+0x0000000800bee000
# instanceKlass java/lang/invoke/LambdaForm$MH+0x0000000800bedc00
# instanceKlass java/lang/invoke/LambdaForm$MH+0x0000000800bed800
# instanceKlass java/lang/invoke/LambdaForm$MH+0x0000000800bed400
instanceKlass  @bci com/l2fprod/common/swing/LookAndFeelTweaks htmlize (Ljavax/swing/JComponent;Ljava/awt/Font;)V 16 <appendix> form names 13 function resolvedHandle form vmentry <vmtarget> ; # java/lang/invoke/LambdaForm$DMH+0x0000000800bed000
instanceKlass  @bci com/l2fprod/common/swing/LookAndFeelTweaks htmlize (Ljavax/swing/JComponent;Ljava/awt/Font;)V 16 <appendix> argL1 form vmentry <vmtarget> ; # java/lang/invoke/LambdaForm$MH+0x0000000800becc00
# instanceKlass java/lang/invoke/LambdaForm$MH+0x0000000800bec800
# instanceKlass java/lang/invoke/LambdaForm$MH+0x0000000800bec400
# instanceKlass java/lang/invoke/LambdaForm$MH+0x0000000800bec000
instanceKlass com/l2fprod/common/propertysheet/PropertySheetPanel$5
instanceKlass com/l2fprod/common/propertysheet/PropertySheetPanel$4
instanceKlass javax/swing/JComponent$ActionStandin
instanceKlass com/l2fprod/common/propertysheet/PropertySheetPanel$2
instanceKlass com/l2fprod/common/util/ResourceManager
instanceKlass com/l2fprod/common/swing/IconPool
instanceKlass com/l2fprod/common/swing/LookAndFeelTweaks
instanceKlass com/l2fprod/common/propertysheet/PropertySheetPanel$6
instanceKlass com/l2fprod/common/propertysheet/PropertySheetPanel$SelectionListener
instanceKlass com/st/microxplorer/plugins/projectmanager/gui/driver
instanceKlass com/l2fprod/common/propertysheet/AbstractProperty
instanceKlass java/beans/BeanInfo
instanceKlass com/l2fprod/common/propertysheet/PropertySheetTable$CellBorder
instanceKlass com/l2fprod/common/beans/editor/AbstractPropertyEditor
instanceKlass java/beans/PropertyEditor
instanceKlass com/l2fprod/common/model/DefaultObjectRenderer
instanceKlass com/l2fprod/common/model/ObjectRenderer
instanceKlass com/l2fprod/common/propertysheet/PropertySheetTable$CancelEditing
instanceKlass com/l2fprod/common/propertysheet/PropertySheetTableModel$Item
instanceKlass com/l2fprod/common/propertysheet/PropertyEditorRegistry
instanceKlass com/l2fprod/common/propertysheet/PropertyRendererRegistry
instanceKlass com/l2fprod/common/propertysheet/PropertySheetTableModel$NaturalOrderStringComparator
instanceKlass com/l2fprod/common/swing/ObjectTableModel
instanceKlass com/l2fprod/common/propertysheet/PropertyRendererFactory
instanceKlass com/l2fprod/common/propertysheet/PropertyEditorFactory
instanceKlass com/st/microxplorer/plugins/projectmanager/gui/CodeGenSorting$17
instanceKlass com/st/microxplorer/plugins/projectmanager/gui/CodeGenSorting$16
instanceKlass com/st/microxplorer/plugins/projectmanager/gui/CodeGenSorting$15
instanceKlass com/st/microxplorer/plugins/projectmanager/gui/CodeGenSorting$13
instanceKlass com/st/microxplorer/plugins/projectmanager/gui/CodeGenSorting$12
instanceKlass com/st/microxplorer/plugins/projectmanager/gui/CodeGenSorting$11
instanceKlass com/st/microxplorer/plugins/projectmanager/gui/CodeGenSorting$10
instanceKlass com/st/microxplorer/plugins/projectmanager/gui/CodeGenSorting$9
instanceKlass com/st/microxplorer/plugins/projectmanager/gui/CodeGenSorting$8
instanceKlass com/st/microxplorer/plugins/projectmanager/gui/CodeGenSorting$7
instanceKlass com/st/microxplorer/plugins/projectmanager/gui/CodeGenSorting$6
instanceKlass com/st/microxplorer/plugins/projectmanager/gui/CodeGenSorting$5
instanceKlass com/st/microxplorer/plugins/projectmanager/gui/CodeGenSorting$4
instanceKlass com/st/microxplorer/codegenerator/fctDefinition
instanceKlass com/st/microxplorer/plugins/projectmanager/gui/ProjectSettingsPanel$1
instanceKlass  @bci com/st/microxplorer/plugins/projectmanager/gui/CodeGenChoiceTab buildTemplateSettingsPanel ()V 225 <appendix> member <vmtarget> ; # com/st/microxplorer/plugins/projectmanager/gui/CodeGenChoiceTab$$Lambda+0x0000000800bd2fc8
instanceKlass  @bci com/st/microxplorer/plugins/projectmanager/gui/CodeGenChoiceTab buildHalSettingsPanel ()V 215 <appendix> member <vmtarget> ; # com/st/microxplorer/plugins/projectmanager/gui/CodeGenChoiceTab$$Lambda+0x0000000800bd2da8
instanceKlass  @bci com/st/microxplorer/plugins/projectmanager/gui/CodeGenChoiceTab buildHalSettingsPanel ()V 139 <appendix> member <vmtarget> ; # com/st/microxplorer/plugins/projectmanager/gui/CodeGenChoiceTab$$Lambda+0x0000000800bd2b88
instanceKlass  @bci com/st/microxplorer/plugins/projectmanager/gui/CodeGenChoiceTab buildHalSettingsPanel ()V 118 <appendix> member <vmtarget> ; # com/st/microxplorer/plugins/projectmanager/gui/CodeGenChoiceTab$$Lambda+0x0000000800bd2968
instanceKlass  @bci com/st/microxplorer/plugins/projectmanager/gui/CodeGenChoiceTab buildGeneratedFilePanel ()V 404 <appendix> member <vmtarget> ; # com/st/microxplorer/plugins/projectmanager/gui/CodeGenChoiceTab$$Lambda+0x0000000800bd2748
instanceKlass  @bci com/st/microxplorer/plugins/projectmanager/gui/CodeGenChoiceTab buildGeneratedFilePanel ()V 312 <appendix> member <vmtarget> ; # com/st/microxplorer/plugins/projectmanager/gui/CodeGenChoiceTab$$Lambda+0x0000000800bd2528
instanceKlass  @bci com/st/microxplorer/plugins/projectmanager/gui/CodeGenChoiceTab buildGeneratedFilePanel ()V 220 <appendix> member <vmtarget> ; # com/st/microxplorer/plugins/projectmanager/gui/CodeGenChoiceTab$$Lambda+0x0000000800bd2308
instanceKlass  @bci com/st/microxplorer/plugins/projectmanager/gui/CodeGenChoiceTab buildGeneratedFilePanel ()V 128 <appendix> member <vmtarget> ; # com/st/microxplorer/plugins/projectmanager/gui/CodeGenChoiceTab$$Lambda+0x0000000800bd20e8
instanceKlass  @bci com/st/microxplorer/plugins/projectmanager/gui/CodeGenChoiceTab buildFirmwareLibrarySettingsPanel ()V 335 <appendix> member <vmtarget> ; # com/st/microxplorer/plugins/projectmanager/gui/CodeGenChoiceTab$$Lambda+0x0000000800bd1ec8
# instanceKlass java/lang/invoke/LambdaForm$MH+0x0000000800bd4000
instanceKlass  @bci com/st/microxplorer/plugins/projectmanager/gui/CodeGenChoiceTab buildFirmwareLibrarySettingsPanel ()V 232 <appendix> member <vmtarget> ; # com/st/microxplorer/plugins/projectmanager/gui/CodeGenChoiceTab$$Lambda+0x0000000800bd1ca8
instanceKlass  @bci com/st/microxplorer/plugins/projectmanager/gui/CodeGenChoiceTab buildFirmwareLibrarySettingsPanel ()V 139 <appendix> member <vmtarget> ; # com/st/microxplorer/plugins/projectmanager/gui/CodeGenChoiceTab$$Lambda+0x0000000800bd1a88
instanceKlass com/st/microxplorer/plugins/projectmanager/gui/CodeGenChoiceTab$5
instanceKlass com/st/microxplorer/plugins/projectmanager/gui/CodeGenChoiceTab$4
instanceKlass com/st/microxplorer/plugins/projectmanager/gui/CodeGenChoiceTab$2
instanceKlass com/st/microxplorer/plugins/projectmanager/gui/CodeGenChoiceTab$1
instanceKlass  @bci com/st/microxplorer/plugins/projectmanager/gui/ProjectChoiceTab buildMcuFirmwarePanel ()V 655 <appendix> member <vmtarget> ; # com/st/microxplorer/plugins/projectmanager/gui/ProjectChoiceTab$$Lambda+0x0000000800bce848
instanceKlass  @bci com/st/microxplorer/plugins/projectmanager/gui/ProjectChoiceTab buildProjectSettingPanel ()V 2567 <appendix> member <vmtarget> ; # com/st/microxplorer/plugins/projectmanager/gui/ProjectChoiceTab$$Lambda+0x0000000800bce1f8
instanceKlass  @bci com/st/microxplorer/plugins/projectmanager/gui/ProjectChoiceTab buildProjectSettingPanel ()V 2403 <appendix> member <vmtarget> ; # com/st/microxplorer/plugins/projectmanager/gui/ProjectChoiceTab$$Lambda+0x0000000800bcdfd8
instanceKlass  @bci com/st/microxplorer/plugins/projectmanager/gui/ProjectChoiceTab buildProjectSettingPanel ()V 2229 <appendix> member <vmtarget> ; # com/st/microxplorer/plugins/projectmanager/gui/ProjectChoiceTab$$Lambda+0x0000000800bcddb8
instanceKlass  @bci com/st/microxplorer/plugins/projectmanager/gui/ProjectChoiceTab buildProjectSettingPanel ()V 2126 <appendix> member <vmtarget> ; # com/st/microxplorer/plugins/projectmanager/gui/ProjectChoiceTab$$Lambda+0x0000000800bcdb98
instanceKlass  @bci com/st/microxplorer/plugins/projectmanager/gui/ProjectChoiceTab buildProjectSettingPanel ()V 2110 <appendix> member <vmtarget> ; # com/st/microxplorer/plugins/projectmanager/gui/ProjectChoiceTab$$Lambda+0x0000000800bcd978
instanceKlass com/st/microxplorer/plugins/projectmanager/gui/ComboListenerWithoutFire
instanceKlass com/st/microxplorer/plugins/projectmanager/gui/ListenerForCombobox
instanceKlass com/st/microxplorer/plugins/projectmanager/gui/ProjectItemForCombo
instanceKlass com/st/microxplorer/plugins/projectmanager/gui/CEnable
instanceKlass  @bci com/st/microxplorer/plugins/projectmanager/gui/ProjectChoiceTab buildProjectSettingPanel ()V 937 <appendix> member <vmtarget> ; # com/st/microxplorer/plugins/projectmanager/gui/ProjectChoiceTab$$Lambda+0x0000000800bcbd90
instanceKlass com/st/microxplorer/plugins/projectmanager/gui/ProjectChoiceTab$19
instanceKlass com/st/microxplorer/plugins/projectmanager/gui/OpenSTLinuxSettingsPanel$3
instanceKlass com/st/microxplorer/plugins/projectmanager/gui/OpenSTLinuxSettingsPanel$2
instanceKlass com/st/microxplorer/plugins/projectmanager/gui/OpenSTLinuxSettingsPanel$1
instanceKlass com/st/microxplorer/plugins/projectmanager/util/version
instanceKlass com/st/microxplorer/plugins/projectmanager/util/toolchain
instanceKlass com/st/microxplorer/plugins/projectmanager/util/APIToolchain
instanceKlass com/l2fprod/common/propertysheet/Property
instanceKlass com/st/microxplorer/plugins/ip/freertos/customtabs/FootprintTab
instanceKlass com/st/microxplorer/plugins/ip/freertos/util/Conversion
instanceKlass com/st/microxplorer/plugins/ip/freertos/util/TabsConstants
instanceKlass com/st/microxplorer/plugins/ip/usart/gui/UsartManager
instanceKlass com/st/microxplorer/plugins/ip/spi/gui/SpiManager
instanceKlass com/st/microxplorer/plugins/ipmanager/generictreatment/model/Parameter$ParamValue
instanceKlass com/st/microxplorer/plugins/ipmanager/generictreatment/model/Parameter
instanceKlass com/st/microxplorer/plugins/ip/can/gui/CanManager
instanceKlass com/st/microxplorer/plugins/ip/gpio/model/GpioParamManager
instanceKlass com/st/microxplorer/plugins/ip/freertos/util/BackwardCompatibilityServices
instanceKlass com/st/microxplorer/plugins/ipmanager/gui/IPsOverviews$1
instanceKlass com/st/microxplorer/plugins/ipmanager/gui/BlockDiagram$1
instanceKlass com/st/microxplorer/codegenerator/SubComponent
instanceKlass com/st/microxplorer/altova/db/IP_Configs/SubComponentType$MemberElement_File$MemberElement_File_Iterator
instanceKlass com/st/microxplorer/altova/db/IP_Configs/SubComponentType$MemberElement_File
instanceKlass com/st/microxplorer/altova/db/IP_Configs/SubComponentType$MemberAttribute_ModuleName
instanceKlass com/st/microxplorer/altova/db/IP_Configs/SubComponentType$MemberAttribute_Description
instanceKlass com/st/microxplorer/altova/db/IP_Configs/SubComponentType$MemberAttribute_Cversion
instanceKlass com/st/microxplorer/altova/db/IP_Configs/SubComponentType$MemberAttribute_Cvariant
instanceKlass com/st/microxplorer/altova/db/IP_Configs/SubComponentType$MemberAttribute_Csub
instanceKlass com/st/microxplorer/altova/db/IP_Configs/RefComponentType$MemberElement_SubComponent$MemberElement_SubComponent_Iterator
instanceKlass com/st/microxplorer/altova/db/IP_Configs/RefComponentType$MemberElement_File$MemberElement_File_Iterator
instanceKlass com/st/microxplorer/codegenerator/RefComponent
instanceKlass com/st/microxplorer/altova/db/IP_Configs/RefComponentType$MemberElement_SubComponent
instanceKlass com/st/microxplorer/altova/db/IP_Configs/RefComponentType$MemberElement_File
instanceKlass com/st/microxplorer/altova/db/IP_Configs/RefComponentType$MemberAttribute_generator
instanceKlass com/st/microxplorer/altova/db/IP_Configs/RefComponentType$MemberAttribute_isDefaultVariant
instanceKlass com/st/microxplorer/altova/db/IP_Configs/RefComponentType$MemberAttribute_Capiversion
instanceKlass com/st/microxplorer/altova/db/IP_Configs/RefComponentType$MemberAttribute_Licence
instanceKlass com/st/microxplorer/altova/db/IP_Configs/RefComponentType$MemberAttribute_Url
instanceKlass com/st/microxplorer/altova/db/IP_Configs/RefComponentType$MemberAttribute_Vendor
instanceKlass com/st/microxplorer/altova/db/IP_Configs/RefComponentType$MemberAttribute_Description
instanceKlass com/st/microxplorer/altova/db/IP_Configs/RefComponentType$MemberAttribute_maxInstances
instanceKlass com/st/microxplorer/altova/db/IP_Configs/RefComponentType$MemberAttribute_Cversion
instanceKlass com/st/microxplorer/altova/db/IP_Configs/RefComponentType$MemberAttribute_Cgroup
instanceKlass com/st/microxplorer/altova/db/IP_Configs/RefComponentType$MemberAttribute_Cclass
instanceKlass com/st/microxplorer/altova/db/IP_Configs/IPType$MemberElement_RefComponent$MemberElement_RefComponent_Iterator
instanceKlass com/st/microxplorer/codegenerator/RefConfigFile
instanceKlass com/st/microxplorer/altova/db/IP_Configs/RefConfigFileType$MemberElement_Argument$MemberElement_Argument_Iterator
instanceKlass com/st/microxplorer/codegenerator/MwFile
instanceKlass com/st/microxplorer/altova/db/IP_Configs/FileType$MemberAttribute_path
instanceKlass com/st/microxplorer/altova/db/IP_Configs/FileType$MemberAttribute_src
instanceKlass com/st/microxplorer/altova/db/IP_Configs/FileType$MemberAttribute_select
instanceKlass com/st/microxplorer/altova/db/IP_Configs/FileType$MemberAttribute_attr
instanceKlass com/st/microxplorer/altova/db/IP_Configs/FileType$MemberAttribute_ComponentName
instanceKlass com/st/microxplorer/altova/db/IP_Configs/FileType$MemberAttribute_Condition
instanceKlass com/st/microxplorer/altova/db/IP_Configs/FileType$MemberAttribute_Version
instanceKlass com/st/microxplorer/altova/db/IP_Configs/FileType$MemberAttribute_Category
instanceKlass com/st/microxplorer/altova/db/IP_Configs/FileType$MemberAttribute_ExcludedFromBuild
instanceKlass com/st/microxplorer/altova/db/IP_Configs/FileType$MemberAttribute_Name
instanceKlass com/st/microxplorer/altova/db/IP_Configs/RefConfigFileType$MemberElement_Argument
instanceKlass com/st/microxplorer/altova/db/IP_Configs/RefConfigFileType$MemberElement_File
instanceKlass com/st/microxplorer/altova/db/IP_Configs/RefConfigFileType$MemberAttribute_destinationFolder
instanceKlass com/st/microxplorer/altova/db/IP_Configs/RefConfigFileType$MemberAttribute_Added
instanceKlass com/st/microxplorer/altova/db/IP_Configs/RefConfigFileType$MemberAttribute_Template
instanceKlass com/st/microxplorer/altova/db/IP_Configs/RefConfigFileType$MemberAttribute_Description
instanceKlass com/st/microxplorer/altova/db/IP_Configs/RefConfigFileType$MemberAttribute_Name
instanceKlass com/st/microxplorer/altova/db/IP_Configs/IPType$MemberElement_RefConfigFile$MemberElement_RefConfigFile_Iterator
instanceKlass com/st/microxplorer/altova/db/IP_Configs/ComponentType$MemberAttribute_Name
instanceKlass com/st/microxplorer/altova/db/IP_Configs/RefConfigType$MemberElement_Component$MemberElement_Component_Iterator
instanceKlass com/st/microxplorer/altova/db/IP_Configs/ConfigFileType$MemberAttribute_Name
instanceKlass com/st/microxplorer/altova/db/IP_Configs/RefConfigType$MemberElement_ConfigFile$MemberElement_ConfigFile_Iterator
instanceKlass com/st/microxplorer/altova/db/IP_Configs/RefConfigType$MemberElement_IFCondition$MemberElement_IFCondition_Iterator
instanceKlass com/st/microxplorer/codegenerator/Argument
instanceKlass com/st/microxplorer/altova/db/IP_Configs/ArgumentType$MemberElement_Argument
instanceKlass com/st/microxplorer/altova/db/IP_Configs/ArgumentType$MemberAttribute_RenameFileName
instanceKlass com/st/microxplorer/altova/db/IP_Configs/ArgumentType$MemberAttribute_Cast
instanceKlass com/st/microxplorer/altova/db/IP_Configs/ArgumentType$MemberAttribute_Added
instanceKlass com/st/microxplorer/altova/db/IP_Configs/ArgumentType$MemberAttribute_Condition
instanceKlass com/st/microxplorer/altova/db/IP_Configs/ArgumentType$MemberAttribute_Context
instanceKlass com/st/microxplorer/altova/db/IP_Configs/ArgumentType$MemberAttribute_ParamName
instanceKlass com/st/microxplorer/altova/db/IP_Configs/ArgumentType$MemberAttribute_Optional
instanceKlass com/st/microxplorer/altova/db/IP_Configs/ArgumentType$MemberAttribute_OptimizationCondition
instanceKlass com/st/microxplorer/altova/db/IP_Configs/ArgumentType$MemberAttribute_AddressOf
instanceKlass com/st/microxplorer/altova/db/IP_Configs/ArgumentType$MemberAttribute_ArraySize
instanceKlass com/st/microxplorer/altova/db/IP_Configs/ArgumentType$MemberAttribute_TypeName
instanceKlass com/st/microxplorer/altova/db/IP_Configs/ArgumentType$MemberAttribute_Comment
instanceKlass com/st/microxplorer/altova/db/IP_Configs/ArgumentType$MemberAttribute_GenericType
instanceKlass com/st/microxplorer/altova/db/IP_Configs/ArgumentType$MemberAttribute_Name
instanceKlass com/st/microxplorer/altova/db/IP_Configs/ArgumentType$MemberAttribute_ParmName
instanceKlass com/st/microxplorer/altova/db/IP_Configs/LibMethodType$MemberElement_Argument$MemberElement_Argument_Iterator
instanceKlass com/st/microxplorer/codegenerator/LibMethod
instanceKlass com/st/microxplorer/altova/db/IP_Configs/LibMethodType$MemberElement_Condition
instanceKlass com/st/microxplorer/altova/db/IP_Configs/LibMethodType$MemberElement_Argument
instanceKlass com/st/microxplorer/altova/db/IP_Configs/LibMethodType$MemberAttribute_isCallBackMethod
instanceKlass com/st/microxplorer/altova/db/IP_Configs/LibMethodType$MemberAttribute_Optimizable
instanceKlass com/st/microxplorer/altova/db/IP_Configs/LibMethodType$MemberAttribute_Comment
instanceKlass com/st/microxplorer/altova/db/IP_Configs/LibMethodType$MemberAttribute_Name
instanceKlass com/st/microxplorer/altova/db/IP_Configs/IPType$MemberElement_LibMethod$MemberElement_LibMethod_Iterator
instanceKlass com/st/microxplorer/altova/db/IP_Configs/CallLibMethodType$MemberElement_ReturnStatement
instanceKlass com/st/microxplorer/altova/db/IP_Configs/CallLibMethodType$MemberElement_HardCode
instanceKlass com/st/microxplorer/altova/db/IP_Configs/CallLibMethodType$MemberElement_MethodArg
instanceKlass com/st/microxplorer/altova/db/IP_Configs/CallLibMethodType$MemberAttribute_callMethod
instanceKlass com/st/microxplorer/altova/db/IP_Configs/CallLibMethodType$MemberAttribute_Phase
instanceKlass com/st/microxplorer/altova/db/IP_Configs/CallLibMethodType$MemberAttribute_ReturnHAL
instanceKlass com/st/microxplorer/altova/db/IP_Configs/CallLibMethodType$MemberAttribute_IPInitMethod
instanceKlass com/st/microxplorer/altova/db/IP_Configs/CallLibMethodType$MemberAttribute_Name
instanceKlass com/st/microxplorer/altova/db/IP_Configs/CallLibMethodType$MemberAttribute_Type
instanceKlass com/st/microxplorer/altova/db/IP_Configs/RefConfigType$MemberElement_CallLibMethod$MemberElement_CallLibMethod_Iterator
instanceKlass com/st/microxplorer/codegenerator/Config
instanceKlass com/st/microxplorer/altova/db/IP_Configs/RefConfigType$MemberElement_Defines
instanceKlass com/st/microxplorer/altova/db/IP_Configs/RefConfigType$MemberElement_BspComponent
instanceKlass com/st/microxplorer/altova/db/IP_Configs/RefConfigType$MemberElement_ConfigFile
instanceKlass com/st/microxplorer/altova/db/IP_Configs/RefConfigType$MemberElement_Component
instanceKlass com/st/microxplorer/altova/db/IP_Configs/RefConfigType$MemberElement_ImplementCallBack
instanceKlass com/st/microxplorer/altova/db/IP_Configs/RefConfigType$MemberElement_IFCondition
instanceKlass com/st/microxplorer/altova/db/IP_Configs/RefConfigType$MemberElement_CallLibMethod
instanceKlass com/st/microxplorer/altova/db/IP_Configs/RefConfigType$MemberAttribute_Comment
instanceKlass com/st/microxplorer/altova/db/IP_Configs/RefConfigType$MemberAttribute_RespectOrder
instanceKlass com/st/microxplorer/altova/db/IP_Configs/RefConfigType$MemberAttribute_Name
instanceKlass com/st/microxplorer/altova/db/IP_Configs/IPType$MemberElement_RefConfig$MemberElement_RefConfig_Iterator
instanceKlass com/st/microxplorer/altova/db/IP_Configs/IPType$MemberElement_RefBspComponent
instanceKlass com/st/microxplorer/altova/db/IP_Configs/IPType$MemberElement_RefConfigFile
instanceKlass com/st/microxplorer/altova/db/IP_Configs/IPType$MemberElement_RefComponent
instanceKlass com/st/microxplorer/altova/db/IP_Configs/IPType$MemberElement_LibMethod
instanceKlass com/st/microxplorer/altova/db/IP_Configs/IPType$MemberElement_RefConfig
instanceKlass com/st/microxplorer/altova/db/IP_Configs/IPType$MemberAttribute_usedHierachicalGroup
instanceKlass com/st/microxplorer/altova/db/IP_Configs/IPType$MemberAttribute_RootFolder
instanceKlass com/st/microxplorer/altova/db/IP_Configs/IPType$MemberAttribute_CodeTemplate
instanceKlass com/st/microxplorer/altova/db/IP_Configs/IPType$MemberAttribute_IncludeFile
instanceKlass com/st/microxplorer/altova/db/IP_Configs/IPType$MemberAttribute_Version
instanceKlass com/st/microxplorer/altova/db/IP_Configs/IPType$MemberAttribute_DBVersion
instanceKlass com/st/microxplorer/altova/db/IP_Configs/IPType$MemberAttribute_Name
instanceKlass com/st/microxplorer/altova/db/IP_Configs/IP_Configs2$MemberElement_RefConfigFile
instanceKlass com/st/microxplorer/altova/db/IP_Configs/IP_Configs2$MemberElement_RefConfig
instanceKlass com/st/microxplorer/altova/db/IP_Configs/IP_Configs2$MemberElement_RefComponent
instanceKlass com/st/microxplorer/altova/db/IP_Configs/IP_Configs2$MemberElement_RefBspComponent
instanceKlass com/st/microxplorer/altova/db/IP_Configs/IP_Configs2$MemberElement_LibMethod
instanceKlass com/st/microxplorer/altova/db/IP_Configs/IP_Configs2$MemberElement_IP
instanceKlass com/st/microxplorer/altova/db/IP_Configs/IP_Configs2$MemberElement_IFCondition
instanceKlass com/st/microxplorer/altova/db/IP_Configs/IP_Configs2$MemberElement_File
instanceKlass com/st/microxplorer/altova/db/IP_Configs/IP_Configs2$MemberElement_CallLibMethod
instanceKlass com/st/microxplorer/altova/db/IP_Configs/IP_Configs_TypeInfo$MemberInfoCreator
instanceKlass com/altova/xml/XsValidation$FacetCheck_hexBinary_maxLength
instanceKlass com/altova/xml/XsValidation$FacetCheck_hexBinary_minLength
instanceKlass com/altova/xml/XsValidation$FacetCheck_hexBinary_length
instanceKlass com/altova/xml/XsValidation$FacetCheck_string_enumeration
instanceKlass com/altova/xml/XsValidation$FacetCheck_string_maxLength
instanceKlass com/altova/xml/XsValidation$FacetCheck_string_minLength
instanceKlass com/altova/xml/XsValidation$FacetCheck_string_length
instanceKlass com/altova/xml/XsValidation$FacetCheck_Success
instanceKlass com/altova/typeinfo/FacetCheckInterface
instanceKlass com/altova/xml/XsValidation
instanceKlass com/st/microxplorer/altova/db/IP_Configs/IP_Configs_TypeInfo$TypeInfoCreator
instanceKlass com/st/microxplorer/altova/db/IP_Configs/IP_Configs_TypeInfo$InfoBinder
instanceKlass com/st/microxplorer/altova/db/IP_Configs/IP_Configs_TypeInfo
instanceKlass com/st/microxplorer/altova/db/IP_Configs/IP_Configs2$MemberElement_Argument
instanceKlass com/st/microxplorer/db/ApiDbIPConfig
instanceKlass  @bci com/st/microxplorer/plugins/power/gui/powerout/PowerOutPanel checkCurrentSequence ()V 165 <adapter> ; # java/lang/invoke/LambdaForm$MH+0x0000000800b9ec00
# instanceKlass java/lang/invoke/LambdaForm$DMH+0x0000000800b9e800
instanceKlass  @bci com/st/microxplorer/plugins/power/gui/powerout/PowerOutPanel checkCurrentSequence ()V 165 <appendix> form vmentry <vmtarget> ; # java/lang/invoke/LambdaForm$MH+0x0000000800b9e400
# instanceKlass java/lang/invoke/LambdaForm$MH+0x0000000800b9e000
instanceKlass  @bci com/st/microxplorer/plugins/power/gui/powerout/PowerOutPanel checkCurrentSequence ()V 165 <appendix> form names 17 function resolvedHandle form vmentry <vmtarget> ; # java/lang/invoke/LambdaForm$DMH+0x0000000800b9dc00
instanceKlass  @bci com/st/microxplorer/plugins/power/gui/powerout/PowerOutPanel checkCurrentSequence ()V 165 <appendix> argL5 form vmentry <vmtarget> ; # java/lang/invoke/LambdaForm$MH+0x0000000800b9d800
# instanceKlass java/lang/invoke/LambdaForm$MH+0x0000000800b9d400
# instanceKlass java/lang/invoke/LambdaForm$MH+0x0000000800b9d000
# instanceKlass java/lang/invoke/LambdaForm$MH+0x0000000800b9cc00
# instanceKlass java/lang/invoke/LambdaForm$MH+0x0000000800b9c800
# instanceKlass java/lang/invoke/LambdaForm$MH+0x0000000800b9c400
# instanceKlass java/lang/invoke/LambdaForm$MH+0x0000000800b9c000
instanceKlass org/jfree/chart/plot/PlotRenderingInfo
instanceKlass org/jfree/chart/entity/StandardEntityCollection
instanceKlass java/awt/print/PageFormat
instanceKlass org/jfree/chart/ChartMouseListener
instanceKlass org/jfree/chart/panel/Overlay
instanceKlass org/jfree/chart/ChartRenderingInfo
instanceKlass java/awt/datatransfer/Transferable
instanceKlass org/jfree/chart/annotations/XYAnnotationBoundsInfo
instanceKlass org/jfree/ui/Layer
instanceKlass org/jfree/chart/annotations/AbstractXYAnnotation
instanceKlass org/jfree/data/xy/XYDataItem
instanceKlass  @bci sun/util/locale/provider/JRELocaleProviderAdapter getDateFormatProvider ()Ljava/text/spi/DateFormatProvider; 8 <appendix> member <vmtarget> ; # sun/util/locale/provider/JRELocaleProviderAdapter$$Lambda+0x0000000800b632f8
instanceKlass org/jfree/chart/block/LineBorder
instanceKlass org/jfree/ui/RectangleAnchor
instanceKlass org/jfree/chart/block/BlockBorder
instanceKlass org/jfree/chart/block/ColumnArrangement
instanceKlass org/jfree/chart/block/FlowArrangement
instanceKlass org/jfree/ui/VerticalAlignment
instanceKlass org/jfree/ui/HorizontalAlignment
instanceKlass org/jfree/ui/RectangleEdge
instanceKlass org/jfree/chart/entity/EntityCollection
instanceKlass org/jfree/chart/block/Arrangement
instanceKlass org/jfree/base/AbstractBoot
instanceKlass org/jfree/base/modules/SubSystem
instanceKlass org/jfree/base/BasicProjectInfo$OptionalLibraryHolder
instanceKlass org/jfree/util/ResourceBundleWrapper
instanceKlass org/jfree/JCommon
instanceKlass org/jfree/ui/about/Contributor
instanceKlass org/jfree/ui/about/Licences
instanceKlass  @bci java/util/ResourceBundle$Control newBundle0 (Ljava/lang/String;Ljava/lang/String;Ljava/lang/ClassLoader;Z)Ljava/util/ResourceBundle; 172 <appendix> member <vmtarget> ; # java/util/ResourceBundle$Control$$Lambda+0x0000000800b630d8
instanceKlass java/util/ResourceBundle$Control$1
instanceKlass org/jfree/chart/block/BlockFrame
instanceKlass org/jfree/base/Library
instanceKlass org/jfree/chart/labels/AbstractXYItemLabelGenerator
instanceKlass org/jfree/data/xy/XYRangeInfo
instanceKlass org/jfree/chart/axis/AxisLocation
instanceKlass org/jfree/data/xy/XYDomainInfo
instanceKlass org/jfree/data/statistics/BoxAndWhiskerCategoryDataset
instanceKlass org/jfree/data/xy/OHLCDataset
instanceKlass org/jfree/data/general/DatasetUtilities
instanceKlass org/jfree/chart/plot/SeriesRenderingOrder
instanceKlass org/jfree/chart/plot/DatasetRenderingOrder
instanceKlass org/jfree/chart/util/ResourceBundleWrapper
instanceKlass org/jfree/text/TextMeasurer
instanceKlass org/jfree/chart/labels/StandardXYSeriesLabelGenerator
instanceKlass org/jfree/ui/TextAnchor
instanceKlass org/jfree/chart/labels/ItemLabelAnchor
instanceKlass org/jfree/chart/labels/ItemLabelPosition
instanceKlass org/jfree/util/AbstractObjectList
instanceKlass org/jfree/chart/renderer/RendererState
instanceKlass org/jfree/chart/labels/XYSeriesLabelGenerator
instanceKlass org/jfree/chart/event/ChartChangeEventType
instanceKlass org/jfree/data/RangeType
instanceKlass org/jfree/chart/axis/TickUnits
instanceKlass org/jfree/ui/GradientPaintTransformer
instanceKlass org/jfree/chart/labels/CategorySeriesLabelGenerator
instanceKlass org/jfree/chart/Effect3D
instanceKlass org/jfree/chart/renderer/xy/GradientXYBarPainter
instanceKlass org/jfree/chart/renderer/category/GradientBarPainter
instanceKlass org/jfree/chart/plot/PieLabelLinkStyle
instanceKlass java/awt/Polygon
instanceKlass org/jfree/chart/plot/DefaultDrawingSupplier
instanceKlass org/jfree/util/UnitType
instanceKlass org/jfree/ui/RectangleInsets
instanceKlass org/jfree/data/Range
instanceKlass org/jfree/chart/axis/TickUnitSource
instanceKlass org/jfree/chart/axis/TickUnit
instanceKlass java/awt/font/LineMetrics
instanceKlass org/jfree/chart/entity/ChartEntity
instanceKlass org/jfree/chart/plot/DrawingSupplier
instanceKlass org/jfree/chart/StandardChartTheme
instanceKlass org/jfree/chart/renderer/PolarItemRenderer
instanceKlass org/jfree/chart/block/AbstractBlock
instanceKlass org/jfree/chart/block/Block
instanceKlass org/jfree/chart/labels/PieSectionLabelGenerator
instanceKlass org/jfree/chart/plot/Marker
instanceKlass org/jfree/chart/urls/CategoryURLGenerator
instanceKlass org/jfree/chart/labels/CategoryToolTipGenerator
instanceKlass org/jfree/chart/renderer/xy/XYBarPainter
instanceKlass org/jfree/chart/renderer/category/BarPainter
instanceKlass org/jfree/chart/urls/PieURLGenerator
instanceKlass org/jfree/chart/labels/PieToolTipGenerator
instanceKlass org/jfree/chart/renderer/xy/XYItemRenderer
instanceKlass org/jfree/chart/urls/XYURLGenerator
instanceKlass org/jfree/chart/ChartTheme
instanceKlass org/jfree/chart/ChartFactory
instanceKlass org/jfree/chart/plot/PlotOrientation
instanceKlass org/jfree/data/xy/IntervalXYDelegate
instanceKlass org/jfree/data/general/DatasetGroup
instanceKlass org/jfree/data/general/AbstractDataset
instanceKlass org/jfree/data/general/SeriesChangeListener
instanceKlass org/jfree/data/RangeInfo
instanceKlass org/jfree/data/DomainInfo
instanceKlass org/jfree/data/xy/IntervalXYDataset
instanceKlass org/jfree/data/general/Series
instanceKlass  @bci com/st/microxplorer/plugins/ip/spi/gui/SpiManager valueHelpString (ILjava/lang/String;)Ljava/lang/String; 52 <appendix> form vmentry <vmtarget> ; # java/lang/invoke/LambdaForm$MH+0x0000000800b5d000
# instanceKlass java/lang/invoke/LambdaForm$MH+0x0000000800b5cc00
instanceKlass org/jdesktop/swingx/HorizontalLayout
instanceKlass com/st/microxplorer/plugins/power/util/UserBatteryFile
instanceKlass com/st/microxplorer/plugins/power/ss/powerdashboard/model/stepproperty/StepPropertyBuilder
instanceKlass com/st/microxplorer/plugins/power/ss/powerdashboard/model/stepproperty/StepPropertyFactory
instanceKlass com/st/microxplorer/plugins/power/util/Calculation
instanceKlass com/st/microxplorer/plugins/power/ss/powerdashboard/model/stepproperty/StepProperty
instanceKlass  @bci com/st/microxplorer/plugins/power/util/ConversionUnit frequencyStringConversion (I)Ljava/lang/String; 48 <appendix> form vmentry <vmtarget> ; # java/lang/invoke/LambdaForm$MH+0x0000000800b5c800
instanceKlass com/st/microxplorer/plugins/power/util/ConversionUnit
instanceKlass com/st/microxplorer/plugins/power/util/Compute
instanceKlass com/st/microxplorer/plugins/power/ss/powerdashboard/model/WelcomeUseCase
instanceKlass org/jdesktop/swingx/plaf/basic/BasicTaskPaneUI$2
instanceKlass com/st/microxplorer/plugins/power/gui/parameterpanel/BatterySelectorWindow$3
instanceKlass com/st/microxplorer/plugins/power/gui/parameterpanel/BatterySelectorWindow$7
instanceKlass com/st/microxplorer/plugins/power/gui/parameterpanel/BatterySelectorWindow$8
# instanceKlass java/lang/invoke/LambdaForm$DMH+0x0000000800b5c400
# instanceKlass java/lang/invoke/LambdaForm$MH+0x0000000800b5c000
instanceKlass javax/swing/JTable$ModelChange
instanceKlass org/jaxen/expr/DefaultPredicate
instanceKlass org/jaxen/expr/EqualityExpr
instanceKlass javax/swing/DefaultRowSorter$Row
instanceKlass javax/swing/RowSorter$SortKey
instanceKlass com/st/microxplorer/plugins/power/mcu/powerresource/BatteryTable$1
instanceKlass com/st/microxplorer/plugins/power/gui/parameterpanel/BatterySelectorWindow$1
instanceKlass com/st/microxplorer/plugins/power/gui/parameterpanel/BatterySelectorWindow$2
instanceKlass com/st/microxplorer/plugins/power/gui/parameterpanel/BatterySelectorWindow$4
instanceKlass com/st/microxplorer/plugins/power/gui/parameterpanel/BatterySelectorWindow$5
instanceKlass com/st/microxplorer/plugins/power/gui/parameterpanel/BatterySelectorWindow$6
instanceKlass javax/swing/plaf/basic/BasicSliderUI$PropertyChangeHandler
instanceKlass javax/swing/plaf/basic/BasicSliderUI$ScrollListener
instanceKlass javax/swing/plaf/basic/BasicSliderUI$Handler
instanceKlass javax/swing/JSlider$ModelListener
instanceKlass com/st/microxplorer/plugins/power/ss/powerdashboard/view/ConfigurableDashboardLine
instanceKlass com/st/microxplorer/plugins/power/ss/powerdashboard/view/View
instanceKlass com/st/microxplorer/plugins/power/ss/powerdashboard/controler/Controller$12
instanceKlass com/st/microxplorer/plugins/power/ss/powerdashboard/controler/Controller$11
instanceKlass com/st/microxplorer/plugins/power/ss/powerdashboard/controler/Controller$10
instanceKlass com/st/microxplorer/plugins/power/ss/powerdashboard/controler/Controller$9
instanceKlass com/st/microxplorer/plugins/power/ss/powerdashboard/controler/Controller$8
instanceKlass com/st/microxplorer/plugins/power/ss/powerdashboard/controler/Controller$7
instanceKlass com/st/microxplorer/plugins/power/ss/powerdashboard/controler/Controller$6
instanceKlass com/st/microxplorer/plugins/power/ss/powerdashboard/controler/Controller$5
instanceKlass com/st/microxplorer/plugins/power/ss/powerdashboard/controler/Controller$4
instanceKlass com/st/microxplorer/plugins/power/ss/powerdashboard/controler/Controller$3
instanceKlass com/st/microxplorer/plugins/power/ss/powerdashboard/controler/Controller$2
instanceKlass com/st/microxplorer/plugins/power/ss/powerdashboard/controler/Controller$1
instanceKlass com/st/microxplorer/plugins/power/ss/powerdashboard/controler/Controller
instanceKlass com/st/microxplorer/plugins/power/ss/powerdashboard/model/SectionLine
instanceKlass com/st/microxplorer/plugins/power/ss/util/SsConstant
instanceKlass com/st/microxplorer/plugins/power/ss/powerdashboard/model/InputForSmartService
instanceKlass com/st/microxplorer/plugins/power/ss/powerdashboard/model/WelcomeSection
instanceKlass com/st/microxplorer/plugins/power/ss/powerdashboard/model/Model
instanceKlass javax/swing/plaf/basic/BasicSpinnerUI$Handler
instanceKlass javax/swing/JSpinner$ModelListener
instanceKlass javax/swing/text/NavigationFilter$FilterBypass
instanceKlass javax/swing/text/NavigationFilter
instanceKlass javax/swing/text/DocumentFilter
instanceKlass javax/swing/JFormattedTextField$AbstractFormatterFactory
instanceKlass  @bci sun/util/locale/provider/JRELocaleProviderAdapter getCurrencyNameProvider ()Ljava/util/spi/CurrencyNameProvider; 8 <appendix> member <vmtarget> ; # sun/util/locale/provider/JRELocaleProviderAdapter$$Lambda+0x0000000800979aa0
instanceKlass java/util/Currency$CurrencyNameGetter
instanceKlass javax/swing/JFormattedTextField$DocumentHandler
instanceKlass javax/swing/JSpinner$DisabledAction
instanceKlass javax/swing/AbstractSpinnerModel
instanceKlass com/st/microxplorer/plugins/power/gui/parameterpanel/PowerParameterPanel$4
instanceKlass com/st/microxplorer/plugins/power/gui/parameterpanel/PowerParameterPanel$15
instanceKlass com/st/microxplorer/plugins/power/gui/parameterpanel/PowerParameterPanel$14
instanceKlass com/st/microxplorer/plugins/power/gui/parameterpanel/PowerParameterPanel$13
instanceKlass com/st/microxplorer/plugins/power/gui/parameterpanel/PowerParameterPanel$12
instanceKlass com/st/microxplorer/plugins/power/gui/parameterpanel/PowerParameterPanel$11
instanceKlass com/st/microxplorer/plugins/power/gui/parameterpanel/PowerParameterPanel$10
instanceKlass com/st/microxplorer/plugins/power/gui/parameterpanel/PowerParameterPanel$9
instanceKlass com/st/microxplorer/plugins/power/gui/parameterpanel/PowerParameterPanel$8
instanceKlass com/st/microxplorer/plugins/power/gui/parameterpanel/PowerParameterPanel$7
instanceKlass com/st/microxplorer/plugins/power/gui/parameterpanel/PowerParameterPanel$6
instanceKlass java/util/TimerTask
instanceKlass com/st/microxplorer/plugins/power/gui/parameterpanel/PowerParameterPanel$5
instanceKlass com/st/microxplorer/plugins/power/gui/parameterpanel/PowerParameterPanel$2
instanceKlass javax/swing/SpinnerModel
instanceKlass org/jfree/chart/plot/Plot
instanceKlass org/jfree/chart/event/MarkerChangeListener
instanceKlass org/jfree/data/general/DatasetChangeListener
instanceKlass org/jfree/chart/event/AxisChangeListener
instanceKlass org/jfree/chart/event/RendererChangeListener
instanceKlass org/jfree/chart/plot/Zoomable
instanceKlass org/jfree/chart/plot/Pannable
instanceKlass org/jfree/chart/plot/ValueAxisPlot
instanceKlass org/jfree/chart/LegendItemCollection
instanceKlass org/jfree/chart/renderer/AbstractRenderer
instanceKlass org/jfree/util/PublicCloneable
instanceKlass org/jfree/data/category/CategoryDataset
instanceKlass org/jfree/data/KeyedValues2D
instanceKlass org/jfree/data/Values2D
instanceKlass org/jfree/chart/labels/CategoryItemLabelGenerator
instanceKlass org/jfree/data/general/PieDataset
instanceKlass org/jfree/data/KeyedValues
instanceKlass org/jfree/data/Values
instanceKlass org/jfree/chart/renderer/category/CategoryItemRenderer
instanceKlass org/jfree/chart/LegendItemSource
instanceKlass org/jfree/chart/axis/Axis
instanceKlass org/jfree/chart/annotations/XYAnnotation
instanceKlass org/jfree/chart/labels/XYToolTipGenerator
instanceKlass org/jfree/data/xy/XYDataset
instanceKlass org/jfree/data/general/SeriesDataset
instanceKlass org/jfree/data/general/Dataset
instanceKlass  @bci com/st/microxplorer/plugins/power/gui/powerout/PowerOutPanel buildDisplayPanel ()V 221 <appendix> form vmentry <vmtarget> ; # java/lang/invoke/LambdaForm$MH+0x0000000800b42400
# instanceKlass java/lang/invoke/LambdaForm$MH+0x0000000800b42000
# instanceKlass java/lang/invoke/LambdaForm$MH+0x0000000800b41c00
# instanceKlass java/lang/invoke/LambdaForm$MH+0x0000000800b41800
# instanceKlass java/lang/invoke/LambdaForm$MH+0x0000000800b41400
# instanceKlass java/lang/invoke/LambdaForm$MH+0x0000000800b41000
# instanceKlass java/lang/invoke/LambdaForm$MH+0x0000000800b40c00
# instanceKlass java/lang/invoke/LambdaForm$MH+0x0000000800b40800
# instanceKlass java/lang/invoke/LambdaForm$MH+0x0000000800b40400
instanceKlass com/st/microxplorer/plugins/power/util/UndoRedoManager
instanceKlass com/st/microxplorer/plugins/power/util/UserPreferences$1
instanceKlass com/st/microxplorer/plugins/power/util/UserPreferences
# instanceKlass java/lang/invoke/LambdaForm$MH+0x0000000800b40000
instanceKlass com/st/microxplorer/plugins/power/mcu/sequencetable/AbstractSequenceTable$2
instanceKlass com/st/microxplorer/plugins/power/util/Constant
instanceKlass com/st/microxplorer/plugins/power/ss/powerdashboard/model/SequenceProperty
instanceKlass com/st/microxplorer/plugins/power/mcu/powerstep/AbstractPowerStep
instanceKlass com/st/microxplorer/plugins/power/mcu/sequencetable/SequenceTableFactory
instanceKlass com/st/microxplorer/plugins/power/util/GraphicalSetting
instanceKlass com/st/microxplorer/plugins/power/gui/common/BorderedPanel
instanceKlass com/st/microxplorer/plugins/power/gui/powerout/ResultsDisplayType
instanceKlass com/st/microxplorer/plugins/power/mcu/SequenceFileProperties
instanceKlass com/st/microxplorer/plugins/power/gui/powerout/PowerOutPanel$30
instanceKlass com/st/microxplorer/plugins/power/gui/powerout/PowerOutPanel$29
instanceKlass com/st/microxplorer/plugins/power/gui/powerout/PowerOutPanel$28
instanceKlass com/st/microxplorer/plugins/power/gui/powerout/PowerOutPanel$27
instanceKlass com/st/microxplorer/plugins/power/gui/powerout/PowerOutPanel$26
instanceKlass com/st/microxplorer/plugins/power/gui/powerout/PowerOutPanel$25
instanceKlass com/st/microxplorer/plugins/power/gui/powerout/PowerOutPanel$24
instanceKlass com/st/microxplorer/plugins/power/gui/powerout/PowerOutPanel$23
instanceKlass com/st/microxplorer/plugins/power/gui/powerout/PowerOutPanel$22
instanceKlass com/st/microxplorer/plugins/power/gui/powerout/PowerOutPanel$20
instanceKlass com/st/microxplorer/plugins/power/gui/powerout/PowerOutPanel$19
instanceKlass com/st/microxplorer/plugins/power/gui/powerout/PowerOutPanel$18
instanceKlass com/st/microxplorer/plugins/power/gui/powerout/PowerOutPanel$17
instanceKlass com/st/microxplorer/plugins/power/gui/powerout/PowerOutPanel$16
instanceKlass com/st/microxplorer/plugins/power/gui/powerout/PowerOutPanel$15
instanceKlass com/st/microxplorer/plugins/power/gui/powerout/PowerOutPanel$14
instanceKlass com/st/microxplorer/plugins/power/gui/powerout/PowerOutPanel$13
instanceKlass com/st/microxplorer/plugins/power/gui/powerout/PowerOutPanel$12
instanceKlass com/st/microxplorer/plugins/power/gui/powerout/PowerOutPanel$11
instanceKlass com/st/microxplorer/plugins/power/gui/powerout/PowerOutPanel$10
instanceKlass com/st/microxplorer/plugins/power/gui/powerout/PowerOutPanel$9
instanceKlass org/jfree/chart/JFreeChart
instanceKlass org/jfree/chart/event/PlotChangeListener
instanceKlass org/jfree/chart/event/TitleChangeListener
instanceKlass org/jfree/ui/Drawable
instanceKlass java/awt/print/Printable
instanceKlass org/jfree/chart/event/OverlayChangeListener
instanceKlass org/jfree/chart/event/ChartProgressListener
instanceKlass org/jfree/chart/event/ChartChangeListener
instanceKlass com/st/microxplorer/plugins/power/api/DieDatasheet
instanceKlass com/st/microxplorer/plugins/power/mcu/DatasheetList
instanceKlass com/st/microxplorer/plugins/power/api/DieConsumption
instanceKlass com/st/microxplorer/plugins/power/api/DiePeripheralPowerModes
instanceKlass com/st/microxplorer/plugins/power/api/DiePeripheralConsumption
instanceKlass com/st/microxplorer/plugins/power/api/DiePeripheral
instanceKlass com/st/microxplorer/plugins/power/mcu/PeripheralList
instanceKlass com/st/microxplorer/plugins/power/mcu/AbstractUseCase
instanceKlass com/st/microxplorer/plugins/power/mcu/usecaselist/UseCaseList
instanceKlass com/st/microxplorer/plugins/power/mcu/usecaselist/IUseCaseList
instanceKlass com/st/microxplorer/plugins/power/mcu/usecaselist/UseCaseListFactory
instanceKlass com/st/microxplorer/plugins/power/api/AllSeriesSeries
instanceKlass com/st/microxplorer/plugins/power/api/SmpsCondition
instanceKlass com/st/microxplorer/plugins/power/api/SmpsMode
instanceKlass com/st/microxplorer/plugins/power/api/AllSeriesDatasheets
instanceKlass com/st/microxplorer/plugins/power/api/AllSeriesDie
instanceKlass com/st/microxplorer/plugins/power/api/AllSeriesLine
instanceKlass com/st/microxplorer/plugins/power/api/AllSeriesOperatingPowerMode
instanceKlass com/st/microxplorer/plugins/power/api/AllSeriesWakeUpTimes
instanceKlass com/st/microxplorer/plugins/power/api/AllSeriesWakeUp
instanceKlass com/st/microxplorer/plugins/power/api/AllSeriesPowerMode
instanceKlass org/jaxen/util/FollowingSiblingAxisIterator
instanceKlass org/jaxen/jdom/XPathNamespace
instanceKlass org/jaxen/expr/NodeComparator
instanceKlass org/jaxen/JaxenConstants
instanceKlass org/jaxen/expr/IdentitySet$IdentityWrapper
instanceKlass org/jaxen/util/SingleObjectIterator
instanceKlass org/jaxen/util/DescendantAxisIterator
instanceKlass org/jaxen/expr/IdentitySet
instanceKlass org/jaxen/Context
instanceKlass org/jaxen/SimpleVariableContext
instanceKlass org/jaxen/function/ext/EndsWithFunction
instanceKlass org/jaxen/function/ext/LocaleFunctionSupport
instanceKlass org/jaxen/function/ext/EvaluateFunction
instanceKlass org/jaxen/function/xslt/DocumentFunction
instanceKlass org/jaxen/function/TranslateFunction
instanceKlass org/jaxen/function/TrueFunction
instanceKlass org/jaxen/function/SumFunction
instanceKlass org/jaxen/function/SubstringFunction
instanceKlass org/jaxen/function/SubstringBeforeFunction
instanceKlass org/jaxen/function/SubstringAfterFunction
instanceKlass org/jaxen/function/StringLengthFunction
instanceKlass org/jaxen/function/StringFunction
instanceKlass org/jaxen/function/StartsWithFunction
instanceKlass org/jaxen/function/RoundFunction
instanceKlass org/jaxen/function/PositionFunction
instanceKlass org/jaxen/function/NumberFunction
instanceKlass org/jaxen/function/NotFunction
instanceKlass org/jaxen/function/NormalizeSpaceFunction
instanceKlass org/jaxen/function/NamespaceUriFunction
instanceKlass org/jaxen/function/NameFunction
instanceKlass org/jaxen/function/LocalNameFunction
instanceKlass org/jaxen/function/LastFunction
instanceKlass org/jaxen/function/LangFunction
instanceKlass org/jaxen/function/IdFunction
instanceKlass org/jaxen/function/FloorFunction
instanceKlass org/jaxen/function/FalseFunction
instanceKlass org/jaxen/function/CountFunction
instanceKlass org/jaxen/function/ContainsFunction
instanceKlass org/jaxen/function/ConcatFunction
instanceKlass org/jaxen/function/CeilingFunction
instanceKlass org/jaxen/QualifiedName
instanceKlass org/jaxen/function/BooleanFunction
instanceKlass org/jaxen/Function
instanceKlass org/jaxen/SimpleFunctionContext
instanceKlass org/jaxen/FunctionContext
instanceKlass org/jaxen/ContextSupport
instanceKlass org/jaxen/SimpleNamespaceContext
instanceKlass org/jaxen/expr/DefaultXPathExpr
instanceKlass org/jaxen/expr/NameStep
instanceKlass org/jaxen/saxpath/base/Verifier
instanceKlass org/jaxen/expr/PredicateSet
instanceKlass org/jaxen/expr/DefaultStep
instanceKlass org/jaxen/expr/AllNodeStep
instanceKlass org/jaxen/expr/DefaultExpr
instanceKlass org/jaxen/saxpath/base/Token
instanceKlass org/jaxen/saxpath/base/XPathLexer
instanceKlass org/jaxen/expr/PathExpr
instanceKlass org/jaxen/expr/XPathExpr
instanceKlass org/jaxen/expr/FilterExpr
instanceKlass org/jaxen/expr/Predicate
instanceKlass org/jaxen/expr/LocationPath
instanceKlass org/jaxen/expr/FunctionCallExpr
instanceKlass org/jaxen/expr/UnionExpr
instanceKlass org/jaxen/expr/NumberExpr
instanceKlass org/jaxen/expr/iter/IterableAxis
instanceKlass org/jaxen/expr/LiteralExpr
instanceKlass org/jaxen/expr/BinaryExpr
instanceKlass org/jaxen/expr/VariableReferenceExpr
instanceKlass org/jaxen/expr/Expr
instanceKlass org/jaxen/expr/Step
instanceKlass org/jaxen/expr/DefaultXPathFactory
instanceKlass org/jaxen/expr/Predicated
instanceKlass org/jaxen/expr/XPathFactory
instanceKlass org/jaxen/JaxenHandler
instanceKlass org/jaxen/saxpath/helpers/DefaultXPathHandler
instanceKlass org/jaxen/saxpath/base/XPathReader
instanceKlass org/jaxen/saxpath/XPathReader
instanceKlass org/jaxen/saxpath/SAXPathEventSource
instanceKlass org/jaxen/saxpath/helpers/XPathReaderFactory
instanceKlass org/jaxen/jdom/DocumentNavigator$Singleton
instanceKlass org/jaxen/DefaultNavigator
instanceKlass org/jaxen/NamedAccessNavigator
instanceKlass org/jaxen/Navigator
instanceKlass org/jaxen/VariableContext
instanceKlass org/jaxen/saxpath/XPathHandler
instanceKlass org/jaxen/BaseXPath
instanceKlass org/jaxen/XPath
instanceKlass org/jaxen/NamespaceContext
instanceKlass org/jdom/xpath/XPath
instanceKlass com/st/microxplorer/plugins/power/api/APISeries
instanceKlass com/st/microxplorer/plugins/power/api/APIDie
instanceKlass com/st/microxplorer/plugins/power/api/APISmps
instanceKlass com/st/microxplorer/plugins/power/api/APIBattery
instanceKlass com/st/microxplorer/plugins/power/api/APIConsumption
instanceKlass com/st/microxplorer/plugins/power/mcu/PowerInfo
instanceKlass com/st/microxplorer/plugins/power/mcu/PowerSmps
instanceKlass com/st/microxplorer/plugins/power/mcu/PowerBattery
instanceKlass jdk/internal/math/FormattedFPDecimal
instanceKlass com/st/microxplorer/plugins/clock/gui/ClockTreeUI$ElementSave
instanceKlass com/st/microxplorer/plugins/clock/gui/ClockTreeUI$ClockConfig
instanceKlass com/st/microxplorer/plugins/clock/gui/DistinctValsSourceUI
instanceKlass com/st/microxplorer/plugins/clock/gui/PixelClockSourceUI
instanceKlass com/st/microxplorer/plugins/clock/gui/FractionalUI
instanceKlass com/sun/imageio/stream/CloseableDisposerRecord
instanceKlass com/st/microxplorer/plugins/clock/gui/TButtonUI$1
instanceKlass com/st/microxplorer/plugins/clock/gui/TButtonUI
instanceKlass com/st/microxplorer/plugins/clock/gui/LabelUI
instanceKlass  @bci com/st/microxplorer/plugins/clock/gui/VariedSourceUI updateVariedSourceUI ()V 83 <adapter> ; # java/lang/invoke/LambdaForm$MH+0x0000000800b13800
# instanceKlass java/lang/invoke/LambdaForm$DMH+0x0000000800b13400
instanceKlass  @bci com/st/microxplorer/plugins/clock/gui/VariedSourceUI updateVariedSourceUI ()V 83 <appendix> form vmentry <vmtarget> ; # java/lang/invoke/LambdaForm$MH+0x0000000800b13000
# instanceKlass java/lang/invoke/LambdaForm$MH+0x0000000800b12c00
instanceKlass  @bci com/st/microxplorer/plugins/clock/gui/VariedSourceUI updateVariedSourceUI ()V 83 <appendix> form names 7 function resolvedHandle form vmentry <vmtarget> ; # java/lang/invoke/LambdaForm$DMH+0x0000000800b12800
instanceKlass  @bci com/st/microxplorer/plugins/clock/gui/VariedSourceUI updateVariedSourceUI ()V 83 <appendix> argL3 form vmentry <vmtarget> ; # java/lang/invoke/LambdaForm$MH+0x0000000800b12400
# instanceKlass java/lang/invoke/LambdaForm$MH+0x0000000800b12000
# instanceKlass java/lang/invoke/LambdaForm$MH+0x0000000800b11c00
# instanceKlass java/lang/invoke/LambdaForm$MH+0x0000000800b11800
# instanceKlass java/lang/invoke/LambdaForm$MH+0x0000000800b11400
instanceKlass  @bci com/st/microxplorer/plugins/clock/gui/VariedSourceUI updateVariedSourceUI ()V 83 <appendix> form names 11 function resolvedHandle form vmentry <vmtarget> ; # java/lang/invoke/LambdaForm$DMH+0x0000000800b11000
instanceKlass  @bci com/st/microxplorer/plugins/clock/gui/VariedSourceUI updateVariedSourceUI ()V 83 <appendix> argL1 form vmentry <vmtarget> ; # java/lang/invoke/LambdaForm$MH+0x0000000800b10c00
# instanceKlass java/lang/invoke/LambdaForm$MH+0x0000000800b10800
# instanceKlass java/lang/invoke/LambdaForm$MH+0x0000000800b10400
# instanceKlass java/lang/invoke/LambdaForm$MH+0x0000000800b10000
instanceKlass com/st/microxplorer/plugins/clock/gui/FixedSourceUI
instanceKlass com/st/microxplorer/plugins/clock/gui/VariedSourceUI$2
instanceKlass com/st/microxplorer/plugins/clock/gui/VariedSourceUI
instanceKlass com/st/microxplorer/plugins/clock/gui/ArithmeticOperatorUI$1
instanceKlass com/st/microxplorer/plugins/clock/gui/ArithmeticOperatorUI
instanceKlass com/st/microxplorer/plugins/clock/gui/ActiveOutputUI$1
instanceKlass com/st/microxplorer/plugins/clock/utils/TextFormat
instanceKlass com/st/microxplorer/plugins/clock/gui/OutputUI
instanceKlass com/st/microxplorer/plugins/clock/gui/MultiplexerUI$1
instanceKlass javax/swing/plaf/metal/MetalIconFactory$RadioButtonIcon
instanceKlass com/st/microxplorer/plugins/clock/utils/TooltipHelper
instanceKlass com/st/microxplorer/plugins/clock/gui/MultiplexerUI
instanceKlass com/st/microxplorer/plugins/clock/model/clocktree/BackGround
instanceKlass com/st/microxplorer/plugins/clock/db/BackGroundTypeExt
instanceKlass com/st/microxplorer/altova/db/MCU_Clock/BackgroundType$MemberElement_Condition
instanceKlass com/st/microxplorer/altova/db/MCU_Clock/BackgroundType$MemberAttribute_imageName
instanceKlass com/st/microxplorer/altova/db/MCU_Clock/BackgroundType$MemberAttribute_y
instanceKlass com/st/microxplorer/altova/db/MCU_Clock/BackgroundType$MemberAttribute_x
instanceKlass com/st/microxplorer/altova/db/MCU_Clock/BackgroundType$MemberAttribute_name
instanceKlass com/st/microxplorer/altova/db/MCU_Clock/ClockType$MemberElement_Background$MemberElement_Background_Iterator
instanceKlass com/st/microxplorer/plugins/clock/model/clocktree/TButton
instanceKlass com/st/microxplorer/altova/db/MCU_Clock/BButtonType$MemberElement_Condition
instanceKlass com/st/microxplorer/altova/db/MCU_Clock/BButtonType$MemberAttribute_id
instanceKlass com/st/microxplorer/altova/db/MCU_Clock/BButtonType$MemberAttribute_refParameter
instanceKlass com/st/microxplorer/altova/db/MCU_Clock/BButtonType$MemberAttribute_x
instanceKlass com/st/microxplorer/altova/db/MCU_Clock/BButtonType$MemberAttribute_y
instanceKlass com/st/microxplorer/altova/db/MCU_Clock/BButtonType$MemberAttribute_text
instanceKlass com/st/microxplorer/altova/db/MCU_Clock/ClockType$MemberElement_BButton$MemberElement_BButton_Iterator
instanceKlass com/st/microxplorer/plugins/clock/db/LabelTypeExt
instanceKlass com/st/microxplorer/plugins/clock/model/clocktree/TLabel
instanceKlass com/st/microxplorer/altova/db/MCU_Clock/LabelType$MemberElement_Condition
instanceKlass com/st/microxplorer/altova/db/MCU_Clock/LabelType$MemberAttribute_refEnable
instanceKlass com/st/microxplorer/altova/db/MCU_Clock/LabelType$MemberAttribute_posY
instanceKlass com/st/microxplorer/altova/db/MCU_Clock/LabelType$MemberAttribute_posX
instanceKlass com/st/microxplorer/altova/db/MCU_Clock/LabelType$MemberAttribute_type
instanceKlass com/st/microxplorer/altova/db/MCU_Clock/LabelType$MemberAttribute_text
instanceKlass com/st/microxplorer/altova/db/MCU_Clock/LabelType$MemberAttribute_id
instanceKlass com/st/microxplorer/altova/db/MCU_Clock/ClockType$MemberElement_Label$MemberElement_Label_Iterator
instanceKlass java/math/MathContext
instanceKlass com/st/microxplorer/plugins/clock/model/clocktree/Multiplexer$RadioButton
instanceKlass com/st/microxplorer/altova/db/MCU_Clock/InputType$MemberAttribute_from
instanceKlass com/st/microxplorer/altova/db/MCU_Clock/InputType$MemberAttribute_refValue
instanceKlass com/st/microxplorer/altova/db/MCU_Clock/InputType$MemberAttribute_signalId
instanceKlass com/st/microxplorer/altova/db/MCU_Clock/ElementType$MemberElement_Input$MemberElement_Input_Iterator
instanceKlass com/st/microxplorer/plugins/clock/model/clocktree/Connection
instanceKlass com/st/microxplorer/altova/db/MCU_Clock/OutputType$MemberAttribute_signalId
instanceKlass com/st/microxplorer/altova/db/MCU_Clock/OutputType$MemberAttribute_to
instanceKlass com/st/microxplorer/altova/db/MCU_Clock/ElementType$MemberElement_Output$MemberElement_Output_Iterator
instanceKlass com/st/microxplorer/altova/db/MCU_Clock/TreeType$MemberElement_Tree$MemberElement_Tree_Iterator
instanceKlass com/st/microxplorer/altova/db/MCU_Clock/ConditionType$MemberAttribute_Diagnostic
instanceKlass com/st/microxplorer/altova/db/MCU_Clock/ConditionType$MemberAttribute_Expression
instanceKlass com/st/microxplorer/plugins/clock/db/ElementTypeExt
instanceKlass com/st/microxplorer/altova/db/MCU_Clock/ElementType$MemberElement_Output
instanceKlass com/st/microxplorer/altova/db/MCU_Clock/ElementType$MemberElement_Input
instanceKlass com/st/microxplorer/altova/db/MCU_Clock/ElementType$MemberElement_Condition
instanceKlass com/st/microxplorer/altova/db/MCU_Clock/ElementType$MemberAttribute_refLock
instanceKlass java/security/DomainCombiner
instanceKlass com/st/microxplorer/altova/db/MCU_Clock/ElementType$MemberAttribute_isTZRes
instanceKlass com/st/microxplorer/altova/db/MCU_Clock/ElementType$MemberAttribute_refSecure
instanceKlass com/st/microxplorer/altova/db/MCU_Clock/ElementType$MemberAttribute_refEnable
instanceKlass com/st/microxplorer/altova/db/MCU_Clock/ElementType$MemberAttribute_id
instanceKlass com/st/microxplorer/altova/db/MCU_Clock/ElementType$MemberAttribute_isKey
instanceKlass com/st/microxplorer/altova/db/MCU_Clock/ElementType$MemberAttribute_orientation
instanceKlass com/st/microxplorer/altova/db/MCU_Clock/ElementType$MemberAttribute_refParameter
instanceKlass com/st/microxplorer/altova/db/MCU_Clock/ElementType$MemberAttribute_type
instanceKlass com/st/microxplorer/altova/db/MCU_Clock/ElementType$MemberAttribute_x
instanceKlass com/st/microxplorer/altova/db/MCU_Clock/ElementType$MemberAttribute_y
instanceKlass com/st/microxplorer/altova/db/MCU_Clock/TreeType$MemberElement_Element$MemberElement_Element_Iterator
instanceKlass com/st/microxplorer/altova/db/MCU_Clock/TreeType$MemberElement_Tree
instanceKlass com/st/microxplorer/altova/db/MCU_Clock/TreeType$MemberElement_Element
instanceKlass com/st/microxplorer/altova/db/MCU_Clock/TreeType$MemberAttribute_id
instanceKlass com/st/microxplorer/plugins/clock/model/clocktree/Signal
instanceKlass com/st/microxplorer/altova/db/MCU_Clock/SignalType$MemberAttribute_id
instanceKlass com/st/microxplorer/altova/db/MCU_Clock/SignalType$MemberAttribute_refParameter
instanceKlass com/st/microxplorer/altova/db/MCU_Clock/SignalsType$MemberElement_Signal$MemberElement_Signal_Iterator
instanceKlass com/st/microxplorer/altova/db/MCU_Clock/SignalsType$MemberElement_Signal
instanceKlass com/st/microxplorer/altova/db/MCU_Clock/ClockType$MemberElement_Signals$MemberElement_Signals_Iterator
instanceKlass com/st/microxplorer/altova/db/MCU_Clock/ClockType$MemberElement_BButton
instanceKlass com/st/microxplorer/altova/db/MCU_Clock/ClockType$MemberElement_Label
instanceKlass com/st/microxplorer/altova/db/MCU_Clock/ClockType$MemberElement_Signals
instanceKlass com/st/microxplorer/altova/db/MCU_Clock/ClockType$MemberElement_Tree
instanceKlass com/st/microxplorer/altova/db/MCU_Clock/ClockType$MemberElement_Background
instanceKlass com/st/microxplorer/altova/db/MCU_Clock/ClockType$MemberAttribute_savedConfig
instanceKlass com/st/microxplorer/altova/db/MCU_Clock/MCU_Clock2$MemberElement_Tree
instanceKlass com/st/microxplorer/altova/db/MCU_Clock/MCU_Clock2$MemberElement_Signals
instanceKlass com/st/microxplorer/altova/db/MCU_Clock/MCU_Clock2$MemberElement_Signal
instanceKlass com/st/microxplorer/altova/db/MCU_Clock/MCU_Clock2$MemberElement_Output
instanceKlass com/st/microxplorer/altova/db/MCU_Clock/MCU_Clock2$MemberElement_Label
instanceKlass com/st/microxplorer/altova/db/MCU_Clock/MCU_Clock2$MemberElement_Input
instanceKlass com/st/microxplorer/altova/db/MCU_Clock/MCU_Clock2$MemberElement_Element
instanceKlass com/st/microxplorer/altova/db/MCU_Clock/MCU_Clock2$MemberElement_Condition
instanceKlass com/st/microxplorer/altova/db/MCU_Clock/MCU_Clock2$MemberElement_Clock
instanceKlass com/st/microxplorer/altova/db/MCU_Clock/MCU_Clock2$MemberElement_Background
instanceKlass com/st/microxplorer/altova/db/MCU_Clock/MCU_Clock_TypeInfo$MemberInfoCreator
instanceKlass com/st/microxplorer/altova/db/MCU_Clock/MCU_Clock_TypeInfo$TypeInfoCreator
instanceKlass com/st/microxplorer/altova/db/MCU_Clock/MCU_Clock_TypeInfo$InfoBinder
instanceKlass com/st/microxplorer/altova/db/MCU_Clock/MCU_Clock_TypeInfo
instanceKlass com/st/microxplorer/altova/db/MCU_Clock/MCU_Clock2$MemberElement_BButton
instanceKlass com/st/microxplorer/plugins/clock/model/clocktree/Tree
instanceKlass com/st/microxplorer/plugins/clock/utils/MessageDialog
instanceKlass com/st/microxplorer/plugins/clock/gui/ActiveOutputUI
instanceKlass com/st/microxplorer/plugins/clock/model/clocktree/NumericElement
instanceKlass com/st/microxplorer/plugins/clock/model/clocktree/Oscillator
instanceKlass com/st/microxplorer/plugins/clock/model/clocktree/Element
instanceKlass com/st/microxplorer/plugins/clock/db/ApiDbClock
instanceKlass com/st/microxplorer/plugins/clock/model/ClockTree
instanceKlass com/st/microxplorer/plugins/pinoutconfig/gui/PinOutPanel$7
instanceKlass com/st/microxplorer/plugins/pinoutconfig/engine/AbstractGPin
instanceKlass com/st/microxplorer/plugins/pinoutconfig/gui/PinOutPanel$12
instanceKlass javax/swing/SizeSequence
instanceKlass com/st/microxplorer/peripheralpanel/IPContextTable$1
instanceKlass com/st/microxplorer/plugins/pinoutconfig/guiV5/CategoriesPane$TaskPanePropertyChangeListener
instanceKlass com/st/microxplorer/db/McuAttributeClassification$McuCategoryItemComparator
instanceKlass com/st/microxplorer/util/IpGroupComparator
instanceKlass org/jdom/output/NamespaceStack
instanceKlass org/jdom/output/Format$DefaultEscapeStrategy
instanceKlass org/jdom/output/Format$TextMode
instanceKlass org/jdom/output/EscapeStrategy
instanceKlass org/jdom/output/Format
instanceKlass org/jdom/output/XMLOutputter
instanceKlass com/st/microxplorer/util/RulesEngine$Rule
instanceKlass com/st/microxplorer/util/RulesEngine
instanceKlass sun/font/AttributeValues$1
instanceKlass com/st/microxplorer/plugins/thirdparty/ThirdPartyPackRequestProcessor
instanceKlass com/st/microxplorer/peripheralpanel/PeripheralTree$TreePopupMenu$6
instanceKlass com/st/microxplorer/peripheralpanel/PeripheralTree$TreePopupMenu$5
instanceKlass com/st/microxplorer/peripheralpanel/PeripheralTree$TreePopupMenu$4
instanceKlass com/st/microxplorer/peripheralpanel/PeripheralTree$TreePopupMenu$3
instanceKlass com/st/microxplorer/peripheralpanel/PeripheralTree$TreePopupMenu$2
instanceKlass com/st/microxplorer/peripheralpanel/PeripheralTree$TreePopupMenu$1
instanceKlass com/st/microxplorer/peripheralpanel/PeripheralTree$1
instanceKlass  @bci javax/swing/JLabel paramString ()Ljava/lang/String; 389 <adapter> ; # java/lang/invoke/LambdaForm$MH+0x0000000800ae3400
# instanceKlass java/lang/invoke/LambdaForm$DMH+0x0000000800ae3000
instanceKlass  @bci javax/swing/JLabel paramString ()Ljava/lang/String; 389 <appendix> form vmentry <vmtarget> ; # java/lang/invoke/LambdaForm$MH+0x0000000800ae2c00
# instanceKlass java/lang/invoke/LambdaForm$MH+0x0000000800ae2800
# instanceKlass java/lang/invoke/LambdaForm$MH+0x0000000800ae2400
instanceKlass  @bci com/st/microxplorer/plugins/power/gui/powerout/PowerOutPanel checkCurrentSequence ()V 165 <appendix> argL4 form vmentry <vmtarget> ; # java/lang/invoke/LambdaForm$MH+0x0000000800ae2000
# instanceKlass java/lang/invoke/LambdaForm$MH+0x0000000800ae1c00
# instanceKlass java/lang/invoke/LambdaForm$MH+0x0000000800ae1800
# instanceKlass java/lang/invoke/LambdaForm$MH+0x0000000800ae1400
# instanceKlass java/lang/invoke/LambdaForm$MH+0x0000000800ae1000
# instanceKlass java/lang/invoke/LambdaForm$MH+0x0000000800ae0c00
instanceKlass  @bci com/st/microxplorer/plugins/power/gui/powerout/PowerOutPanel checkCurrentSequence ()V 165 <appendix> form names 23 function resolvedHandle form vmentry <vmtarget> ; # java/lang/invoke/LambdaForm$DMH+0x0000000800ae0800
instanceKlass  @bci com/st/microxplorer/plugins/power/gui/powerout/PowerOutPanel checkCurrentSequence ()V 165 <appendix> argL1 form vmentry <vmtarget> ; # java/lang/invoke/LambdaForm$MH+0x0000000800ae0400
# instanceKlass java/lang/invoke/LambdaForm$MH+0x0000000800ae0000
# instanceKlass java/lang/invoke/LambdaForm$MH+0x0000000800adfc00
# instanceKlass java/lang/invoke/LambdaForm$MH+0x0000000800adf800
# instanceKlass java/lang/invoke/LambdaForm$MH+0x0000000800adf400
instanceKlass jdk/internal/math/FloatToDecimal
instanceKlass  @bci javax/swing/JComponent paramString ()Ljava/lang/String; 122 <adapter> ; # java/lang/invoke/LambdaForm$MH+0x0000000800adf000
# instanceKlass java/lang/invoke/LambdaForm$DMH+0x0000000800adec00
instanceKlass  @bci javax/swing/JComponent paramString ()Ljava/lang/String; 122 <appendix> form vmentry <vmtarget> ; # java/lang/invoke/LambdaForm$MH+0x0000000800ade800
# instanceKlass java/lang/invoke/LambdaForm$MH+0x0000000800ade400
# instanceKlass java/lang/invoke/LambdaForm$MH+0x0000000800ade000
# instanceKlass java/lang/invoke/LambdaForm$MH+0x0000000800addc00
# instanceKlass java/lang/invoke/LambdaForm$MH+0x0000000800add800
# instanceKlass java/lang/invoke/LambdaForm$MH+0x0000000800add400
# instanceKlass java/lang/invoke/LambdaForm$MH+0x0000000800add000
# instanceKlass java/lang/invoke/LambdaForm$MH+0x0000000800adcc00
instanceKlass  @bci java/awt/Component paramString ()Ljava/lang/String; 84 <adapter> ; # java/lang/invoke/LambdaForm$MH+0x0000000800adc800
# instanceKlass java/lang/invoke/LambdaForm$DMH+0x0000000800adc400
instanceKlass  @bci java/awt/Component paramString ()Ljava/lang/String; 84 <appendix> form vmentry <vmtarget> ; # java/lang/invoke/LambdaForm$MH+0x0000000800adc000
# instanceKlass java/lang/invoke/LambdaForm$MH+0x0000000800adbc00
instanceKlass  @bci java/awt/Component paramString ()Ljava/lang/String; 84 <appendix> form names 15 function resolvedHandle form vmentry <vmtarget> ; # java/lang/invoke/LambdaForm$DMH+0x0000000800adb800
instanceKlass  @bci java/awt/Component paramString ()Ljava/lang/String; 84 <appendix> argL5 form vmentry <vmtarget> ; # java/lang/invoke/LambdaForm$MH+0x0000000800adb400
# instanceKlass java/lang/invoke/LambdaForm$MH+0x0000000800adb000
# instanceKlass java/lang/invoke/LambdaForm$MH+0x0000000800adac00
# instanceKlass java/lang/invoke/LambdaForm$MH+0x0000000800ada800
instanceKlass  @bci java/awt/Component paramString ()Ljava/lang/String; 84 <appendix> form names 17 function resolvedHandle form vmentry <vmtarget> ; # java/lang/invoke/LambdaForm$DMH+0x0000000800ada400
# instanceKlass java/lang/invoke/LambdaForm$MH+0x0000000800ada000
# instanceKlass java/lang/invoke/LambdaForm$MH+0x0000000800ad9c00
instanceKlass  @bci java/awt/Component paramString ()Ljava/lang/String; 84 <appendix> form names 21 function resolvedHandle form vmentry <vmtarget> ; # java/lang/invoke/LambdaForm$DMH+0x0000000800ad9800
instanceKlass  @bci java/awt/Component paramString ()Ljava/lang/String; 84 <appendix> argL2 form vmentry <vmtarget> ; # java/lang/invoke/LambdaForm$MH+0x0000000800ad9400
# instanceKlass java/lang/invoke/LambdaForm$MH+0x0000000800ad9000
# instanceKlass java/lang/invoke/LambdaForm$MH+0x0000000800ad8c00
# instanceKlass java/lang/invoke/LambdaForm$MH+0x0000000800ad8800
# instanceKlass java/lang/invoke/LambdaForm$MH+0x0000000800ad8400
# instanceKlass java/lang/invoke/LambdaForm$MH+0x0000000800ad8000
# instanceKlass java/lang/invoke/LambdaForm$MH+0x0000000800ac9c00
# instanceKlass java/lang/invoke/LambdaForm$MH+0x0000000800ac9800
# instanceKlass java/lang/invoke/LambdaForm$MH+0x0000000800ac9400
# instanceKlass java/lang/invoke/LambdaForm$MH+0x0000000800ac9000
# instanceKlass java/lang/invoke/LambdaForm$MH+0x0000000800ac8c00
# instanceKlass java/lang/invoke/LambdaForm$MH+0x0000000800ac8800
instanceKlass com/st/microxplorer/peripheralpanel/ComboPeriphMode$ComboItemStatus
instanceKlass com/st/microxplorer/mcu/SwPackApiDescription
instanceKlass com/st/microxplorer/mcu/SwPackComponentDescription
instanceKlass com/st/microxplorer/peripheralpanel/PeripheralTree$TreeviewNodeExpend
instanceKlass javax/swing/tree/DefaultMutableTreeNode$PreorderEnumeration
instanceKlass javax/swing/event/TreeWillExpandListener
instanceKlass com/st/microxplorer/mcu/Mcu$PinoutConfig$PinSave
instanceKlass com/st/components/util/SpecialSymbols
instanceKlass  @bci com/teamdev/jxbrowser/internal/rpc/UniversalServiceConnection lambda$invokeAsync$1 (Lcom/teamdev/jxbrowser/internal/rpc/transport/SharedMemoryController;Lcom/teamdev/jxbrowser/internal/rpc/transport/RpcCallback;Lcom/teamdev/jxbrowser/deps/com/google/protobuf/Message;)V 12 <appendix> member <vmtarget> ; # com/teamdev/jxbrowser/internal/rpc/UniversalServiceConnection$$Lambda+0x0000000800ac73f0
instanceKlass  @bci com/teamdev/jxbrowser/internal/rpc/UniversalServiceConnection invokeAsync (Lcom/teamdev/jxbrowser/internal/rpc/ServiceMethod;Lcom/teamdev/jxbrowser/deps/com/google/protobuf/Message;Lcom/teamdev/jxbrowser/internal/rpc/transport/RpcCallback;)V 32 <appendix> member <vmtarget> ; # com/teamdev/jxbrowser/internal/rpc/UniversalServiceConnection$$Lambda+0x0000000800ac71d0
instanceKlass com/teamdev/jxbrowser/internal/rpc/UniversalServiceConnection$1
instanceKlass  @bci com/teamdev/jxbrowser/browser/internal/BrowserWidget lambda$unfocus$5 ()V 21 <appendix> member <vmtarget> ; # com/teamdev/jxbrowser/browser/internal/BrowserWidget$$Lambda+0x0000000800ac6d40
instanceKlass  @bci com/teamdev/jxbrowser/browser/internal/BrowserWidgetThread submit (Ljava/util/concurrent/Callable;)Ljava/util/concurrent/CompletableFuture; 14 <appendix> member <vmtarget> ; # com/teamdev/jxbrowser/browser/internal/BrowserWidgetThread$$Lambda+0x0000000800ac6b20
instanceKlass  @bci com/teamdev/jxbrowser/browser/internal/BrowserWidget unfocus ()V 2 <appendix> member <vmtarget> ; # com/teamdev/jxbrowser/browser/internal/BrowserWidget$$Lambda+0x0000000800ac6900
instanceKlass sun/java2d/pipe/ShapeSpanIterator
instanceKlass sun/awt/geom/PathConsumer2D
instanceKlass sun/java2d/pipe/SpanIterator
instanceKlass com/st/microxplorer/plugins/thirdparty/Migration
instanceKlass com/st/microxplorer/pinoutcompatible/PinoutCompatibleSearch
instanceKlass sun/awt/SunToolkit$1
instanceKlass java/awt/KeyboardFocusManager$2
instanceKlass javax/swing/SwingWorker$4
instanceKlass com/st/microxplorer/mcufinder/db/BoardInfo$2
instanceKlass com/st/microxplorer/mcufinder/db/BoardInfo$1
instanceKlass  @bci org/sqlite/jdbc3/JDBC3ResultSet safeGetDoubleCol (I)D 9 <appendix> member <vmtarget> ; # org/sqlite/jdbc3/JDBC3ResultSet$$Lambda+0x0000000800ac59e8
instanceKlass  @cpi org/sqlite/jdbc3/JDBC3ResultSet 638 form vmentry <vmtarget> ; # java/lang/invoke/LambdaForm$DMH+0x0000000800ac8400
instanceKlass org/sqlite/core/SafeStmtPtr$SafePtrDoubleFunction
instanceKlass com/st/microxplorer/mcufinder/db/BoardInfo
instanceKlass  @bci com/st/microxplorer/plugins/power/ss/powerdashboard/view/View updateResultsTitle (ILjava/lang/Float;Ljava/lang/String;)V 7 <appendix> form vmentry <vmtarget> ; # java/lang/invoke/LambdaForm$MH+0x0000000800ac8000
instanceKlass  @bci com/st/microxplorer/plugins/power/ss/powerdashboard/view/View updateResultsTitle (ILjava/lang/Float;Ljava/lang/String;)V 7 <appendix> form names 8 function resolvedHandle form vmentry <vmtarget> ; # java/lang/invoke/LambdaForm$DMH+0x0000000800ac3800
instanceKlass  @bci com/st/microxplorer/plugins/power/ss/powerdashboard/view/View updateResultsTitle (ILjava/lang/Float;Ljava/lang/String;)V 7 <appendix> argL3 form vmentry <vmtarget> ; # java/lang/invoke/LambdaForm$MH+0x0000000800ac3400
instanceKlass  @bci com/st/microxplorer/plugins/power/ss/powerdashboard/view/View updateResultsTitle (ILjava/lang/Float;Ljava/lang/String;)V 7 <appendix> form names 12 function resolvedHandle form vmentry <vmtarget> ; # java/lang/invoke/LambdaForm$DMH+0x0000000800ac2000
instanceKlass  @bci com/st/microxplorer/plugins/power/ss/powerdashboard/view/View updateResultsTitle (ILjava/lang/Float;Ljava/lang/String;)V 7 <appendix> argL1 form vmentry <vmtarget> ; # java/lang/invoke/LambdaForm$MH+0x0000000800ac1c00
instanceKlass com/st/microxplorer/mcufinder/db/Attribute
instanceKlass  @bci org/sqlite/jdbc3/JDBC3ResultSet next ()Z 78 <appendix> argL0 ; # org/sqlite/jdbc3/JDBC3ResultSet$$Lambda+0x0000000800ac4c88
instanceKlass  @bci org/sqlite/jdbc3/JDBC3ResultSet getInt (I)I 9 <appendix> member <vmtarget> ; # org/sqlite/jdbc3/JDBC3ResultSet$$Lambda+0x0000000800ac4a68
instanceKlass  @cpi org/sqlite/jdbc3/JDBC3ResultSet 544 form vmentry <vmtarget> ; # java/lang/invoke/LambdaForm$DMH+0x0000000800ac0c00
instanceKlass  @bci org/sqlite/core/CoreResultSet close ()V 105 <appendix> argL0 ; # org/sqlite/core/CoreResultSet$$Lambda+0x0000000800ac4850
instanceKlass  @bci org/sqlite/jdbc3/JDBC3ResultSet safeGetLongCol (I)J 9 <appendix> member <vmtarget> ; # org/sqlite/jdbc3/JDBC3ResultSet$$Lambda+0x0000000800ac4630
instanceKlass  @cpi org/sqlite/jdbc3/JDBC3ResultSet 634 form vmentry <vmtarget> ; # java/lang/invoke/LambdaForm$DMH+0x0000000800ac0800
instanceKlass org/sqlite/core/SafeStmtPtr$SafePtrLongFunction
instanceKlass  @bci org/sqlite/jdbc3/JDBC3ResultSet safeGetColumnType (I)I 8 <appendix> member <vmtarget> ; # org/sqlite/jdbc3/JDBC3ResultSet$$Lambda+0x0000000800ac4220
instanceKlass  @cpi org/sqlite/jdbc3/JDBC3ResultSet 631 form vmentry <vmtarget> ; # java/lang/invoke/LambdaForm$DMH+0x0000000800ac0400
instanceKlass  @bci org/sqlite/jdbc3/JDBC3ResultSet safeGetColumnText (I)Ljava/lang/String; 9 <appendix> member <vmtarget> ; # org/sqlite/jdbc3/JDBC3ResultSet$$Lambda+0x0000000800ac4000
instanceKlass  @cpi org/sqlite/jdbc3/JDBC3ResultSet 641 form vmentry <vmtarget> ; # java/lang/invoke/LambdaForm$DMH+0x0000000800ac0000
instanceKlass com/st/microxplorer/mcufinder/db/DbSqliteVersion
instanceKlass  @bci org/sqlite/jdbc3/JDBC3Statement getResultSet ()Ljava/sql/ResultSet; 68 <appendix> argL0 ; # org/sqlite/jdbc3/JDBC3Statement$$Lambda+0x0000000800abca18
instanceKlass  @bci org/sqlite/jdbc3/JDBC3Statement getResultSet ()Ljava/sql/ResultSet; 37 <appendix> argL0 ; # org/sqlite/jdbc3/JDBC3Statement$$Lambda+0x0000000800abc800
instanceKlass  @bci org/sqlite/jdbc3/JDBC3PreparedStatement executeQuery ()Ljava/sql/ResultSet; 67 <appendix> member <vmtarget> ; # org/sqlite/jdbc3/JDBC3PreparedStatement$$Lambda+0x0000000800abdc50
instanceKlass  @bci org/sqlite/jdbc3/JDBC3PreparedStatement executeQuery ()Ljava/sql/ResultSet; 32 <appendix> argL0 ; # org/sqlite/jdbc3/JDBC3PreparedStatement$$Lambda+0x0000000800abda38
instanceKlass org/sqlite/core/SafeStmtPtr$SafePtrConsumer
instanceKlass  @bci org/sqlite/core/CorePreparedStatement <init> (Lorg/sqlite/SQLiteConnection;Ljava/lang/String;)V 63 <appendix> argL0 ; # org/sqlite/core/CorePreparedStatement$$Lambda+0x0000000800abd628
instanceKlass  @bci org/sqlite/core/CorePreparedStatement <init> (Lorg/sqlite/SQLiteConnection;Ljava/lang/String;)V 47 <appendix> argL0 ; # org/sqlite/core/CorePreparedStatement$$Lambda+0x0000000800abd410
instanceKlass  @bci org/sqlite/core/CorePreparedStatement <init> (Lorg/sqlite/SQLiteConnection;Ljava/lang/String;)V 28 <appendix> argL0 ; # org/sqlite/core/CorePreparedStatement$$Lambda+0x0000000800abd1f8
instanceKlass org/sqlite/core/SafeStmtPtr$SafePtrFunction
instanceKlass java/sql/ParameterMetaData
instanceKlass  @bci org/sqlite/core/CoreStatement exec ()Z 128 <appendix> argL0 ; # org/sqlite/core/CoreStatement$$Lambda+0x0000000800abe220
instanceKlass  @cpi org/sqlite/core/CoreResultSet 143 form vmentry <vmtarget> ; # java/lang/invoke/LambdaForm$DMH+0x0000000800abc400
instanceKlass  @bci org/sqlite/core/DB execute (Lorg/sqlite/core/CoreStatement;[Ljava/lang/Object;)Z 6 <appendix> member <vmtarget> ; # org/sqlite/core/DB$$Lambda+0x0000000800abe000
instanceKlass  @cpi org/sqlite/core/DB 480 form vmentry <vmtarget> ; # java/lang/invoke/LambdaForm$DMH+0x0000000800abc000
instanceKlass org/sqlite/core/SafeStmtPtr$SafePtrIntFunction
instanceKlass org/sqlite/core/SafeStmtPtr
instanceKlass  @bci org/sqlite/core/NativeDB prepare (Ljava/lang/String;)Lorg/sqlite/core/SafeStmtPtr; 4 <appendix> member <vmtarget> ; # org/sqlite/core/NativeDB$$Lambda+0x0000000800abb868
instanceKlass org/sqlite/ExtendedCommand$SQLExtension
instanceKlass org/sqlite/ExtendedCommand
instanceKlass  @bci org/sqlite/jdbc3/JDBC3Statement execute (Ljava/lang/String;)Z 7 <appendix> member <vmtarget> ; # org/sqlite/jdbc3/JDBC3Statement$$Lambda+0x0000000800abb250
instanceKlass org/sqlite/jdbc3/JDBC3Statement$SQLCallable
instanceKlass java/sql/Clob
instanceKlass java/sql/ResultSetMetaData
instanceKlass java/sql/ResultSet
instanceKlass org/sqlite/core/CoreResultSet
instanceKlass org/sqlite/core/CoreStatement
instanceKlass org/sqlite/BusyHandler
instanceKlass org/sqlite/ProgressHandler
instanceKlass org/sqlite/core/DB$ProgressObserver
instanceKlass org/sqlite/Collation
instanceKlass org/sqlite/Function
instanceKlass org/sqlite/util/ProcessRunner
instanceKlass org/sqlite/util/OSInfo
instanceKlass org/sqlite/util/LibraryLoaderUtil
instanceKlass  @bci org/sqlite/SQLiteJDBCLoader cleanup ()V 44 <appendix> argL0 ; # org/sqlite/SQLiteJDBCLoader$$Lambda+0x0000000800ab7098
instanceKlass  @bci org/sqlite/SQLiteJDBCLoader cleanup ()V 34 <appendix> member <vmtarget> ; # org/sqlite/SQLiteJDBCLoader$$Lambda+0x0000000800ab6e48
instanceKlass  @bci java/nio/file/Files asUncheckedRunnable (Ljava/io/Closeable;)Ljava/lang/Runnable; 1 <appendix> member <vmtarget> ; # java/nio/file/Files$$Lambda+0x000000080096dc28
instanceKlass java/nio/file/Files$2
instanceKlass org/sqlite/SQLiteJDBCLoader$VersionHolder
instanceKlass org/sqlite/SQLiteJDBCLoader
instanceKlass  @bci java/util/regex/CharPredicates category (I)Ljava/util/regex/Pattern$CharPredicate; 1 <appendix> member <vmtarget> ; # java/util/regex/CharPredicates$$Lambda+0x000000080096d518
instanceKlass org/sqlite/date/FastDateParser$Strategy
instanceKlass org/sqlite/date/FastDateParser
instanceKlass org/sqlite/date/FastDatePrinter$TwoDigitNumberField
instanceKlass org/sqlite/date/FastDatePrinter$TwoDigitMonthField
instanceKlass org/sqlite/date/FastDatePrinter$CharacterLiteral
instanceKlass org/sqlite/date/FastDatePrinter$PaddedNumberField
instanceKlass org/sqlite/date/FastDatePrinter$NumberRule
instanceKlass org/sqlite/date/FastDatePrinter$Rule
instanceKlass org/sqlite/date/FastDatePrinter
instanceKlass org/sqlite/date/FormatCache$MultipartKey
instanceKlass org/sqlite/date/FormatCache
instanceKlass org/sqlite/date/DatePrinter
instanceKlass org/sqlite/date/DateParser
instanceKlass org/sqlite/SQLiteConnectionConfig
instanceKlass org/sqlite/SQLiteConfig$OnOff
instanceKlass org/sqlite/SQLiteConfig$PragmaValue
instanceKlass org/sqlite/SQLiteConfig
instanceKlass java/sql/PreparedStatement
instanceKlass java/sql/Statement
instanceKlass java/sql/Savepoint
instanceKlass org/sqlite/core/DB
instanceKlass org/sqlite/core/Codes
instanceKlass org/sqlite/core/CoreDatabaseMetaData
instanceKlass java/sql/DatabaseMetaData
instanceKlass java/sql/DriverInfo
instanceKlass org/sqlite/util/LoggerFactory$JDKLogger
instanceKlass org/sqlite/util/Logger
instanceKlass org/sqlite/util/LoggerFactory
instanceKlass org/sqlite/SQLiteConnection
instanceKlass java/sql/Connection
instanceKlass java/sql/Wrapper
instanceKlass org/sqlite/JDBC
instanceKlass java/sql/Driver
instanceKlass java/sql/DriverManager$2
instanceKlass java/sql/DriverManager$1
instanceKlass java/sql/DriverManager
instanceKlass com/st/microxplorer/util/ValueComparator
instanceKlass com/st/microxplorer/mcu/rtos/data/RtosUserConfiguration
instanceKlass com/st/microxplorer/mcu/rtos/RtosManager$RtosContextConfiguration
instanceKlass com/st/microxplorer/mcu/SwPackDescription
instanceKlass com/st/microxplorer/plugins/thirdparty/ThirdPartyIpManager
instanceKlass com/st/microxplorer/plugins/thirdparty/db/solver/checker/ToolchainChecker
instanceKlass com/st/microxplorer/mcu/rtos/RtosManager$RtosOwner
instanceKlass com/st/microxplorer/plugins/thirdparty/db/solver/getter/api/ApiVersionGetter
instanceKlass com/st/microxplorer/plugins/thirdparty/db/solver/getter/api/ApiGroupGetter
instanceKlass com/st/microxplorer/plugins/thirdparty/db/solver/getter/api/ApiClassGetter
instanceKlass com/st/microxplorer/plugins/thirdparty/db/solver/getter/api/ApiAttributeGetter$1
instanceKlass com/st/microxplorer/plugins/thirdparty/db/solver/getter/api/ApiAttributeGetter
instanceKlass com/st/microxplorer/plugins/thirdparty/model/ModelComponent$VirtualApiCondition
instanceKlass  @bci com/st/microxplorer/plugins/thirdparty/xml/XmlIntegratedPack getMatchingIps (Lcom/st/microxplorer/mcu/Mcu;)Ljava/util/List; 2 <appendix> argL0 ; # com/st/microxplorer/plugins/thirdparty/xml/XmlIntegratedPack$$Lambda+0x0000000800aa3188
instanceKlass com/st/microxplorer/plugins/thirdparty/db/solver/checker/McuChecker
instanceKlass com/st/microxplorer/plugins/thirdparty/db/solver/checker/McuEvaluator
instanceKlass com/st/microxplorer/plugins/thirdparty/db/solver/checker/DeviceEvaluator
instanceKlass com/st/microxplorer/util/ThirdPartySwApiManager$ThirdPartySwApi
instanceKlass com/st/microxplorer/plugins/thirdparty/model/tree/GroupChildNode
instanceKlass com/st/microxplorer/plugins/thirdparty/model/tree/ComponentTreeNode
instanceKlass com/st/microxplorer/plugins/thirdparty/model/tree/CommonTreeNode
instanceKlass com/st/microxplorer/plugins/thirdparty/model/ModelComponent
instanceKlass  @bci com/st/microxplorer/plugins/thirdparty/cli/ThirdPartyCli addCommands ()V 88 <appendix> member <vmtarget> ; # com/st/microxplorer/plugins/thirdparty/cli/ThirdPartyCli$$Lambda+0x0000000800a9f440
instanceKlass  @bci com/st/microxplorer/plugins/thirdparty/cli/ThirdPartyCli addCommands ()V 72 <appendix> member <vmtarget> ; # com/st/microxplorer/plugins/thirdparty/cli/ThirdPartyCli$$Lambda+0x0000000800a9f220
instanceKlass  @bci com/st/microxplorer/plugins/thirdparty/cli/ThirdPartyCli addCommands ()V 56 <appendix> member <vmtarget> ; # com/st/microxplorer/plugins/thirdparty/cli/ThirdPartyCli$$Lambda+0x0000000800a9f000
instanceKlass  @bci com/st/microxplorer/plugins/thirdparty/cli/ThirdPartyCli addCommands ()V 40 <appendix> member <vmtarget> ; # com/st/microxplorer/plugins/thirdparty/cli/ThirdPartyCli$$Lambda+0x0000000800a9ede0
instanceKlass  @bci com/st/microxplorer/plugins/thirdparty/cli/ThirdPartyCli addCommands ()V 24 <appendix> member <vmtarget> ; # com/st/microxplorer/plugins/thirdparty/cli/ThirdPartyCli$$Lambda+0x0000000800a9ebc0
instanceKlass  @bci com/st/microxplorer/plugins/thirdparty/cli/ThirdPartyCli addCommands ()V 8 <appendix> member <vmtarget> ; # com/st/microxplorer/plugins/thirdparty/cli/ThirdPartyCli$$Lambda+0x0000000800a9e9a0
instanceKlass com/st/microxplorer/plugins/thirdparty/util/SharedServices
instanceKlass com/st/microxplorer/plugins/thirdparty/gui/controller/QueryFilter
instanceKlass com/st/microxplorer/plugins/thirdparty/gui/controller/SingleContextFilterController
instanceKlass com/st/microxplorer/plugins/thirdparty/gui/controller/FilterController
instanceKlass com/st/microxplorer/plugins/thirdparty/gui/controller/DefaultController
instanceKlass com/st/microxplorer/plugins/thirdparty/gui/controller/FilterControllerFactory
instanceKlass com/st/microxplorer/plugins/thirdparty/gui/view/DefaultObserver
instanceKlass com/st/microxplorer/plugins/thirdparty/model/ModelPack
instanceKlass com/st/microxplorer/plugins/thirdparty/model/AbstractModel
instanceKlass com/st/microxplorer/plugins/thirdparty/Migration$MigrationResultListener
instanceKlass com/st/microxplorer/plugins/thirdparty/model/MultiContextThirdPartyModelManager
instanceKlass com/st/microxplorer/plugins/thirdparty/model/ThirdPartyModelManagerFactory
instanceKlass com/st/microxplorer/util/Define
instanceKlass com/st/microxplorer/util/IpRankingComparator
instanceKlass com/st/microxplorer/mcu/SharedSignal$SignalAndMode
instanceKlass com/st/microxplorer/mcu/NVICService$16
instanceKlass com/st/microxplorer/mcu/NVICService$15
instanceKlass com/st/microxplorer/mcu/NVICService$14
instanceKlass com/st/microxplorer/mcu/NVICService$13
instanceKlass com/st/microxplorer/mcu/NVICService$12
instanceKlass com/st/microxplorer/mcu/NVICService$11
instanceKlass com/st/microxplorer/mcu/NVICService$10
instanceKlass com/st/microxplorer/mcu/NVICService$9
instanceKlass com/st/microxplorer/mcu/NVICService$8
instanceKlass com/st/microxplorer/mcu/NVICService$7
instanceKlass com/st/microxplorer/mcu/NVICService$6
instanceKlass com/st/microxplorer/mcu/NVICService$5
instanceKlass com/st/microxplorer/mcu/NVICService$4
instanceKlass com/st/microxplorer/mcu/NVICService$3
instanceKlass com/st/microxplorer/mcu/NVICService$2
instanceKlass com/st/microxplorer/mcu/NvicVector
instanceKlass jdk/internal/math/FloatingDecimal$HexFloatPattern
instanceKlass com/st/components/util/ValuesMap
instanceKlass com/bestcode/mathparser/_TOneParamParam
instanceKlass com/bestcode/mathparser/_TTwoParamParam
instanceKlass com/st/microxplorer/util/LegacyMWsManager
instanceKlass com/st/microxplorer/mcu/DMAService$18
instanceKlass com/st/microxplorer/mcu/DMAService$17
instanceKlass com/st/microxplorer/mcu/DMAService$16
instanceKlass com/st/microxplorer/mcu/DMAService$15
instanceKlass com/st/microxplorer/mcu/DMAService$14
instanceKlass com/st/microxplorer/mcu/DMAService$13
instanceKlass com/st/microxplorer/mcu/DMAService$12
instanceKlass com/st/microxplorer/mcu/DMAService$11
instanceKlass com/st/microxplorer/mcu/DMAService$10
instanceKlass com/st/microxplorer/mcu/DMAService$9
instanceKlass com/st/microxplorer/mcu/DMAService$8
instanceKlass com/st/microxplorer/mcu/DMAService$7
instanceKlass com/st/microxplorer/mcu/DMAService$6
instanceKlass com/st/microxplorer/mcu/DMAService$5
instanceKlass com/st/microxplorer/mcu/DMAService$4
instanceKlass com/st/microxplorer/mcu/DMAService$3
instanceKlass com/st/microxplorer/mcu/DMAService$2
instanceKlass com/st/microxplorer/mcu/DMAService$1
instanceKlass com/st/microxplorer/mcu/DMAFlow
instanceKlass com/st/microxplorer/altova/db/IP_Modes/PinSignalType$MemberElement_SpecificParameter$MemberElement_SpecificParameter_Iterator
instanceKlass com/st/microxplorer/altova/db/IP_Modes/PinSignalType$MemberElement_RemapBlock
instanceKlass com/st/microxplorer/altova/db/IP_Modes/PinSignalType$MemberElement_SpecificParameter
instanceKlass com/st/microxplorer/altova/db/IP_Modes/PinSignalType$MemberAttribute_Name
instanceKlass com/st/microxplorer/altova/db/IP_Modes/GPIO_PinType$MemberElement_PinSignal$MemberElement_PinSignal_Iterator
instanceKlass com/st/microxplorer/altova/db/IP_Modes/GPIO_PinType$MemberElement_SpecificParameter$MemberElement_SpecificParameter_Iterator
instanceKlass com/st/microxplorer/mcu/IP$SpecificParameter
instanceKlass com/st/microxplorer/altova/db/IP_Modes/SpecificParameterType$MemberElement_PossibleValue$MemberElement_PossibleValue_Iterator
instanceKlass com/st/microxplorer/altova/db/IP_Modes/SpecificParameterType$MemberElement_PossibleValue
instanceKlass com/st/microxplorer/altova/db/IP_Modes/SpecificParameterType$MemberAttribute_DefaultValue
instanceKlass com/st/microxplorer/altova/db/IP_Modes/SpecificParameterType$MemberAttribute_Name
instanceKlass com/st/microxplorer/altova/db/IP_Modes/GPIO_PortType$MemberElement_SpecificParameter$MemberElement_SpecificParameter_Iterator
instanceKlass com/st/microxplorer/mcu/GPIOService$Port
instanceKlass com/st/microxplorer/altova/db/IP_Modes/GPIO_PortType$MemberElement_SpecificParameter
instanceKlass com/st/microxplorer/altova/db/IP_Modes/GPIO_PortType$MemberAttribute_ClockEnableMode
instanceKlass com/st/microxplorer/altova/db/IP_Modes/GPIO_PortType$MemberAttribute_Name
instanceKlass com/st/microxplorer/altova/db/IP_Modes/IPType$MemberElement_GPIO_Port$MemberElement_GPIO_Port_Iterator
instanceKlass com/st/microxplorer/altova/db/IP_Modes/GPIO_PinType$MemberElement_PinSignal
instanceKlass com/st/microxplorer/altova/db/IP_Modes/GPIO_PinType$MemberElement_SpecificParameter
instanceKlass com/st/microxplorer/altova/db/IP_Modes/GPIO_PinType$MemberAttribute_PortName
instanceKlass com/st/microxplorer/altova/db/IP_Modes/GPIO_PinType$MemberAttribute_Name
instanceKlass com/st/microxplorer/altova/db/IP_Modes/IPType$MemberElement_GPIO_Pin$MemberElement_GPIO_Pin_Iterator
instanceKlass com/st/microxplorer/altova/db/IP_Modes/ValueConditionType$MemberAttribute_Diagnostic
instanceKlass com/st/microxplorer/altova/db/IP_Modes/ValueConditionType$MemberAttribute_Expression
instanceKlass com/teamdev/jxbrowser/frame/internal/rpc/InvokeMethod$2
instanceKlass  @bci com/teamdev/jxbrowser/js/internal/JsAccessibleObject invokeMethod (Ljava/lang/String;Ljava/util/List;)Ljava/lang/Object; 49 <appendix> member <vmtarget> ; # com/teamdev/jxbrowser/js/internal/JsAccessibleObject$$Lambda+0x0000000800a8df78
instanceKlass  @bci com/teamdev/jxbrowser/js/internal/JsAccessibleObject invokeMethod (Ljava/lang/String;Ljava/util/List;)Ljava/lang/Object; 38 <appendix> member <vmtarget> ; # com/teamdev/jxbrowser/js/internal/JsAccessibleObject$$Lambda+0x0000000800a8dd28
instanceKlass  @bci com/teamdev/jxbrowser/js/internal/JsAccessibleObject invokeMethod (Ljava/lang/String;Ljava/util/List;)Ljava/lang/Object; 6 <appendix> argL0 ; # com/teamdev/jxbrowser/js/internal/JsAccessibleObject$$Lambda+0x0000000800a8daf0
instanceKlass  @bci com/teamdev/jxbrowser/frame/internal/FrameImpl processCallback (Lcom/teamdev/jxbrowser/frame/internal/rpc/InvokeMethod$Request;)Lcom/teamdev/jxbrowser/frame/internal/rpc/InvokeMethod$Response; 20 <appendix> member <vmtarget> ; # com/teamdev/jxbrowser/frame/internal/FrameImpl$$Lambda+0x0000000800a8d8b0
instanceKlass com/teamdev/jxbrowser/frame/internal/rpc/CanAccessMember$2
instanceKlass com/teamdev/jxbrowser/frame/internal/rpc/MemberAccessError$1
instanceKlass com/teamdev/jxbrowser/js/internal/JsCallbackResponses
instanceKlass com/teamdev/jxbrowser/frame/internal/rpc/MemberType$1
instanceKlass  @bci com/teamdev/jxbrowser/js/internal/JsAccessibleObject canAccessMember (Lcom/teamdev/jxbrowser/frame/internal/rpc/CanAccessMember$Request;)Lcom/teamdev/jxbrowser/frame/internal/rpc/CanAccessMember$Response; 115 <appendix> argL0 ; # com/teamdev/jxbrowser/js/internal/JsAccessibleObject$$Lambda+0x0000000800a8bd68
instanceKlass  @bci com/teamdev/jxbrowser/js/internal/JsAccessibleObject canAccessMember (Lcom/teamdev/jxbrowser/frame/internal/rpc/CanAccessMember$Request;)Lcom/teamdev/jxbrowser/frame/internal/rpc/CanAccessMember$Response; 101 <appendix> argL0 ; # com/teamdev/jxbrowser/js/internal/JsAccessibleObject$$Lambda+0x0000000800a8bb20
instanceKlass  @bci com/teamdev/jxbrowser/internal/reflect/Fields findField (Ljava/lang/Class;Ljava/lang/String;)Ljava/util/Optional; 2 <appendix> member <vmtarget> ; # com/teamdev/jxbrowser/internal/reflect/Fields$$Lambda+0x0000000800a8b8d0
instanceKlass  @bci com/teamdev/jxbrowser/js/internal/JsAccessibleObject canAccessMember (Lcom/teamdev/jxbrowser/frame/internal/rpc/CanAccessMember$Request;)Lcom/teamdev/jxbrowser/frame/internal/rpc/CanAccessMember$Response; 46 <appendix> member <vmtarget> ; # com/teamdev/jxbrowser/js/internal/JsAccessibleObject$$Lambda+0x0000000800a8b680
instanceKlass  @bci com/teamdev/jxbrowser/frame/internal/FrameImpl processCallback (Lcom/teamdev/jxbrowser/frame/internal/rpc/CanAccessMember$Request;)Lcom/teamdev/jxbrowser/frame/internal/rpc/CanAccessMember$Response; 19 <appendix> member <vmtarget> ; # com/teamdev/jxbrowser/frame/internal/FrameImpl$$Lambda+0x0000000800a8afe0
instanceKlass com/st/microxplorer/plugins/userauth/StringCryptAES
instanceKlass  @bci com/st/microxplorer/plugins/userauth/WebApp <init> ()V 576 <appendix> member <vmtarget> ; # com/st/microxplorer/plugins/userauth/WebApp$$Lambda+0x0000000800a84448
instanceKlass  @bci com/st/microxplorer/plugins/userauth/WebApp <init> ()V 557 <appendix> member <vmtarget> ; # com/st/microxplorer/plugins/userauth/WebApp$$Lambda+0x0000000800a84228
instanceKlass com/teamdev/jxbrowser/deps/com/google/protobuf/BoolValueOrBuilder
instanceKlass  @bci com/teamdev/jxbrowser/js/internal/JsObjectImpl putProperty (Lcom/teamdev/jxbrowser/js/internal/rpc/JsPropertyKey;Ljava/lang/Object;)Z 45 <appendix> member <vmtarget> ; # com/teamdev/jxbrowser/js/internal/JsObjectImpl$$Lambda+0x0000000800a88c38
instanceKlass  @bci com/teamdev/jxbrowser/frame/internal/FrameImpl newJsProxyObject (Ljava/util/Set;Ljava/util/Set;)Lcom/teamdev/jxbrowser/internal/rpc/JsObjectProxyId; 45 <appendix> member <vmtarget> ; # com/teamdev/jxbrowser/frame/internal/FrameImpl$$Lambda+0x0000000800a85be8
instanceKlass com/teamdev/jxbrowser/deps/com/google/common/collect/AbstractIterator$1
instanceKlass com/teamdev/jxbrowser/frame/internal/rpc/CreateJsProxyObjectRequestOrBuilder
instanceKlass  @bci com/teamdev/jxbrowser/js/internal/JsContext methodNames (Lcom/teamdev/jxbrowser/js/internal/JsAccessibleObject;)Ljava/util/Set; 9 <appendix> argL0 ; # com/teamdev/jxbrowser/js/internal/JsContext$$Lambda+0x0000000800a86ad8
instanceKlass  @bci com/teamdev/jxbrowser/js/internal/JsContext fieldNames (Lcom/teamdev/jxbrowser/js/internal/JsAccessibleObject;)Ljava/util/Set; 9 <appendix> argL0 ; # com/teamdev/jxbrowser/js/internal/JsContext$$Lambda+0x0000000800a868a0
instanceKlass com/teamdev/jxbrowser/internal/reflect/Fields
instanceKlass  @bci com/teamdev/jxbrowser/js/internal/JsAccessibleObject accessibleFields ()Ljava/util/Set; 7 <appendix> argL0 ; # com/teamdev/jxbrowser/js/internal/JsAccessibleObject$$Lambda+0x0000000800a86458
instanceKlass  @bci com/teamdev/jxbrowser/js/internal/JsContext registerJavaObject (Ljava/lang/Object;Z)Lcom/teamdev/jxbrowser/internal/rpc/JsObjectProxyId; 11 <appendix> member <vmtarget> ; # com/teamdev/jxbrowser/js/internal/JsContext$$Lambda+0x0000000800a86238
instanceKlass  @bci com/teamdev/jxbrowser/js/internal/JsAccessibleObject accessibleMethods ()Ljava/util/Set; 20 <appendix> argL0 ; # com/teamdev/jxbrowser/js/internal/JsAccessibleObject$$Lambda+0x0000000800a86000
instanceKlass com/teamdev/jxbrowser/js/internal/JsAccessibleMethod
instanceKlass jdk/internal/vm/annotation/IntrinsicCandidate
instanceKlass com/teamdev/jxbrowser/js/JsAccessibleTypes
instanceKlass com/teamdev/jxbrowser/js/JsAccessible
instanceKlass  @bci com/teamdev/jxbrowser/internal/reflect/Methods findDeclaredMethods (Ljava/lang/Class;Ljava/util/function/Predicate;)Ljava/util/Set; 23 <appendix> member <vmtarget> ; # com/teamdev/jxbrowser/internal/reflect/Methods$$Lambda+0x0000000800a830d8
instanceKlass com/teamdev/jxbrowser/internal/reflect/Methods
instanceKlass  @bci com/teamdev/jxbrowser/js/internal/JsAccessibleObject accessibleMethods ()Ljava/util/Set; 7 <appendix> argL0 ; # com/teamdev/jxbrowser/js/internal/JsAccessibleObject$$Lambda+0x0000000800a82c90
instanceKlass com/teamdev/jxbrowser/js/JsFunctionCallback
instanceKlass com/teamdev/jxbrowser/js/internal/JsAccessibleObject
instanceKlass com/teamdev/jxbrowser/js/internal/rpc/JsPropertyOrBuilder
instanceKlass com/teamdev/jxbrowser/js/internal/rpc/JsPropertyKeyOrBuilder
instanceKlass com/st/microxplorer/plugins/userauth/WebApp$AuthAction
instanceKlass com/teamdev/jxbrowser/browser/SavePageTypeProto
instanceKlass com/teamdev/jxbrowser/browser/internal/rpc/WebPageProto
instanceKlass  @bci com/teamdev/jxbrowser/browser/internal/BrowserImpl url ()Ljava/lang/String; 17 <appendix> member <vmtarget> ; # com/teamdev/jxbrowser/browser/internal/BrowserImpl$$Lambda+0x0000000800a7fba0
instanceKlass  @bci com/teamdev/jxbrowser/js/internal/JsObjectImpl <init> (Lcom/teamdev/jxbrowser/js/internal/JsContext;Lcom/teamdev/jxbrowser/internal/rpc/JsObjectId;)V 34 <appendix> argL0 ; # com/teamdev/jxbrowser/js/internal/JsObjectImpl$$Lambda+0x0000000800a7f988
instanceKlass com/teamdev/jxbrowser/js/internal/rpc/JsObjectStub
instanceKlass  @bci com/teamdev/jxbrowser/frame/internal/convert/AbstractValue getOrCreateJsObject (Lcom/teamdev/jxbrowser/internal/rpc/JsObjectId;Ljava/lang/Class;)Lcom/teamdev/jxbrowser/js/internal/JsObjectImpl; 17 <appendix> member <vmtarget> ; # com/teamdev/jxbrowser/frame/internal/convert/AbstractValue$$Lambda+0x0000000800a7f530
instanceKlass  @bci com/teamdev/jxbrowser/js/internal/JsContext of (Lcom/teamdev/jxbrowser/internal/rpc/PageContextId;)Lcom/teamdev/jxbrowser/js/internal/JsContext; 15 <appendix> argL0 ; # com/teamdev/jxbrowser/js/internal/JsContext$$Lambda+0x0000000800a7f318
instanceKlass  @bci com/teamdev/jxbrowser/js/internal/JsContext of (Lcom/teamdev/jxbrowser/internal/rpc/PageContextId;)Lcom/teamdev/jxbrowser/js/internal/JsContext; 7 <appendix> argL0 ; # com/teamdev/jxbrowser/js/internal/JsContext$$Lambda+0x0000000800a7f0e0
instanceKlass  @bci com/teamdev/jxbrowser/frame/internal/PageContext of (Lcom/teamdev/jxbrowser/internal/rpc/PageContextId;)Lcom/teamdev/jxbrowser/frame/internal/PageContext; 13 <appendix> argL0 ; # com/teamdev/jxbrowser/frame/internal/PageContext$$Lambda+0x0000000800a7eec8
instanceKlass  @bci com/teamdev/jxbrowser/frame/internal/convert/AbstractValue <clinit> ()V 67 <appendix> argL0 ; # com/teamdev/jxbrowser/frame/internal/convert/AbstractValue$$Lambda+0x0000000800a7ecb0
instanceKlass com/teamdev/jxbrowser/js/JsSet
instanceKlass  @bci com/teamdev/jxbrowser/frame/internal/convert/AbstractValue <clinit> ()V 57 <appendix> argL0 ; # com/teamdev/jxbrowser/frame/internal/convert/AbstractValue$$Lambda+0x0000000800a7e568
instanceKlass com/teamdev/jxbrowser/js/JsPromise
instanceKlass  @bci com/teamdev/jxbrowser/frame/internal/convert/AbstractValue <clinit> ()V 47 <appendix> argL0 ; # com/teamdev/jxbrowser/frame/internal/convert/AbstractValue$$Lambda+0x0000000800a7de70
instanceKlass com/teamdev/jxbrowser/js/JsMap
instanceKlass  @bci com/teamdev/jxbrowser/frame/internal/convert/AbstractValue <clinit> ()V 37 <appendix> argL0 ; # com/teamdev/jxbrowser/frame/internal/convert/AbstractValue$$Lambda+0x0000000800a7d758
instanceKlass com/teamdev/jxbrowser/js/JsFunction
instanceKlass  @bci com/teamdev/jxbrowser/frame/internal/convert/AbstractValue <clinit> ()V 27 <appendix> argL0 ; # com/teamdev/jxbrowser/frame/internal/convert/AbstractValue$$Lambda+0x0000000800a7d070
instanceKlass com/teamdev/jxbrowser/js/JsArray
instanceKlass  @bci com/teamdev/jxbrowser/frame/internal/convert/AbstractValue <clinit> ()V 17 <appendix> argL0 ; # com/teamdev/jxbrowser/frame/internal/convert/AbstractValue$$Lambda+0x0000000800a7c970
instanceKlass com/teamdev/jxbrowser/js/JsArrayBuffer
instanceKlass  @bci com/teamdev/jxbrowser/frame/internal/convert/AbstractValue <clinit> ()V 7 <appendix> argL0 ; # com/teamdev/jxbrowser/frame/internal/convert/AbstractValue$$Lambda+0x0000000800a7c288
instanceKlass com/teamdev/jxbrowser/frame/internal/convert/AbstractValue$JsObjectConstructor
instanceKlass  @bci com/teamdev/jxbrowser/frame/internal/convert/JavaValues <clinit> ()V 164 <appendix> argL0 ; # com/teamdev/jxbrowser/frame/internal/convert/JavaValues$$Lambda+0x0000000800a7bc20
instanceKlass  @bci com/teamdev/jxbrowser/frame/internal/convert/JavaValues <clinit> ()V 151 <appendix> argL0 ; # com/teamdev/jxbrowser/frame/internal/convert/JavaValues$$Lambda+0x0000000800a7b788
instanceKlass  @bci com/teamdev/jxbrowser/frame/internal/convert/JavaValues <clinit> ()V 138 <appendix> argL0 ; # com/teamdev/jxbrowser/frame/internal/convert/JavaValues$$Lambda+0x0000000800a7b2f0
instanceKlass  @bci com/teamdev/jxbrowser/frame/internal/convert/JavaValues <clinit> ()V 125 <appendix> argL0 ; # com/teamdev/jxbrowser/frame/internal/convert/JavaValues$$Lambda+0x0000000800a7ae58
instanceKlass  @bci com/teamdev/jxbrowser/frame/internal/convert/JavaValues <clinit> ()V 112 <appendix> argL0 ; # com/teamdev/jxbrowser/frame/internal/convert/JavaValues$$Lambda+0x0000000800a7a9c0
instanceKlass  @bci com/teamdev/jxbrowser/frame/internal/convert/JavaValues <clinit> ()V 99 <appendix> argL0 ; # com/teamdev/jxbrowser/frame/internal/convert/JavaValues$$Lambda+0x0000000800a7a2a8
instanceKlass  @bci com/teamdev/jxbrowser/frame/internal/convert/JavaValues <clinit> ()V 86 <appendix> argL0 ; # com/teamdev/jxbrowser/frame/internal/convert/JavaValues$$Lambda+0x0000000800a79e10
instanceKlass  @bci com/teamdev/jxbrowser/frame/internal/convert/JavaValues <clinit> ()V 73 <appendix> argL0 ; # com/teamdev/jxbrowser/frame/internal/convert/JavaValues$$Lambda+0x0000000800a79978
instanceKlass  @bci com/teamdev/jxbrowser/frame/internal/convert/JavaValues <clinit> ()V 60 <appendix> argL0 ; # com/teamdev/jxbrowser/frame/internal/convert/JavaValues$$Lambda+0x0000000800a794e0
instanceKlass  @bci com/teamdev/jxbrowser/frame/internal/convert/JavaValues <clinit> ()V 47 <appendix> argL0 ; # com/teamdev/jxbrowser/frame/internal/convert/JavaValues$$Lambda+0x0000000800a79048
instanceKlass  @bci com/teamdev/jxbrowser/frame/internal/convert/JavaValues <clinit> ()V 34 <appendix> argL0 ; # com/teamdev/jxbrowser/frame/internal/convert/JavaValues$$Lambda+0x0000000800a78bb0
instanceKlass  @bci com/teamdev/jxbrowser/frame/internal/convert/JavaValues <clinit> ()V 21 <appendix> argL0 ; # com/teamdev/jxbrowser/frame/internal/convert/JavaValues$$Lambda+0x0000000800a78718
instanceKlass  @bci com/teamdev/jxbrowser/frame/internal/convert/JavaValues <clinit> ()V 8 <appendix> argL0 ; # com/teamdev/jxbrowser/frame/internal/convert/JavaValues$$Lambda+0x0000000800a78280
instanceKlass com/teamdev/jxbrowser/frame/internal/convert/AbstractValue
instanceKlass com/teamdev/jxbrowser/frame/internal/convert/JavaValues$JavaValueConstructor
instanceKlass com/teamdev/jxbrowser/frame/internal/convert/JavaValues
instanceKlass com/teamdev/jxbrowser/frame/internal/convert/JavaValue
instanceKlass com/teamdev/jxbrowser/js/internal/rpc/ArrayBufferValueOrBuilder
instanceKlass com/teamdev/jxbrowser/dom/internal/rpc/NodeInfoOrBuilder
instanceKlass com/teamdev/jxbrowser/js/internal/rpc/MapValueOrBuilder
instanceKlass com/teamdev/jxbrowser/js/internal/rpc/CollectionValueOrBuilder
instanceKlass  @bci com/teamdev/jxbrowser/frame/internal/FrameImpl executeJavaScript (Ljava/lang/String;Z)Lcom/teamdev/jxbrowser/frame/internal/convert/JavaValue; 44 <appendix> member <vmtarget> ; # com/teamdev/jxbrowser/frame/internal/FrameImpl$$Lambda+0x0000000800a73a38
instanceKlass com/teamdev/jxbrowser/frame/internal/rpc/ExecuteJavaScriptRequestOrBuilder
instanceKlass com/teamdev/jxbrowser/frame/internal/rpc/SwitchPageContexts$2
instanceKlass  @bci com/teamdev/jxbrowser/js/internal/JsContext close ()V 4 <appendix> argL0 ; # com/teamdev/jxbrowser/js/internal/JsContext$$Lambda+0x0000000800a71c88
instanceKlass com/teamdev/jxbrowser/internal/rpc/JsObjectIdOrBuilder
instanceKlass  @bci com/teamdev/jxbrowser/frame/internal/DomContext close ()V 4 <appendix> argL0 ; # com/teamdev/jxbrowser/frame/internal/DomContext$$Lambda+0x0000000800a713a0
instanceKlass com/teamdev/jxbrowser/internal/rpc/NodeIdOrBuilder
instanceKlass com/teamdev/jxbrowser/net/internal/rpc/InterceptRequest$2
instanceKlass  @bci com/teamdev/jxbrowser/net/internal/UrlRequestJobImpl complete ()V 23 <appendix> member <vmtarget> ; # com/teamdev/jxbrowser/net/internal/UrlRequestJobImpl$$Lambda+0x0000000800a6fa60
instanceKlass  @bci com/teamdev/jxbrowser/net/internal/UrlRequestJobImpl write ([B)V 49 <appendix> member <vmtarget> ; # com/teamdev/jxbrowser/net/internal/UrlRequestJobImpl$$Lambda+0x0000000800a6f840
instanceKlass com/teamdev/jxbrowser/net/internal/rpc/UrlRequestJobDataOrBuilder
instanceKlass  @bci com/teamdev/jxbrowser/net/internal/UrlRequestJobImpl <init> (Lcom/teamdev/jxbrowser/internal/rpc/UrlRequestJobId;Lcom/teamdev/jxbrowser/internal/rpc/transport/Connection;)V 16 <appendix> argL0 ; # com/teamdev/jxbrowser/net/internal/UrlRequestJobImpl$$Lambda+0x0000000800a6e330
instanceKlass com/teamdev/jxbrowser/net/internal/rpc/UrlRequestJobStub
instanceKlass  @bci com/teamdev/jxbrowser/internal/RpcThreadImpl$TaskRunner close ()V 23 <appendix> argL0 ; # com/teamdev/jxbrowser/internal/RpcThreadImpl$TaskRunner$$Lambda+0x0000000800a6dee0
instanceKlass com/teamdev/jxbrowser/net/internal/rpc/UrlRequestJobProto
instanceKlass  @bci com/teamdev/jxbrowser/internal/rpc/transport/RpcThreadCallExecutor execute (Lcom/teamdev/jxbrowser/deps/com/google/protobuf/Message;Lcom/teamdev/jxbrowser/internal/rpc/ServiceMethod;)Lcom/teamdev/jxbrowser/deps/com/google/protobuf/Message; 48 <appendix> member <vmtarget> ; # com/teamdev/jxbrowser/internal/rpc/transport/RpcThreadCallExecutor$$Lambda+0x0000000800a6ce98
instanceKlass com/teamdev/jxbrowser/internal/rpc/transport/RpcThreadCallExecutor
instanceKlass  @bci com/teamdev/jxbrowser/net/internal/UrlRequestJobImpl create (Lcom/teamdev/jxbrowser/net/internal/rpc/UrlRequestJobOptions;Lcom/teamdev/jxbrowser/internal/rpc/transport/Connection;)Lcom/teamdev/jxbrowser/net/internal/UrlRequestJobImpl; 37 <appendix> member <vmtarget> ; # com/teamdev/jxbrowser/net/internal/UrlRequestJobImpl$$Lambda+0x0000000800a6ca58
instanceKlass  @bci com/teamdev/jxbrowser/net/internal/UrlRequestJobImpl create (Lcom/teamdev/jxbrowser/net/internal/rpc/UrlRequestJobOptions;Lcom/teamdev/jxbrowser/internal/rpc/transport/Connection;)Lcom/teamdev/jxbrowser/net/internal/UrlRequestJobImpl; 13 <appendix> argL0 ; # com/teamdev/jxbrowser/net/internal/UrlRequestJobImpl$$Lambda+0x0000000800a6c840
instanceKlass com/teamdev/jxbrowser/net/internal/rpc/UrlRequestJobFactoryStub
instanceKlass com/teamdev/jxbrowser/internal/Wrappers
instanceKlass com/teamdev/jxbrowser/net/internal/rpc/UrlRequestJobOptionsOrBuilder
instanceKlass com/teamdev/jxbrowser/net/UrlRequestJob$Options$Builder
instanceKlass com/teamdev/jxbrowser/net/UrlRequestJob$Options
instanceKlass com/teamdev/jxbrowser/net/HttpStatus
instanceKlass com/teamdev/jxbrowser/net/internal/InterceptRequestCallbackProxy$InterceptUrlRequestParams
instanceKlass com/teamdev/jxbrowser/net/callback/InterceptUrlRequestCallback$Params
instanceKlass com/teamdev/jxbrowser/net/internal/NetString
instanceKlass com/teamdev/jxbrowser/net/internal/rpc/NetStringOrBuilder
instanceKlass com/teamdev/jxbrowser/internal/rpc/UrlRequestIdOrBuilder
instanceKlass com/teamdev/jxbrowser/net/UrlRequest$Id
instanceKlass  @bci com/teamdev/jxbrowser/internal/rpc/ServiceConnectionImpl lambda$invokeAsync$7 (Lcom/teamdev/jxbrowser/internal/rpc/transport/SharedMemoryController;Lcom/teamdev/jxbrowser/internal/rpc/transport/RpcCallback;Lcom/teamdev/jxbrowser/deps/com/google/protobuf/Message;)V 12 <appendix> member <vmtarget> ; # com/teamdev/jxbrowser/internal/rpc/ServiceConnectionImpl$$Lambda+0x0000000800a65728
instanceKlass  @bci com/teamdev/jxbrowser/browser/internal/DragAndDrop disable ()V 23 <appendix> member <vmtarget> ; # com/teamdev/jxbrowser/browser/internal/DragAndDrop$$Lambda+0x0000000800a65508
instanceKlass com/teamdev/jxbrowser/browser/internal/rpc/Drop$RequestOrBuilder
instanceKlass com/teamdev/jxbrowser/browser/internal/rpc/EnterDrag$RequestOrBuilder
instanceKlass com/teamdev/jxbrowser/browser/internal/rpc/DragAndDropProto
instanceKlass com/teamdev/jxbrowser/browser/internal/rpc/StartDrag$RequestOrBuilder
instanceKlass  @bci com/teamdev/jxbrowser/browser/internal/DragAndDrop <init> (Lcom/teamdev/jxbrowser/browser/internal/BrowserImpl;)V 25 <appendix> argL0 ; # com/teamdev/jxbrowser/browser/internal/DragAndDrop$$Lambda+0x0000000800a63c48
instanceKlass com/teamdev/jxbrowser/browser/internal/rpc/DragAndDropStub
instanceKlass com/teamdev/jxbrowser/internal/rpc/OpenExternalApp$ResponseOrBuilder
instanceKlass com/teamdev/jxbrowser/internal/rpc/OpenExternalAppOrBuilder
instanceKlass com/teamdev/jxbrowser/internal/rpc/OpenFile$ResponseOrBuilder
instanceKlass com/teamdev/jxbrowser/internal/rpc/OpenFileOrBuilder
instanceKlass com/teamdev/jxbrowser/js/internal/rpc/ShowConfirm$ResponseOrBuilder
instanceKlass com/teamdev/jxbrowser/js/internal/rpc/ShowConfirmOrBuilder
instanceKlass com/teamdev/jxbrowser/plugin/internal/rpc/RequestPdfDocumentPassword$ResponseOrBuilder
instanceKlass com/teamdev/jxbrowser/plugin/internal/rpc/RequestPdfDocumentPasswordOrBuilder
instanceKlass com/teamdev/jxbrowser/internal/rpc/OpenFolder$ResponseOrBuilder
instanceKlass com/teamdev/jxbrowser/internal/rpc/OpenFolderOrBuilder
instanceKlass com/teamdev/jxbrowser/internal/rpc/SaveFile$ResponseOrBuilder
instanceKlass com/teamdev/jxbrowser/internal/rpc/SaveFileOrBuilder
instanceKlass com/teamdev/jxbrowser/js/internal/rpc/ShowPrompt$ResponseOrBuilder
instanceKlass com/teamdev/jxbrowser/js/internal/rpc/ShowPromptOrBuilder
instanceKlass com/teamdev/jxbrowser/print/internal/rpc/Print$ResponseOrBuilder
instanceKlass com/teamdev/jxbrowser/print/internal/rpc/PrintOrBuilder
instanceKlass com/teamdev/jxbrowser/internal/rpc/FilePathListOrBuilder
instanceKlass com/teamdev/jxbrowser/internal/rpc/OpenFiles$ResponseOrBuilder
instanceKlass com/teamdev/jxbrowser/internal/rpc/OpenFilesOrBuilder
instanceKlass com/teamdev/jxbrowser/menu/ContextMenuItem
instanceKlass com/teamdev/jxbrowser/internal/rpc/ContextMenuItemOrBuilder
instanceKlass com/teamdev/jxbrowser/deps/com/google/protobuf/Internal$ListAdapter$Converter
instanceKlass com/teamdev/jxbrowser/internal/rpc/SpellCheckMenuOrBuilder
instanceKlass com/teamdev/jxbrowser/menu/SpellCheckMenu
instanceKlass com/teamdev/jxbrowser/internal/rpc/ShowContextMenu$ResponseOrBuilder
instanceKlass com/teamdev/jxbrowser/internal/rpc/ShowContextMenuOrBuilder
instanceKlass com/teamdev/jxbrowser/internal/rpc/BeforeFormRepost$ResponseOrBuilder
instanceKlass com/teamdev/jxbrowser/internal/rpc/BeforeFormRepostOrBuilder
instanceKlass com/teamdev/jxbrowser/user/internal/rpc/UpdateUserDataProfile$ResponseOrBuilder
instanceKlass com/teamdev/jxbrowser/user/internal/rpc/UpdateUserDataProfileOrBuilder
instanceKlass com/teamdev/jxbrowser/browser/internal/rpc/CreatePopup$ResponseOrBuilder
instanceKlass com/teamdev/jxbrowser/browser/internal/rpc/CreatePopupOrBuilder
instanceKlass com/teamdev/jxbrowser/net/tls/ClientCertificate
instanceKlass com/teamdev/jxbrowser/net/internal/rpc/ClientCertificateOrBuilder
instanceKlass com/teamdev/jxbrowser/net/internal/rpc/HostPortOrBuilder
instanceKlass com/teamdev/jxbrowser/net/HostPort
instanceKlass com/teamdev/jxbrowser/net/internal/rpc/SelectClientCertificate$ResponseOrBuilder
instanceKlass com/teamdev/jxbrowser/net/internal/rpc/SelectClientCertificateOrBuilder
instanceKlass com/teamdev/jxbrowser/internal/rpc/FileNameOrBuilder
instanceKlass com/teamdev/jxbrowser/internal/rpc/FolderPathOrBuilder
instanceKlass com/teamdev/jxbrowser/internal/rpc/SaveAsPdf$ResponseOrBuilder
instanceKlass com/teamdev/jxbrowser/internal/rpc/SaveAsPdfOrBuilder
instanceKlass com/teamdev/jxbrowser/password/internal/rpc/UpdatePassword$ResponseOrBuilder
instanceKlass com/teamdev/jxbrowser/password/internal/rpc/UpdatePasswordOrBuilder
instanceKlass com/teamdev/jxbrowser/user/internal/rpc/UserDataProfileOrBuilder
instanceKlass com/teamdev/jxbrowser/user/UserDataProfile
instanceKlass com/teamdev/jxbrowser/user/internal/rpc/SaveUserDataProfile$ResponseOrBuilder
instanceKlass com/teamdev/jxbrowser/user/internal/rpc/SaveUserDataProfileOrBuilder
instanceKlass com/teamdev/jxbrowser/internal/rpc/SuggestionOrBuilder
instanceKlass com/teamdev/jxbrowser/internal/rpc/SuggestionsOrBuilder
instanceKlass com/teamdev/jxbrowser/internal/rpc/ShowPopup$ResponseOrBuilder
instanceKlass com/teamdev/jxbrowser/internal/rpc/ShowPopupOrBuilder
instanceKlass com/teamdev/jxbrowser/js/internal/rpc/ShowAlert$ResponseOrBuilder
instanceKlass com/teamdev/jxbrowser/js/internal/rpc/ShowAlertOrBuilder
instanceKlass com/teamdev/jxbrowser/card/internal/rpc/CreditCardOrBuilder
instanceKlass com/teamdev/jxbrowser/card/CreditCard
instanceKlass com/teamdev/jxbrowser/card/internal/rpc/SaveCreditCard$ResponseOrBuilder
instanceKlass com/teamdev/jxbrowser/card/internal/rpc/SaveCreditCardOrBuilder
instanceKlass com/teamdev/jxbrowser/capture/internal/rpc/SelectedCaptureSourceOrBuilder
instanceKlass com/teamdev/jxbrowser/capture/internal/rpc/CaptureSourcesListOrBuilder
instanceKlass com/teamdev/jxbrowser/capture/CaptureSources
instanceKlass com/teamdev/jxbrowser/capture/internal/rpc/StartCaptureSession$ResponseOrBuilder
instanceKlass com/teamdev/jxbrowser/capture/internal/rpc/StartCaptureSessionOrBuilder
instanceKlass com/teamdev/jxbrowser/js/internal/rpc/BeforeUnload$ResponseOrBuilder
instanceKlass com/teamdev/jxbrowser/js/internal/rpc/BeforeUnloadOrBuilder
instanceKlass com/teamdev/jxbrowser/internal/rpc/SelectColor$ResponseOrBuilder
instanceKlass com/teamdev/jxbrowser/internal/rpc/SelectColorOrBuilder
instanceKlass  @bci com/teamdev/jxbrowser/internal/rpc/ServiceConnectionImpl get (Ljava/lang/Class;)Ljava/util/Optional; 19 <appendix> argL0 ; # com/teamdev/jxbrowser/internal/rpc/ServiceConnectionImpl$$Lambda+0x0000000800a164f0
instanceKlass  @bci com/teamdev/jxbrowser/callback/internal/DefaultCallbacks register ()V 5 <appendix> member <vmtarget> ; # com/teamdev/jxbrowser/callback/internal/DefaultCallbacks$$Lambda+0x0000000800a160b8
instanceKlass  @bci com/teamdev/jxbrowser/view/swing/internal/menu/SuggestionsListener startEventsProcessing ()V 29 <appendix> member <vmtarget> ; # com/teamdev/jxbrowser/view/swing/internal/menu/SuggestionsListener$$Lambda+0x0000000800a15e98
instanceKlass  @bci com/teamdev/jxbrowser/view/swing/internal/menu/SuggestionsListener startEventsProcessing ()V 8 <appendix> member <vmtarget> ; # com/teamdev/jxbrowser/view/swing/internal/menu/SuggestionsListener$$Lambda+0x0000000800a15c78
instanceKlass com/teamdev/jxbrowser/view/swing/BrowserView$DragAndDropSupport
instanceKlass  @bci com/teamdev/jxbrowser/view/swing/BrowserView <init> (Lcom/teamdev/jxbrowser/browser/Browser;)V 156 <appendix> member <vmtarget> ; # com/teamdev/jxbrowser/view/swing/BrowserView$$Lambda+0x0000000800a157e0
instanceKlass  @bci com/teamdev/jxbrowser/view/swing/BrowserView addWidget (Ljavax/swing/JComponent;)V 2 <appendix> member <vmtarget> ; # com/teamdev/jxbrowser/view/swing/BrowserView$$Lambda+0x0000000800a155c0
instanceKlass  @bci com/teamdev/jxbrowser/view/swing/internal/WindowedWidget <init> (Lcom/teamdev/jxbrowser/browser/internal/BrowserWidget;)V 176 <appendix> member <vmtarget> ; # com/teamdev/jxbrowser/view/swing/internal/WindowedWidget$$Lambda+0x0000000800a153a0
instanceKlass com/teamdev/jxbrowser/internal/ScaleFactor
instanceKlass com/teamdev/jxbrowser/internal/DisplayWatcher
instanceKlass  @bci com/teamdev/jxbrowser/view/swing/internal/WindowedWidget <init> (Lcom/teamdev/jxbrowser/browser/internal/BrowserWidget;)V 112 <appendix> member <vmtarget> ; # com/teamdev/jxbrowser/view/swing/internal/WindowedWidget$$Lambda+0x0000000800a14690
instanceKlass com/teamdev/jxbrowser/view/swing/internal/WindowedWidget$GlobalFocusListenerWin
instanceKlass com/teamdev/jxbrowser/view/swing/internal/WindowedWidget$GlobalFocusListener
instanceKlass com/teamdev/jxbrowser/view/swing/internal/WindowedWidget$HierarchyBoundsListenerImpl
instanceKlass com/teamdev/jxbrowser/view/swing/internal/WindowedWidget$HierarchyListenerImpl
instanceKlass com/teamdev/jxbrowser/browser/internal/rpc/TakeFocus$ResponseOrBuilder
instanceKlass com/teamdev/jxbrowser/internal/Display
instanceKlass com/teamdev/jxbrowser/browser/callback/RequestPdfDocumentPasswordCallback
instanceKlass com/teamdev/jxbrowser/browser/callback/UpdateUserDataProfileCallback
instanceKlass com/teamdev/jxbrowser/browser/callback/SaveUserDataProfileCallback
instanceKlass com/teamdev/jxbrowser/browser/callback/SaveCreditCardCallback
instanceKlass com/teamdev/jxbrowser/browser/callback/UpdatePasswordCallback
instanceKlass com/teamdev/jxbrowser/browser/callback/internal/ShowSuggestionsCallback
instanceKlass com/teamdev/jxbrowser/browser/callback/OpenExternalAppCallback
instanceKlass com/teamdev/jxbrowser/view/swing/callback/DefaultStartCaptureSessionCallback
instanceKlass com/teamdev/jxbrowser/browser/callback/StartCaptureSessionCallback
instanceKlass com/teamdev/jxbrowser/browser/callback/ShowContextMenuCallback
instanceKlass com/teamdev/jxbrowser/view/swing/callback/DefaultPrintCallback
instanceKlass com/teamdev/jxbrowser/browser/callback/PrintCallback
instanceKlass com/teamdev/jxbrowser/browser/callback/BeforeFormRepostCallback
instanceKlass com/teamdev/jxbrowser/browser/callback/SelectClientCertificateCallback
instanceKlass com/teamdev/jxbrowser/browser/callback/BeforeUnloadCallback
instanceKlass com/teamdev/jxbrowser/browser/callback/SelectColorCallback
instanceKlass com/teamdev/jxbrowser/browser/callback/SaveAsPdfCallback
instanceKlass com/teamdev/jxbrowser/browser/callback/SaveFileCallback
instanceKlass com/teamdev/jxbrowser/browser/callback/OpenFolderCallback
instanceKlass com/teamdev/jxbrowser/browser/callback/OpenFilesCallback
instanceKlass com/teamdev/jxbrowser/browser/callback/OpenFileCallback
instanceKlass com/teamdev/jxbrowser/browser/callback/PromptCallback
instanceKlass com/teamdev/jxbrowser/browser/callback/ConfirmCallback
instanceKlass com/teamdev/jxbrowser/view/WidgetHolder
instanceKlass com/teamdev/jxbrowser/browser/callback/AlertCallback
instanceKlass com/teamdev/jxbrowser/view/swing/callback/internal/OpenBrowserPopupCallback
instanceKlass com/teamdev/jxbrowser/callback/internal/TypeInspector
instanceKlass  @bci com/teamdev/jxbrowser/view/swing/BrowserView defaultCallbacks ()Lcom/teamdev/jxbrowser/callback/internal/DefaultCallbacks; 15 <appendix> argL0 ; # com/teamdev/jxbrowser/view/swing/BrowserView$$Lambda+0x0000000800a0a0e0
instanceKlass com/teamdev/jxbrowser/browser/callback/CreatePopupCallback
instanceKlass com/teamdev/jxbrowser/callback/internal/DefaultCallbacks$Builder
instanceKlass com/teamdev/jxbrowser/callback/internal/DefaultCallbacks
instanceKlass com/teamdev/jxbrowser/browser/callback/CreatePopupCallback$Response
instanceKlass com/teamdev/jxbrowser/view/swing/internal/menu/SuggestionsListener
instanceKlass com/teamdev/jxbrowser/view/swing/DragAndDrop
instanceKlass com/teamdev/jxbrowser/view/swing/internal/BrowserComponent
instanceKlass com/teamdev/jxbrowser/deps/com/google/protobuf/StringValueOrBuilder
instanceKlass  @bci com/teamdev/jxbrowser/browser/internal/BrowserImpl remoteDebuggingUrl ()Ljava/util/Optional; 13 <appendix> member <vmtarget> ; # com/teamdev/jxbrowser/browser/internal/BrowserImpl$$Lambda+0x0000000800a07cf0
instanceKlass com/teamdev/jxbrowser/net/internal/rpc/CertVerificationStatusListOrBuilder
instanceKlass com/teamdev/jxbrowser/net/tls/CertVerificationError
instanceKlass com/teamdev/jxbrowser/net/internal/rpc/CertVerificationErrorOrBuilder
instanceKlass com/teamdev/jxbrowser/net/internal/rpc/HostOrBuilder
instanceKlass com/teamdev/jxbrowser/net/internal/rpc/CertificateOrBuilder
instanceKlass com/teamdev/jxbrowser/net/Host
instanceKlass com/teamdev/jxbrowser/net/tls/Certificate
instanceKlass com/teamdev/jxbrowser/net/internal/rpc/VerifyCertificate$ResponseOrBuilder
instanceKlass com/teamdev/jxbrowser/net/internal/rpc/VerifyCertificateOrBuilder
instanceKlass  @bci com/st/microxplorer/plugins/userauth/WebApp <init> ()V 425 <appendix> argL0 ; # com/st/microxplorer/plugins/userauth/WebApp$$Lambda+0x000000080080dc28
instanceKlass com/teamdev/jxbrowser/net/callback/VerifyCertificateCallback
instanceKlass com/teamdev/jxbrowser/net/callback/NetworkSyncCallback
instanceKlass com/teamdev/jxbrowser/net/callback/NetworkCallback
instanceKlass com/teamdev/jxbrowser/password/internal/rpc/SavePassword$ResponseOrBuilder
instanceKlass com/teamdev/jxbrowser/password/internal/rpc/SavePasswordOrBuilder
instanceKlass  @bci com/st/microxplorer/plugins/userauth/WebApp <init> ()V 403 <appendix> argL0 ; # com/st/microxplorer/plugins/userauth/WebApp$$Lambda+0x000000080080d9e0
instanceKlass com/teamdev/jxbrowser/browser/callback/SavePasswordCallback
instanceKlass  @bci com/st/microxplorer/plugins/userauth/WebApp <init> ()V 386 <appendix> member <vmtarget> ; # com/st/microxplorer/plugins/userauth/WebApp$$Lambda+0x000000080080d790
instanceKlass  @bci com/st/microxplorer/plugins/userauth/WebApp <init> ()V 341 <appendix> member <vmtarget> ; # com/st/microxplorer/plugins/userauth/WebApp$$Lambda+0x000000080080d570
instanceKlass  @bci com/st/microxplorer/plugins/userauth/WebApp <init> ()V 318 <appendix> member <vmtarget> ; # com/st/microxplorer/plugins/userauth/WebApp$$Lambda+0x000000080080d350
instanceKlass  @bci com/teamdev/jxbrowser/internal/rpc/ServiceConnectionImpl invokeAsync (Lcom/teamdev/jxbrowser/internal/rpc/ServiceMethod;Lcom/teamdev/jxbrowser/deps/com/google/protobuf/Message;Lcom/teamdev/jxbrowser/internal/rpc/transport/RpcCallback;)V 21 <appendix> member <vmtarget> ; # com/teamdev/jxbrowser/internal/rpc/ServiceConnectionImpl$$Lambda+0x00000008009ff260
instanceKlass com/teamdev/jxbrowser/internal/rpc/ServiceConnectionImpl$1
instanceKlass  @bci com/teamdev/jxbrowser/navigation/internal/NavigationImpl loadUrl (Lcom/teamdev/jxbrowser/navigation/LoadUrlParams;)V 58 <appendix> member <vmtarget> ; # com/teamdev/jxbrowser/navigation/internal/NavigationImpl$$Lambda+0x00000008009fedd0
instanceKlass com/teamdev/jxbrowser/net/internal/rpc/ProxyProto
instanceKlass  @bci com/teamdev/jxbrowser/net/proxy/internal/ProxyImpl applyConfig (Lcom/teamdev/jxbrowser/net/internal/rpc/ProxyConfig;)V 40 <appendix> member <vmtarget> ; # com/teamdev/jxbrowser/net/proxy/internal/ProxyImpl$$Lambda+0x00000008009fe9b0
instanceKlass com/teamdev/jxbrowser/net/internal/rpc/SetProxyConfigRequestOrBuilder
instanceKlass com/teamdev/jxbrowser/net/internal/rpc/ProxyConfigOrBuilder
instanceKlass com/teamdev/jxbrowser/net/internal/rpc/ProxyConfig$Type$1
instanceKlass com/teamdev/jxbrowser/net/proxy/DirectProxyConfig
instanceKlass  @bci com/teamdev/jxbrowser/net/proxy/internal/ProxyImpl <init> (Lcom/teamdev/jxbrowser/profile/internal/ProfileImpl;)V 32 <appendix> argL0 ; # com/teamdev/jxbrowser/net/proxy/internal/ProxyImpl$$Lambda+0x00000008009fb8b0
instanceKlass com/teamdev/jxbrowser/net/internal/rpc/ProxyStub
instanceKlass com/teamdev/jxbrowser/net/proxy/ProxyConfig
instanceKlass  @bci com/teamdev/jxbrowser/navigation/internal/NavigationImpl loadUrlAndWait (Lcom/teamdev/jxbrowser/navigation/LoadUrlParams;Ljava/time/Duration;)V 32 <appendix> argL0 ; # com/teamdev/jxbrowser/navigation/internal/NavigationImpl$$Lambda+0x00000008009fb258
instanceKlass  @bci com/teamdev/jxbrowser/frame/internal/FrameImpl of (Lcom/teamdev/jxbrowser/internal/rpc/FrameId;)Lcom/teamdev/jxbrowser/frame/internal/FrameImpl; 9 <appendix> argL0 ; # com/teamdev/jxbrowser/frame/internal/FrameImpl$$Lambda+0x00000008009f99a8
instanceKlass  @bci com/teamdev/jxbrowser/frame/internal/FrameImpl findImpl (Lcom/teamdev/jxbrowser/internal/rpc/FrameId;)Ljava/util/Optional; 6 <appendix> member <vmtarget> ; # com/teamdev/jxbrowser/frame/internal/FrameImpl$$Lambda+0x00000008009f9788
instanceKlass  @bci com/teamdev/jxbrowser/internal/rpc/ServiceConnectionImpl dispatch (Lcom/teamdev/jxbrowser/event/Event;)V 31 <appendix> member <vmtarget> ; # com/teamdev/jxbrowser/internal/rpc/ServiceConnectionImpl$$Lambda+0x00000008009f9558
instanceKlass com/teamdev/jxbrowser/frame/internal/rpc/InjectJs$2
instanceKlass  @bci com/teamdev/jxbrowser/frame/internal/FrameImpl processCallback (Lcom/teamdev/jxbrowser/browser/callback/InjectJsCallback$Params;)Lcom/teamdev/jxbrowser/browser/callback/InjectJsCallback$Response; 10 <appendix> member <vmtarget> ; # com/teamdev/jxbrowser/frame/internal/FrameImpl$$Lambda+0x00000008009f79a0
instanceKlass com/teamdev/jxbrowser/browser/callback/InjectJsCallback
instanceKlass com/teamdev/jxbrowser/frame/internal/rpc/InjectCss$2
instanceKlass  @bci com/teamdev/jxbrowser/frame/internal/FrameImpl processCallback (Lcom/teamdev/jxbrowser/browser/callback/InjectCssCallback$Params;)Lcom/teamdev/jxbrowser/browser/callback/InjectCssCallback$Response; 10 <appendix> member <vmtarget> ; # com/teamdev/jxbrowser/frame/internal/FrameImpl$$Lambda+0x00000008009f6688
instanceKlass com/teamdev/jxbrowser/browser/callback/InjectCssCallback
instanceKlass com/teamdev/jxbrowser/frame/internal/rpc/CreateFrame$2
instanceKlass  @bci com/teamdev/jxbrowser/frame/internal/FrameImpl <init> (Lcom/teamdev/jxbrowser/browser/internal/BrowserImpl;Lcom/teamdev/jxbrowser/browser/internal/RenderProcess;Lcom/teamdev/jxbrowser/internal/rpc/FrameId;Lcom/teamdev/jxbrowser/internal/rpc/PageContextId;Z)V 310 <appendix> member <vmtarget> ; # com/teamdev/jxbrowser/frame/internal/FrameImpl$$Lambda+0x00000008009f5580
instanceKlass com/teamdev/jxbrowser/frame/internal/rpc/SwitchPageContextsOrBuilder
instanceKlass  @bci com/teamdev/jxbrowser/frame/internal/FrameImpl <init> (Lcom/teamdev/jxbrowser/browser/internal/BrowserImpl;Lcom/teamdev/jxbrowser/browser/internal/RenderProcess;Lcom/teamdev/jxbrowser/internal/rpc/FrameId;Lcom/teamdev/jxbrowser/internal/rpc/PageContextId;Z)V 289 <appendix> member <vmtarget> ; # com/teamdev/jxbrowser/frame/internal/FrameImpl$$Lambda+0x00000008009f2df0
instanceKlass com/teamdev/jxbrowser/frame/internal/rpc/SwitchPageContexts$ResponseOrBuilder
instanceKlass com/teamdev/jxbrowser/frame/internal/callback/SwitchPageContextsCallback
instanceKlass com/teamdev/jxbrowser/frame/internal/rpc/FinishFrameLoad$ResponseOrBuilder
instanceKlass com/teamdev/jxbrowser/frame/internal/rpc/FinishFrameLoadOrBuilder
instanceKlass com/teamdev/jxbrowser/frame/internal/callback/FinishFrameLoadCallback
instanceKlass  @bci com/teamdev/jxbrowser/frame/internal/FrameImpl <init> (Lcom/teamdev/jxbrowser/browser/internal/BrowserImpl;Lcom/teamdev/jxbrowser/browser/internal/RenderProcess;Lcom/teamdev/jxbrowser/internal/rpc/FrameId;Lcom/teamdev/jxbrowser/internal/rpc/PageContextId;Z)V 274 <appendix> member <vmtarget> ; # com/teamdev/jxbrowser/frame/internal/FrameImpl$$Lambda+0x00000008009ef580
instanceKlass com/teamdev/jxbrowser/frame/internal/rpc/InjectJs$ResponseOrBuilder
instanceKlass com/teamdev/jxbrowser/frame/internal/rpc/InjectJsOrBuilder
instanceKlass  @bci com/teamdev/jxbrowser/frame/internal/FrameImpl <init> (Lcom/teamdev/jxbrowser/browser/internal/BrowserImpl;Lcom/teamdev/jxbrowser/browser/internal/RenderProcess;Lcom/teamdev/jxbrowser/internal/rpc/FrameId;Lcom/teamdev/jxbrowser/internal/rpc/PageContextId;Z)V 258 <appendix> member <vmtarget> ; # com/teamdev/jxbrowser/frame/internal/FrameImpl$$Lambda+0x00000008009ec770
instanceKlass com/teamdev/jxbrowser/frame/internal/rpc/InjectCss$ResponseOrBuilder
instanceKlass com/teamdev/jxbrowser/frame/internal/rpc/InjectCssOrBuilder
instanceKlass  @bci com/teamdev/jxbrowser/frame/internal/FrameImpl <init> (Lcom/teamdev/jxbrowser/browser/internal/BrowserImpl;Lcom/teamdev/jxbrowser/browser/internal/RenderProcess;Lcom/teamdev/jxbrowser/internal/rpc/FrameId;Lcom/teamdev/jxbrowser/internal/rpc/PageContextId;Z)V 242 <appendix> member <vmtarget> ; # com/teamdev/jxbrowser/frame/internal/FrameImpl$$Lambda+0x00000008009e9670
instanceKlass com/teamdev/jxbrowser/js/internal/rpc/ReturnValueOrBuilder
instanceKlass com/teamdev/jxbrowser/frame/internal/rpc/InvokeMethodOrBuilder
instanceKlass  @bci com/teamdev/jxbrowser/frame/internal/FrameImpl <init> (Lcom/teamdev/jxbrowser/browser/internal/BrowserImpl;Lcom/teamdev/jxbrowser/browser/internal/RenderProcess;Lcom/teamdev/jxbrowser/internal/rpc/FrameId;Lcom/teamdev/jxbrowser/internal/rpc/PageContextId;Z)V 226 <appendix> member <vmtarget> ; # com/teamdev/jxbrowser/frame/internal/FrameImpl$$Lambda+0x00000008009e65f0
instanceKlass com/teamdev/jxbrowser/frame/internal/rpc/InvokeMethod$ResponseOrBuilder
instanceKlass com/teamdev/jxbrowser/frame/internal/callback/InvokeMethodCallback
instanceKlass com/teamdev/jxbrowser/js/internal/rpc/JsErrorOrBuilder
instanceKlass com/teamdev/jxbrowser/frame/internal/rpc/GetObjectTypeOrBuilder
instanceKlass  @bci com/teamdev/jxbrowser/frame/internal/FrameImpl <init> (Lcom/teamdev/jxbrowser/browser/internal/BrowserImpl;Lcom/teamdev/jxbrowser/browser/internal/RenderProcess;Lcom/teamdev/jxbrowser/internal/rpc/FrameId;Lcom/teamdev/jxbrowser/internal/rpc/PageContextId;Z)V 210 <appendix> member <vmtarget> ; # com/teamdev/jxbrowser/frame/internal/FrameImpl$$Lambda+0x00000008009e2c58
instanceKlass com/teamdev/jxbrowser/frame/internal/rpc/GetObjectType$ResponseOrBuilder
instanceKlass com/teamdev/jxbrowser/frame/internal/callback/GetObjectTypeCallback
instanceKlass com/teamdev/jxbrowser/frame/internal/rpc/ReadFieldOrBuilder
instanceKlass  @bci com/teamdev/jxbrowser/frame/internal/FrameImpl <init> (Lcom/teamdev/jxbrowser/browser/internal/BrowserImpl;Lcom/teamdev/jxbrowser/browser/internal/RenderProcess;Lcom/teamdev/jxbrowser/internal/rpc/FrameId;Lcom/teamdev/jxbrowser/internal/rpc/PageContextId;Z)V 194 <appendix> member <vmtarget> ; # com/teamdev/jxbrowser/frame/internal/FrameImpl$$Lambda+0x00000008009df7f0
instanceKlass com/teamdev/jxbrowser/frame/internal/rpc/ReadField$ResponseOrBuilder
instanceKlass com/teamdev/jxbrowser/frame/internal/callback/ReadFieldCallback
instanceKlass com/teamdev/jxbrowser/js/internal/JsValue
instanceKlass com/teamdev/jxbrowser/js/internal/rpc/JsValueOrBuilder
instanceKlass com/st/microxplorer/mcu/Solution
instanceKlass com/st/microxplorer/mcu/BspDependency
instanceKlass com/st/microxplorer/altova/db/IP_Modes/BspDependencyType$MemberElement_Condition
instanceKlass com/st/microxplorer/altova/db/IP_Modes/BspDependencyType$MemberAttribute_DmaMode
instanceKlass com/st/microxplorer/altova/db/IP_Modes/BspDependencyType$MemberAttribute_DmaRequest
instanceKlass com/st/microxplorer/altova/db/IP_Modes/BspDependencyType$MemberAttribute_Semaphore
instanceKlass com/st/microxplorer/altova/db/IP_Modes/BspDependencyType$MemberAttribute_GroupName
instanceKlass com/st/microxplorer/altova/db/IP_Modes/BspDependencyType$MemberAttribute_Description
instanceKlass com/st/microxplorer/altova/db/IP_Modes/BspDependencyType$MemberAttribute_Component
instanceKlass com/st/microxplorer/altova/db/IP_Modes/BspDependencyType$MemberAttribute_ApiVersion
instanceKlass com/st/microxplorer/altova/db/IP_Modes/BspDependencyType$MemberAttribute_Api
instanceKlass com/st/microxplorer/altova/db/IP_Modes/BspDependencyType$MemberAttribute_BspModeName
instanceKlass com/st/microxplorer/altova/db/IP_Modes/BspDependencyType$MemberAttribute_BspIpName
instanceKlass com/st/microxplorer/altova/db/IP_Modes/BspDependencyType$MemberAttribute_Comment
instanceKlass com/st/microxplorer/altova/db/IP_Modes/BspDependencyType$MemberAttribute_Name
instanceKlass com/teamdev/jxbrowser/frame/internal/rpc/UpdateFieldOrBuilder
instanceKlass  @bci com/teamdev/jxbrowser/frame/internal/FrameImpl <init> (Lcom/teamdev/jxbrowser/browser/internal/BrowserImpl;Lcom/teamdev/jxbrowser/browser/internal/RenderProcess;Lcom/teamdev/jxbrowser/internal/rpc/FrameId;Lcom/teamdev/jxbrowser/internal/rpc/PageContextId;Z)V 178 <appendix> member <vmtarget> ; # com/teamdev/jxbrowser/frame/internal/FrameImpl$$Lambda+0x00000008009d9248
instanceKlass com/teamdev/jxbrowser/frame/internal/rpc/UpdateField$ResponseOrBuilder
instanceKlass com/teamdev/jxbrowser/frame/internal/callback/UpdateFieldCallback
instanceKlass com/teamdev/jxbrowser/js/internal/JsAccessibleMember
instanceKlass com/teamdev/jxbrowser/internal/rpc/JsObjectProxyIdOrBuilder
instanceKlass com/teamdev/jxbrowser/frame/internal/rpc/MemberOrBuilder
instanceKlass com/teamdev/jxbrowser/frame/internal/rpc/CanAccessMemberOrBuilder
instanceKlass  @bci com/teamdev/jxbrowser/frame/internal/FrameImpl <init> (Lcom/teamdev/jxbrowser/browser/internal/BrowserImpl;Lcom/teamdev/jxbrowser/browser/internal/RenderProcess;Lcom/teamdev/jxbrowser/internal/rpc/FrameId;Lcom/teamdev/jxbrowser/internal/rpc/PageContextId;Z)V 162 <appendix> member <vmtarget> ; # com/teamdev/jxbrowser/frame/internal/FrameImpl$$Lambda+0x00000008009d4638
instanceKlass com/teamdev/jxbrowser/frame/internal/rpc/CanAccessMember$ResponseOrBuilder
instanceKlass com/teamdev/jxbrowser/frame/internal/callback/CanAccessMemberCallback
instanceKlass com/teamdev/jxbrowser/frame/internal/rpc/SwitchPageContexts$RequestOrBuilder
instanceKlass com/teamdev/jxbrowser/frame/internal/rpc/FinishFrameLoad$RequestOrBuilder
instanceKlass com/teamdev/jxbrowser/frame/internal/callback/FinishFrameLoadCallback$Params
instanceKlass com/teamdev/jxbrowser/frame/internal/rpc/EnumerateMembers$RequestOrBuilder
instanceKlass com/teamdev/jxbrowser/frame/internal/rpc/UpdateField$RequestOrBuilder
instanceKlass com/teamdev/jxbrowser/frame/internal/rpc/ReadField$RequestOrBuilder
instanceKlass com/teamdev/jxbrowser/frame/internal/rpc/InvokeMethod$RequestOrBuilder
instanceKlass com/teamdev/jxbrowser/frame/internal/rpc/GetObjectType$RequestOrBuilder
instanceKlass com/teamdev/jxbrowser/frame/internal/rpc/CanAccessMember$RequestOrBuilder
instanceKlass com/teamdev/jxbrowser/frame/internal/rpc/InjectJs$RequestOrBuilder
instanceKlass com/teamdev/jxbrowser/frame/internal/rpc/InjectCss$RequestOrBuilder
instanceKlass com/teamdev/jxbrowser/spellcheck/internal/rpc/SpellCheckingResultProto
instanceKlass com/teamdev/jxbrowser/js/internal/rpc/JsObjectProto
instanceKlass com/teamdev/jxbrowser/js/internal/rpc/JsValueProto
instanceKlass com/teamdev/jxbrowser/dom/NodeTypeProto
instanceKlass com/teamdev/jxbrowser/dom/internal/rpc/NodeInfoProto
instanceKlass com/teamdev/jxbrowser/frame/internal/rpc/FrameProto
instanceKlass com/teamdev/jxbrowser/frame/internal/rpc/SpellCheckCompletedOrBuilder
instanceKlass  @bci com/teamdev/jxbrowser/frame/internal/FrameImpl <init> (Lcom/teamdev/jxbrowser/browser/internal/BrowserImpl;Lcom/teamdev/jxbrowser/browser/internal/RenderProcess;Lcom/teamdev/jxbrowser/internal/rpc/FrameId;Lcom/teamdev/jxbrowser/internal/rpc/PageContextId;Z)V 144 <appendix> argL0 ; # com/teamdev/jxbrowser/frame/internal/FrameImpl$$Lambda+0x00000008009ce150
instanceKlass com/teamdev/jxbrowser/frame/internal/rpc/FrameStub
instanceKlass  @bci com/teamdev/jxbrowser/frame/internal/FrameImpl <init> (Lcom/teamdev/jxbrowser/browser/internal/BrowserImpl;Lcom/teamdev/jxbrowser/browser/internal/RenderProcess;Lcom/teamdev/jxbrowser/internal/rpc/FrameId;Lcom/teamdev/jxbrowser/internal/rpc/PageContextId;Z)V 125 <appendix> argL0 ; # com/teamdev/jxbrowser/frame/internal/FrameImpl$$Lambda+0x00000008009cdd00
instanceKlass com/teamdev/jxbrowser/dom/FrameElement
instanceKlass com/teamdev/jxbrowser/dom/ImageElement
instanceKlass com/teamdev/jxbrowser/dom/TextAreaElement
instanceKlass com/teamdev/jxbrowser/dom/InputElement
instanceKlass com/teamdev/jxbrowser/dom/OptionElement
instanceKlass com/teamdev/jxbrowser/dom/SelectElement
instanceKlass com/teamdev/jxbrowser/dom/FormControlElement
instanceKlass com/teamdev/jxbrowser/dom/FormElement
instanceKlass com/teamdev/jxbrowser/js/JsObject
instanceKlass com/teamdev/jxbrowser/deps/com/google/common/collect/ForwardingObject
instanceKlass com/teamdev/jxbrowser/js/internal/JsonImpl
instanceKlass  @bci com/teamdev/jxbrowser/frame/internal/WebStorageImpl <init> (Lcom/teamdev/jxbrowser/internal/rpc/transport/Connection;Lcom/teamdev/jxbrowser/dom/internal/rpc/StorageType;Lcom/teamdev/jxbrowser/internal/rpc/FrameId;)V 36 <appendix> argL0 ; # com/teamdev/jxbrowser/frame/internal/WebStorageImpl$$Lambda+0x00000008009c7b20
instanceKlass com/teamdev/jxbrowser/dom/internal/rpc/WebStorageStub
instanceKlass com/teamdev/jxbrowser/dom/internal/rpc/StorageType$1
instanceKlass com/teamdev/jxbrowser/frame/WebStorage
instanceKlass com/teamdev/jxbrowser/js/Json
instanceKlass  @bci com/teamdev/jxbrowser/frame/internal/Frames createFrame (Lcom/teamdev/jxbrowser/browser/internal/BrowserImpl;Lcom/teamdev/jxbrowser/frame/internal/rpc/CreateFrame$Request;)Lcom/teamdev/jxbrowser/frame/internal/rpc/CreateFrame$Response; 29 <appendix> member <vmtarget> ; # com/teamdev/jxbrowser/frame/internal/Frames$$Lambda+0x00000008009c5f70
instanceKlass com/teamdev/jxbrowser/internal/rpc/PageContextIdOrBuilder
instanceKlass com/teamdev/jxbrowser/browser/internal/rpc/StartRenderProcess$2
instanceKlass com/teamdev/jxbrowser/internal/rpc/StreamData$2
instanceKlass  @bci com/teamdev/jxbrowser/browser/internal/BrowserImpl notifyObserversAsync (Lcom/teamdev/jxbrowser/browser/event/BrowserEvent;)V 19 <appendix> member <vmtarget> ; # com/teamdev/jxbrowser/browser/internal/BrowserImpl$$Lambda+0x00000008009c22e0
instanceKlass  @bci com/teamdev/jxbrowser/browser/internal/RenderProcess <init> (Lcom/teamdev/jxbrowser/internal/rpc/transport/Connection;Lcom/teamdev/jxbrowser/internal/rpc/RenderProcessId;Lcom/teamdev/jxbrowser/internal/rpc/ProcessId;)V 52 <appendix> argL0 ; # com/teamdev/jxbrowser/browser/internal/RenderProcess$$Lambda+0x00000008009c20c8
instanceKlass com/teamdev/jxbrowser/browser/internal/RenderProcessStub
instanceKlass com/teamdev/jxbrowser/frame/RenderProcess
instanceKlass  @bci com/teamdev/jxbrowser/browser/internal/BrowserRpcConfig renderProcess (Lcom/teamdev/jxbrowser/browser/internal/rpc/RenderProcessStarted;Lcom/teamdev/jxbrowser/internal/rpc/RenderProcessId;Lcom/teamdev/jxbrowser/internal/rpc/ProcessId;)Lcom/teamdev/jxbrowser/browser/internal/RenderProcess; 17 <appendix> argL0 ; # com/teamdev/jxbrowser/browser/internal/BrowserRpcConfig$$Lambda+0x00000008009c1820
instanceKlass  @bci com/teamdev/jxbrowser/internal/rpc/stream/CallbackStream invokeCallback (Lcom/teamdev/jxbrowser/internal/rpc/StreamData;)V 176 <appendix> member <vmtarget> ; # com/teamdev/jxbrowser/internal/rpc/stream/CallbackStream$$Lambda+0x00000008009c15f0
instanceKlass  @bci com/teamdev/jxbrowser/internal/rpc/stream/CallbackStream invokeCallback (Lcom/teamdev/jxbrowser/internal/rpc/StreamData;)V 75 <appendix> member <vmtarget> ; # com/teamdev/jxbrowser/internal/rpc/stream/CallbackStream$$Lambda+0x00000008009c13b0
instanceKlass com/teamdev/jxbrowser/internal/rpc/ProcessIdOrBuilder
instanceKlass com/teamdev/jxbrowser/internal/rpc/RenderProcessIdOrBuilder
instanceKlass com/teamdev/jxbrowser/navigation/event/NavigationEvents
instanceKlass  @bci com/teamdev/jxbrowser/internal/rpc/stream/EventStream process (Lcom/teamdev/jxbrowser/internal/rpc/StreamData;)V 107 <appendix> member <vmtarget> ; # com/teamdev/jxbrowser/internal/rpc/stream/EventStream$$Lambda+0x00000008009bd718
instanceKlass com/st/microxplorer/altova/db/Mcu/IPType$MemberElement_SpecificParameter$MemberElement_SpecificParameter_Iterator
instanceKlass  @bci com/teamdev/jxbrowser/internal/rpc/stream/Stream$StreamObserver onNext (Lcom/teamdev/jxbrowser/internal/rpc/StreamData;)V 32 <appendix> member <vmtarget> ; # com/teamdev/jxbrowser/internal/rpc/stream/Stream$StreamObserver$$Lambda+0x00000008009bc668
instanceKlass com/st/microxplorer/mcu/ContextAllowed$ContextSplit
instanceKlass com/st/microxplorer/altova/db/Mcu/IPType$MemberElement_ContextSplit$MemberElement_ContextSplit_Iterator
instanceKlass com/st/microxplorer/mcu/RefValue
instanceKlass com/st/microxplorer/altova/db/IP_Modes/PossibleValueType$MemberAttribute_Comment
instanceKlass com/st/microxplorer/altova/db/IP_Modes/PossibleValueType$MemberAttribute_Semaphore
instanceKlass com/st/microxplorer/altova/db/IP_Modes/PossibleValueType$MemberAttribute_Action
instanceKlass com/st/microxplorer/altova/db/IP_Modes/PossibleValueType$MemberAttribute_Diagnostic
instanceKlass com/st/microxplorer/altova/db/IP_Modes/PossibleValueType$MemberAttribute_Condition
instanceKlass com/teamdev/jxbrowser/navigation/internal/rpc/LoadResponseOrBuilder
instanceKlass  @bci com/teamdev/jxbrowser/navigation/internal/NavigationImpl loadAndWait (Lcom/teamdev/jxbrowser/navigation/LoadUrlParams;Ljava/time/Duration;)Ljava/util/Optional; 61 <appendix> member <vmtarget> ; # com/teamdev/jxbrowser/navigation/internal/NavigationImpl$$Lambda+0x00000008009ba320
instanceKlass com/teamdev/jxbrowser/navigation/internal/rpc/LoadRequestOrBuilder
instanceKlass com/teamdev/jxbrowser/navigation/LoadUrlParams$Builder
instanceKlass com/st/microxplorer/altova/db/IP_Modes/RefModeType$MemberElement_BspDependency$MemberElement_BspDependency_Iterator
instanceKlass com/teamdev/jxbrowser/navigation/LoadUrlParams
instanceKlass com/st/microxplorer/altova/db/IP_Modes/RefModeType$MemberElement_ConfigForMode$MemberElement_ConfigForMode_Iterator
instanceKlass  @bci com/teamdev/jxbrowser/browser/internal/BrowserImpl initializeMainFrame ()V 80 <appendix> member <vmtarget> ; # com/teamdev/jxbrowser/browser/internal/BrowserImpl$$Lambda+0x00000008009b8478
instanceKlass com/st/microxplorer/altova/db/IP_Modes/ParameterType$MemberElement_PossibleValue$MemberElement_PossibleValue_Iterator
instanceKlass  @bci com/teamdev/jxbrowser/browser/internal/BrowserImpl initializeMainFrame ()V 61 <appendix> member <vmtarget> ; # com/teamdev/jxbrowser/browser/internal/BrowserImpl$$Lambda+0x00000008009b8000
instanceKlass com/st/microxplorer/altova/db/IP_Modes/ParameterType$MemberElement_Condition
instanceKlass com/st/microxplorer/altova/db/IP_Modes/ParameterType$MemberElement_PossibleValue
instanceKlass  @bci com/teamdev/jxbrowser/browser/internal/BrowserImpl initializeMainFrame ()V 42 <appendix> member <vmtarget> ; # com/teamdev/jxbrowser/browser/internal/BrowserImpl$$Lambda+0x00000008009b7870
instanceKlass com/st/microxplorer/altova/db/IP_Modes/ParameterType$MemberAttribute_Added
instanceKlass com/st/microxplorer/altova/db/IP_Modes/ParameterType$MemberAttribute_Comment
instanceKlass com/st/microxplorer/altova/db/IP_Modes/ParameterType$MemberAttribute_TabName
instanceKlass com/st/microxplorer/altova/db/IP_Modes/ParameterType$MemberAttribute_Group
instanceKlass com/teamdev/jxbrowser/navigation/internal/rpc/ShowHttpErrorPage$RequestOrBuilder
instanceKlass com/teamdev/jxbrowser/navigation/callback/ShowHttpErrorPageCallback$Params
instanceKlass com/st/microxplorer/altova/db/IP_Modes/ParameterType$MemberAttribute_RefParameter
instanceKlass com/st/microxplorer/altova/db/IP_Modes/ParameterType$MemberAttribute_Name
instanceKlass com/st/microxplorer/altova/db/IP_Modes/RefModeType$MemberElement_Parameter$MemberElement_Parameter_Iterator
instanceKlass com/st/microxplorer/mcu/RefMode
instanceKlass com/teamdev/jxbrowser/navigation/internal/rpc/ShowNetErrorPage$RequestOrBuilder
instanceKlass com/teamdev/jxbrowser/navigation/callback/ShowNetErrorPageCallback$Params
instanceKlass com/st/microxplorer/altova/db/IP_Modes/RefModeType$MemberElement_ContextCondition
instanceKlass com/st/microxplorer/altova/db/IP_Modes/RefModeType$MemberElement_Condition
instanceKlass com/teamdev/jxbrowser/navigation/internal/rpc/StartNavigation$RequestOrBuilder
instanceKlass com/teamdev/jxbrowser/navigation/callback/StartNavigationCallback$Params
instanceKlass com/st/microxplorer/altova/db/IP_Modes/RefModeType$MemberElement_BspDependency
instanceKlass com/st/microxplorer/altova/db/IP_Modes/RefModeType$MemberElement_Parameter
instanceKlass com/st/microxplorer/altova/db/IP_Modes/RefModeType$MemberElement_ConfigForMode
instanceKlass com/teamdev/jxbrowser/navigation/internal/rpc/LoadProgressChangedOrBuilder
instanceKlass com/teamdev/jxbrowser/navigation/event/LoadProgressChanged
instanceKlass com/st/microxplorer/altova/db/IP_Modes/RefModeType$MemberAttribute_Demo
instanceKlass com/st/microxplorer/altova/db/IP_Modes/RefModeType$MemberAttribute_TabName
instanceKlass com/st/microxplorer/altova/db/IP_Modes/RefModeType$MemberAttribute_Group
instanceKlass com/st/microxplorer/altova/db/IP_Modes/RefModeType$MemberAttribute_HalMode
instanceKlass com/st/microxplorer/altova/db/IP_Modes/RefModeType$MemberAttribute_Abstract2
instanceKlass com/teamdev/jxbrowser/navigation/internal/rpc/FrameDocumentLoadFinishedOrBuilder
instanceKlass com/teamdev/jxbrowser/navigation/event/FrameDocumentLoadFinished
instanceKlass com/st/microxplorer/altova/db/IP_Modes/RefModeType$MemberAttribute_BaseMode
instanceKlass com/st/microxplorer/altova/db/IP_Modes/RefModeType$MemberAttribute_Comment
instanceKlass com/st/microxplorer/altova/db/IP_Modes/RefModeType$MemberAttribute_Name
instanceKlass com/st/microxplorer/altova/db/IP_Modes/IPType$MemberElement_RefMode$MemberElement_RefMode_Iterator
instanceKlass com/teamdev/jxbrowser/navigation/internal/rpc/FrameLoadFailedOrBuilder
instanceKlass com/teamdev/jxbrowser/navigation/event/FrameLoadFailed
instanceKlass com/teamdev/jxbrowser/navigation/internal/rpc/FrameLoadFinishedOrBuilder
instanceKlass com/teamdev/jxbrowser/navigation/internal/rpc/NavigationFinishedOrBuilder
instanceKlass com/teamdev/jxbrowser/navigation/internal/rpc/NavigationRedirectedOrBuilder
instanceKlass com/teamdev/jxbrowser/navigation/event/NavigationRedirected
instanceKlass com/st/microxplorer/mcu/RefParameterSemaphore
instanceKlass com/st/microxplorer/mcu/RefParameter$ParamValue
instanceKlass com/teamdev/jxbrowser/navigation/internal/rpc/NavigationStoppedOrBuilder
instanceKlass com/teamdev/jxbrowser/navigation/event/NavigationStopped
instanceKlass com/st/microxplorer/altova/db/IP_Modes/PossibleValueType2$MemberAttribute_Action
instanceKlass com/st/microxplorer/altova/db/IP_Modes/PossibleValueType2$MemberAttribute_Diagnostic
instanceKlass com/st/microxplorer/altova/db/IP_Modes/PossibleValueType2$MemberAttribute_Condition
instanceKlass com/st/microxplorer/altova/db/IP_Modes/PossibleValueType2$MemberAttribute_Semaphore
instanceKlass com/st/microxplorer/altova/db/IP_Modes/PossibleValueType2$MemberAttribute_Comment
instanceKlass com/teamdev/jxbrowser/navigation/internal/rpc/NavigationStartedOrBuilder
instanceKlass com/teamdev/jxbrowser/navigation/event/NavigationStarted
instanceKlass com/st/microxplorer/altova/db/IP_Modes/PossibleValueType2$MemberAttribute_Value2
instanceKlass com/st/microxplorer/altova/db/IP_Modes/RefParameterType$MemberElement_AdditionalItem$MemberElement_AdditionalItem_Iterator
instanceKlass com/st/microxplorer/altova/db/IP_Modes/RefParameterType$MemberElement_PossibleValue$MemberElement_PossibleValue_Iterator
instanceKlass com/st/microxplorer/altova/db/IP_Modes/RefParameterType$MemberElement_ContextCondition
instanceKlass com/teamdev/jxbrowser/navigation/internal/rpc/LoadFinishedOrBuilder
instanceKlass com/teamdev/jxbrowser/navigation/event/LoadFinished
instanceKlass com/st/microxplorer/altova/db/IP_Modes/RefParameterType$MemberElement_ValueCondition
instanceKlass com/st/microxplorer/altova/db/IP_Modes/RefParameterType$MemberElement_Description
instanceKlass com/st/microxplorer/altova/db/IP_Modes/RefParameterType$MemberElement_AdditionalItem
instanceKlass com/st/microxplorer/altova/db/IP_Modes/RefParameterType$MemberElement_PossibleValue
instanceKlass com/st/microxplorer/altova/db/IP_Modes/RefParameterType$MemberElement_Condition
instanceKlass com/st/microxplorer/altova/db/IP_Modes/RefParameterType$MemberAttribute_DemoValue
instanceKlass com/st/microxplorer/altova/db/IP_Modes/RefParameterType$MemberAttribute_Demo
instanceKlass com/st/microxplorer/altova/db/IP_Modes/RefParameterType$MemberAttribute_Added
instanceKlass com/teamdev/jxbrowser/navigation/PageTypeProto
instanceKlass com/st/microxplorer/altova/db/IP_Modes/RefParameterType$MemberAttribute_NoCheckOpt
instanceKlass com/st/microxplorer/altova/db/IP_Modes/RefParameterType$MemberAttribute_Separator
instanceKlass com/st/microxplorer/altova/db/IP_Modes/RefParameterType$MemberAttribute_Unit
instanceKlass com/teamdev/jxbrowser/navigation/internal/rpc/NavigationProto
instanceKlass com/st/microxplorer/altova/db/IP_Modes/RefParameterType$MemberAttribute_IP
instanceKlass com/st/microxplorer/altova/db/IP_Modes/RefParameterType$MemberAttribute_ArrayTypeElement
instanceKlass com/st/microxplorer/altova/db/IP_Modes/RefParameterType$MemberAttribute_ArraySize
instanceKlass com/st/microxplorer/altova/db/IP_Modes/RefParameterType$MemberAttribute_Visible
instanceKlass com/teamdev/jxbrowser/navigation/internal/rpc/LoadStartedOrBuilder
instanceKlass com/st/microxplorer/altova/db/IP_Modes/RefParameterType$MemberAttribute_Max
instanceKlass com/teamdev/jxbrowser/navigation/event/LoadStarted
instanceKlass com/st/microxplorer/altova/db/IP_Modes/RefParameterType$MemberAttribute_Min
instanceKlass com/st/microxplorer/altova/db/IP_Modes/RefParameterType$MemberAttribute_Display
instanceKlass com/st/microxplorer/altova/db/IP_Modes/RefParameterType$MemberAttribute_Mode
instanceKlass  @bci com/teamdev/jxbrowser/navigation/internal/NavigationImpl <init> (Lcom/teamdev/jxbrowser/browser/internal/BrowserImpl;)V 30 <appendix> argL0 ; # com/teamdev/jxbrowser/navigation/internal/NavigationImpl$$Lambda+0x00000008009a8000
instanceKlass com/st/microxplorer/altova/db/IP_Modes/RefParameterType$MemberAttribute_DefaultValue
instanceKlass com/teamdev/jxbrowser/navigation/internal/rpc/NavigationStub
instanceKlass com/st/microxplorer/altova/db/IP_Modes/RefParameterType$MemberAttribute_TabName
instanceKlass com/st/microxplorer/altova/db/IP_Modes/RefParameterType$MemberAttribute_Group
instanceKlass com/st/microxplorer/altova/db/IP_Modes/RefParameterType$MemberAttribute_Type
instanceKlass com/st/microxplorer/altova/db/IP_Modes/RefParameterType$MemberAttribute_Comment
instanceKlass com/st/microxplorer/altova/db/IP_Modes/RefParameterType$MemberAttribute_Name
instanceKlass com/st/microxplorer/altova/db/IP_Modes/IPType$MemberElement_RefParameter$MemberElement_RefParameter_Iterator
instanceKlass  @bci com/teamdev/jxbrowser/browser/internal/BrowserRpcConfig interceptCaptureSessions ()V 7 <appendix> member <vmtarget> ; # com/teamdev/jxbrowser/browser/internal/BrowserRpcConfig$$Lambda+0x00000008009a64e0
instanceKlass com/teamdev/jxbrowser/internal/rpc/FilePathOrBuilder
instanceKlass com/teamdev/jxbrowser/download/internal/rpc/DownloadTargetOrBuilder
instanceKlass com/teamdev/jxbrowser/internal/rpc/DownloadIdOrBuilder
instanceKlass com/teamdev/jxbrowser/internal/rpc/FrameIdOrBuilder
instanceKlass com/teamdev/jxbrowser/download/internal/rpc/StartDownload$ResponseOrBuilder
instanceKlass com/teamdev/jxbrowser/download/internal/rpc/StartDownloadOrBuilder
instanceKlass com/teamdev/jxbrowser/browser/callback/StartDownloadCallback
instanceKlass com/st/microxplorer/altova/db/IP_Modes/ModeType$MemberElement_Semaphore$MemberElement_Semaphore_Iterator
instanceKlass  @bci com/teamdev/jxbrowser/browser/internal/BrowserRpcConfig interceptDownloads ()V 7 <appendix> member <vmtarget> ; # com/teamdev/jxbrowser/browser/internal/BrowserRpcConfig$$Lambda+0x00000008009a1418
instanceKlass com/st/microxplorer/altova/db/IP_Modes/ConditionType$MemberAttribute_Name
instanceKlass com/st/microxplorer/altova/db/IP_Modes/ConditionType$MemberAttribute_Diagnostic
instanceKlass com/st/microxplorer/altova/db/IP_Modes/ConditionType$MemberAttribute_Expression
instanceKlass com/st/microxplorer/altova/db/IP_Modes/ModeType$MemberElement_Condition$MemberElement_Condition_Iterator
instanceKlass jp/ac/kobe_u/cs/cream/Condition
instanceKlass jp/ac/kobe_u/cs/cream/Code
instanceKlass jp/ac/kobe_u/cs/cream/Solution
instanceKlass com/teamdev/jxbrowser/internal/rpc/ExtensionIdOrBuilder
instanceKlass jp/ac/kobe_u/cs/cream/Trail
instanceKlass jp/ac/kobe_u/cs/cream/Constraint
instanceKlass jp/ac/kobe_u/cs/cream/Domain
instanceKlass jp/ac/kobe_u/cs/cream/Network
instanceKlass com/st/microxplorer/util/SortableDomain
instanceKlass jp/ac/kobe_u/cs/cream/Solver
instanceKlass com/st/microxplorer/util/ConstraintSolver
instanceKlass com/teamdev/jxbrowser/extensions/internal/rpc/OpenExtensionActionPopup$ResponseOrBuilder
instanceKlass com/st/microxplorer/mcu/PinoutRecombination$PinAndSignal
instanceKlass com/st/microxplorer/mcu/Signal$IOMode
instanceKlass com/teamdev/jxbrowser/extensions/internal/rpc/OpenExtensionActionPopupOrBuilder
instanceKlass com/st/microxplorer/altova/db/IP_Modes/SignalType$MemberAttribute_Direction
instanceKlass com/st/microxplorer/altova/db/IP_Modes/SignalType$MemberAttribute_IOMode
instanceKlass com/st/microxplorer/altova/db/IP_Modes/SignalType$MemberAttribute_Name
instanceKlass com/teamdev/jxbrowser/browser/callback/OpenExtensionActionPopupCallback
instanceKlass com/teamdev/jxbrowser/browser/callback/BrowserAsyncCallback
instanceKlass com/st/microxplorer/altova/db/IP_Modes/SignalLogicalOpType$MemberElement_Signal$MemberElement_Signal_Iterator
instanceKlass  @bci com/teamdev/jxbrowser/browser/internal/BrowserRpcConfig interceptPopups ()V 22 <appendix> member <vmtarget> ; # com/teamdev/jxbrowser/browser/internal/BrowserRpcConfig$$Lambda+0x0000000800998b98
instanceKlass com/st/microxplorer/altova/db/IP_Modes/SignalLogicalOpType$MemberElement_Signal
instanceKlass com/st/microxplorer/altova/db/IP_Modes/SignalLogicalOpType$MemberAttribute_Name
# instanceKlass java/lang/invoke/LambdaForm$MH+0x000000080099c400
instanceKlass com/st/microxplorer/altova/db/IP_Modes/ModeType$MemberElement_ModeLogicOperator$MemberElement_ModeLogicOperator_Iterator
instanceKlass com/st/microxplorer/altova/db/IP_Modes/ModeType$MemberElement_SignalLogicalOp$MemberElement_SignalLogicalOp_Iterator
instanceKlass com/st/microxplorer/altova/db/IP_Modes/ModeType$MemberElement_ContextCondition
instanceKlass com/st/microxplorer/altova/db/IP_Modes/ModeType$MemberElement_Condition
instanceKlass com/st/microxplorer/altova/db/IP_Modes/ModeType$MemberElement_Semaphore
instanceKlass com/st/microxplorer/altova/db/IP_Modes/ModeType$MemberElement_SignalLogicalOp
instanceKlass com/st/microxplorer/altova/db/IP_Modes/ModeType$MemberElement_ModeLogicOperator
instanceKlass com/st/microxplorer/altova/db/IP_Modes/ModeType$MemberAttribute_ShrinkName
instanceKlass com/st/microxplorer/altova/db/IP_Modes/ModeType$MemberAttribute_RemoveCondition
instanceKlass com/st/microxplorer/altova/db/IP_Modes/ModeType$MemberAttribute_RemoveDisable
instanceKlass com/st/microxplorer/altova/db/IP_Modes/ModeType$MemberAttribute_Name
instanceKlass com/st/microxplorer/altova/db/IP_Modes/ModeType$MemberAttribute_UserName
instanceKlass com/st/microxplorer/altova/db/IP_Modes/ModeLogicOperatorType$MemberElement_Mode$MemberElement_Mode_Iterator
instanceKlass org/apache/commons/lang3/CharSequenceUtils
instanceKlass com/st/microxplorer/altova/db/IP_Modes/ModeLogicOperatorType$MemberElement_Mode
instanceKlass com/st/microxplorer/altova/db/IP_Modes/ModeLogicOperatorType$MemberAttribute_Name
instanceKlass com/st/microxplorer/altova/db/IP_Modes/IPType$MemberElement_ModeLogicOperator$MemberElement_ModeLogicOperator_Iterator
instanceKlass com/teamdev/jxbrowser/browser/callback/OpenPopupCallback$Response
instanceKlass com/st/microxplorer/altova/db/IP_Modes/RefSignalType$MemberElement_SpecificParameter
instanceKlass com/st/microxplorer/altova/db/IP_Modes/RefSignalType$MemberAttribute_Virtual
instanceKlass com/st/microxplorer/altova/db/IP_Modes/RefSignalType$MemberAttribute_Direction
instanceKlass com/st/microxplorer/altova/db/IP_Modes/RefSignalType$MemberAttribute_ExclusiveGroupName
instanceKlass com/st/microxplorer/altova/db/IP_Modes/RefSignalType$MemberAttribute_ShareableGroupName
instanceKlass com/st/microxplorer/altova/db/IP_Modes/RefSignalType$MemberAttribute_IOMode
instanceKlass com/st/microxplorer/altova/db/IP_Modes/RefSignalType$MemberAttribute_Name
instanceKlass com/st/microxplorer/altova/db/IP_Modes/IPType$MemberElement_RefSignal$MemberElement_RefSignal_Iterator
instanceKlass com/teamdev/jxbrowser/browser/internal/rpc/OpenPopup$ResponseOrBuilder
instanceKlass com/st/microxplorer/altova/db/IP_Modes/AboutType$MemberAttribute_Description
instanceKlass com/teamdev/jxbrowser/browser/internal/rpc/OpenPopupOrBuilder
instanceKlass  @bci com/teamdev/jxbrowser/internal/rpc/ServiceConnectionImpl lambda$setCallbackInterceptor$4 (Ljava/lang/Class;Ljava/lang/Class;)Lcom/teamdev/jxbrowser/internal/rpc/stream/CallbackStream; 11 <appendix> member <vmtarget> ; # com/teamdev/jxbrowser/internal/rpc/ServiceConnectionImpl$$Lambda+0x0000000800990c90
instanceKlass  @bci com/teamdev/jxbrowser/internal/rpc/ServiceConnectionImpl setCallbackInterceptor (Ljava/lang/Class;Lcom/teamdev/jxbrowser/internal/rpc/stream/Interceptor;)V 23 <appendix> member <vmtarget> ; # com/teamdev/jxbrowser/internal/rpc/ServiceConnectionImpl$$Lambda+0x0000000800990a50
instanceKlass com/teamdev/jxbrowser/browser/callback/OpenPopupCallback
instanceKlass com/teamdev/jxbrowser/browser/callback/BrowserSyncCallback
instanceKlass com/teamdev/jxbrowser/browser/callback/BrowserCallback
instanceKlass com/st/microxplorer/altova/db/IP_Modes/IPType$MemberElement_Condition
instanceKlass com/st/microxplorer/altova/db/IP_Modes/IPType$MemberElement_Semaphore
instanceKlass  @bci com/teamdev/jxbrowser/browser/internal/BrowserRpcConfig interceptPopups ()V 7 <appendix> member <vmtarget> ; # com/teamdev/jxbrowser/browser/internal/BrowserRpcConfig$$Lambda+0x000000080098f9d0
instanceKlass com/st/microxplorer/altova/db/IP_Modes/IPType$MemberElement_GPIO_Port
instanceKlass com/st/microxplorer/altova/db/IP_Modes/IPType$MemberElement_GPIO_Pin
instanceKlass com/st/microxplorer/altova/db/IP_Modes/IPType$MemberElement_RefSignal
instanceKlass com/st/microxplorer/altova/db/IP_Modes/IPType$MemberElement_ModeLogicOperator
instanceKlass com/st/microxplorer/altova/db/IP_Modes/IPType$MemberElement_RefMode
instanceKlass com/st/microxplorer/altova/db/IP_Modes/IPType$MemberElement_RefParameter
instanceKlass com/st/microxplorer/altova/db/IP_Modes/IPType$MemberElement_IPDependencies
instanceKlass com/st/microxplorer/altova/db/IP_Modes/IPType$MemberElement_About
instanceKlass com/st/microxplorer/altova/db/IP_Modes/IPType$MemberAttribute_IpGroup
instanceKlass com/teamdev/jxbrowser/browser/internal/rpc/RenderProcessTerminatedOrBuilder
instanceKlass com/st/microxplorer/altova/db/IP_Modes/IPType$MemberAttribute_ImportFile
instanceKlass com/st/microxplorer/altova/db/IP_Modes/IPType$MemberAttribute_DBVersion
instanceKlass com/st/microxplorer/altova/db/IP_Modes/IPType$MemberAttribute_IPType2
instanceKlass com/st/microxplorer/altova/db/IP_Modes/IPType$MemberAttribute_Version
instanceKlass com/st/microxplorer/altova/db/IP_Modes/IPType$MemberAttribute_Name
instanceKlass com/st/microxplorer/altova/db/IP_Modes/IP_Modes2$MemberElement_SpecificParameter
instanceKlass com/st/microxplorer/altova/db/IP_Modes/IP_Modes2$MemberElement_RefSignal
instanceKlass com/st/microxplorer/altova/db/IP_Modes/IP_Modes2$MemberElement_RefParameter
instanceKlass com/st/microxplorer/altova/db/IP_Modes/IP_Modes2$MemberElement_RefMode
instanceKlass com/st/microxplorer/altova/db/IP_Modes/IP_Modes2$MemberElement_ParameterGroup
instanceKlass com/st/microxplorer/altova/db/IP_Modes/IP_Modes2$MemberElement_Parameter
instanceKlass com/st/microxplorer/altova/db/IP_Modes/IP_Modes2$MemberElement_ModeLogicOperator
instanceKlass com/st/microxplorer/altova/db/IP_Modes/IP_Modes2$MemberElement_Mode
instanceKlass com/st/microxplorer/altova/db/IP_Modes/IP_Modes2$MemberElement_IP
instanceKlass com/st/microxplorer/altova/db/IP_Modes/IP_Modes2$MemberElement_Dependency
instanceKlass com/st/microxplorer/altova/db/IP_Modes/IP_Modes2$MemberElement_DMA_Flow
instanceKlass com/teamdev/jxbrowser/browser/internal/rpc/TerminateRenderProcessOrBuilder
instanceKlass com/st/microxplorer/altova/db/IP_Modes/IP_Modes2$MemberElement_ContextCondition
instanceKlass com/st/microxplorer/altova/db/IP_Modes/IP_Modes_TypeInfo$MemberInfoCreator
instanceKlass  @bci com/teamdev/jxbrowser/browser/internal/BrowserRpcConfig createRenderProcess ()V 23 <appendix> member <vmtarget> ; # com/teamdev/jxbrowser/browser/internal/BrowserRpcConfig$$Lambda+0x0000000800988a98
instanceKlass com/st/microxplorer/altova/db/IP_Modes/IP_Modes_TypeInfo$TypeInfoCreator
instanceKlass com/teamdev/jxbrowser/browser/internal/rpc/TerminateRenderProcess$ResponseOrBuilder
instanceKlass com/teamdev/jxbrowser/browser/internal/callback/TerminateRenderProcessCallback
instanceKlass com/teamdev/jxbrowser/browser/internal/rpc/RenderProcessStartedOrBuilder
instanceKlass com/st/microxplorer/altova/db/IP_Modes/IP_Modes_TypeInfo$InfoBinder
instanceKlass com/st/microxplorer/altova/db/IP_Modes/IP_Modes_TypeInfo
instanceKlass com/st/microxplorer/altova/db/IP_Modes/IP_Modes2$MemberElement_Condition
instanceKlass com/teamdev/jxbrowser/browser/internal/rpc/StartRenderProcessOrBuilder
instanceKlass java/text/AttributedString$AttributedStringIterator
instanceKlass java/text/AttributedCharacterIterator
instanceKlass com/teamdev/jxbrowser/browser/callback/InjectCssCallback$Response
instanceKlass com/teamdev/jxbrowser/browser/callback/InjectCssCallback$Params
instanceKlass java/text/AttributedString
instanceKlass  @bci com/teamdev/jxbrowser/browser/internal/BrowserRpcConfig createRenderProcess ()V 7 <appendix> member <vmtarget> ; # com/teamdev/jxbrowser/browser/internal/BrowserRpcConfig$$Lambda+0x0000000800984680
instanceKlass com/teamdev/jxbrowser/browser/internal/rpc/StartRenderProcess$ResponseOrBuilder
instanceKlass sun/awt/im/CompositionAreaHandler
instanceKlass com/teamdev/jxbrowser/browser/internal/callback/StartRenderProcessCallback
instanceKlass com/teamdev/jxbrowser/browser/internal/callback/RenderProcessesSyncCallback
instanceKlass com/teamdev/jxbrowser/browser/internal/callback/RenderProcessesCallback
instanceKlass com/teamdev/jxbrowser/browser/internal/BrowserImpl$ClosingHandler
instanceKlass com/teamdev/jxbrowser/browser/event/SpellCheckCompleted
instanceKlass com/teamdev/jxbrowser/browser/event/RenderProcessTerminated
instanceKlass com/teamdev/jxbrowser/browser/event/RenderProcessStarted
instanceKlass com/teamdev/jxbrowser/browser/event/BrowserClosing
instanceKlass com/teamdev/jxbrowser/frame/internal/callback/InjectJsCallback
instanceKlass com/teamdev/jxbrowser/frame/internal/callback/InjectCssCallback
instanceKlass com/teamdev/jxbrowser/frame/internal/callback/FrameSyncCallback
instanceKlass com/teamdev/jxbrowser/frame/internal/callback/FrameCallback
instanceKlass  @bci com/teamdev/jxbrowser/browser/internal/BrowserRpcConfig <init> (Lcom/teamdev/jxbrowser/browser/internal/BrowserImpl;Lcom/teamdev/jxbrowser/internal/rpc/transport/Connection;)V 208 <appendix> argL0 ; # com/teamdev/jxbrowser/browser/internal/BrowserRpcConfig$$Lambda+0x0000000800982608
instanceKlass com/teamdev/jxbrowser/net/internal/rpc/ClientCertificateChooserProto
instanceKlass com/teamdev/jxbrowser/net/internal/rpc/SelectClientCertificate$RequestOrBuilder
instanceKlass com/teamdev/jxbrowser/browser/callback/SelectClientCertificateCallback$Params
instanceKlass java/awt/KeyboardFocusManager$3
instanceKlass  @bci com/teamdev/jxbrowser/browser/internal/BrowserRpcConfig <init> (Lcom/teamdev/jxbrowser/browser/internal/BrowserImpl;Lcom/teamdev/jxbrowser/internal/rpc/transport/Connection;)V 196 <appendix> argL0 ; # com/teamdev/jxbrowser/browser/internal/BrowserRpcConfig$$Lambda+0x0000000800981850
instanceKlass com/teamdev/jxbrowser/net/internal/rpc/ClientCertificateChooserStub
instanceKlass javax/swing/Autoscroller
instanceKlass java/awt/KeyboardFocusManager$LightweightFocusRequest
instanceKlass com/teamdev/jxbrowser/internal/rpc/ShowPopup$RequestOrBuilder
instanceKlass com/st/microxplorer/mcu/Mode
instanceKlass com/teamdev/jxbrowser/browser/callback/internal/ShowSuggestionsCallback$Params
instanceKlass com/st/microxplorer/plugins/pinoutandconfiguration/PinoutAndConfigurationView$4$1
instanceKlass java/awt/KeyboardFocusManager$HeavyweightFocusRequest
instanceKlass com/st/microxplorer/mcu/bootpath/IBootPathService
instanceKlass sun/awt/KeyboardFocusManagerPeerImpl$KfmAccessor
instanceKlass com/teamdev/jxbrowser/internal/rpc/SuggestionsHiddenOrBuilder
instanceKlass com/teamdev/jxbrowser/browser/event/internal/SuggestionsHidden
instanceKlass com/st/microxplorer/mcu/rif/IRIFService
instanceKlass com/teamdev/jxbrowser/suggestions/SuggestionsPopupTypeProto
instanceKlass com/teamdev/jxbrowser/internal/rpc/SuggestionsPopupServiceProto
instanceKlass com/st/microxplorer/db/ApiDbIP
instanceKlass com/teamdev/jxbrowser/internal/rpc/SuggestionsUpdatedOrBuilder
instanceKlass com/teamdev/jxbrowser/browser/event/internal/SuggestionsUpdated
instanceKlass  @bci com/teamdev/jxbrowser/browser/internal/BrowserRpcConfig <init> (Lcom/teamdev/jxbrowser/browser/internal/BrowserImpl;Lcom/teamdev/jxbrowser/internal/rpc/transport/Connection;)V 184 <appendix> argL0 ; # com/teamdev/jxbrowser/browser/internal/BrowserRpcConfig$$Lambda+0x0000000800957dd8
instanceKlass java/awt/LightweightDispatcher$2
instanceKlass com/st/microxplorer/altova/db/Mcu/IPType$MemberElement_ContextSplit
instanceKlass com/teamdev/jxbrowser/internal/rpc/SuggestionsPopupServiceStub
instanceKlass java/awt/Window$1DisposeAction
instanceKlass com/st/microxplorer/altova/db/Mcu/IPType$MemberElement_SpecificParameter
instanceKlass com/teamdev/jxbrowser/net/internal/rpc/CertificateErrorHandlerProto
instanceKlass com/st/microxplorer/altova/db/Mcu/IPType$MemberAttribute_IPContextCoupling
instanceKlass com/st/microxplorer/altova/db/Mcu/IPType$MemberAttribute_PowerDomain
instanceKlass javax/swing/plaf/metal/MetalUtils
instanceKlass com/st/microxplorer/altova/db/Mcu/IPType$MemberAttribute_AccessControl
instanceKlass java/text/DigitList$1
instanceKlass com/st/microxplorer/altova/db/Mcu/IPType$MemberAttribute_ConfigFile
instanceKlass jdk/internal/math/FDBigInteger
instanceKlass com/teamdev/jxbrowser/net/internal/rpc/AllowCertificateError$RequestOrBuilder
instanceKlass java/text/FieldPosition$Delegate
instanceKlass com/teamdev/jxbrowser/browser/callback/CertificateErrorCallback$Params
instanceKlass com/st/microxplorer/altova/db/Mcu/IPType$MemberAttribute_ClockEnableMode
instanceKlass com/st/microxplorer/altova/db/Mcu/IPType$MemberAttribute_Version
instanceKlass  @bci com/teamdev/jxbrowser/browser/internal/BrowserRpcConfig <init> (Lcom/teamdev/jxbrowser/browser/internal/BrowserImpl;Lcom/teamdev/jxbrowser/internal/rpc/transport/Connection;)V 172 <appendix> argL0 ; # com/teamdev/jxbrowser/browser/internal/BrowserRpcConfig$$Lambda+0x0000000800956378
instanceKlass com/teamdev/jxbrowser/net/internal/rpc/CertificateErrorHandlerStub
instanceKlass com/st/microxplorer/altova/db/Mcu/IPType$MemberAttribute_Name
instanceKlass sun/font/StandardGlyphVector$GlyphStrike
instanceKlass com/st/microxplorer/altova/db/Mcu/IPType$MemberAttribute_InstanceName
instanceKlass sun/font/FontSubstitution
instanceKlass java/awt/font/GlyphVector
instanceKlass com/teamdev/jxbrowser/media/MediaDeviceTypeProto
instanceKlass com/teamdev/jxbrowser/media/internal/rpc/MediaDeviceProto
instanceKlass com/st/microxplorer/altova/db/Mcu/McuType$MemberElement_IP$MemberElement_IP_Iterator
instanceKlass com/teamdev/jxbrowser/media/internal/rpc/MediaDeviceManagerProto
instanceKlass com/st/microxplorer/db/McuAttributeClassification$McuAttributeItem
instanceKlass com/st/microxplorer/db/McuAttributeClassification$McuCategoryItem
instanceKlass com/st/microxplorer/db/McuAttributeClassification
instanceKlass com/teamdev/jxbrowser/media/internal/rpc/SelectMediaDevice$RequestOrBuilder
instanceKlass com/teamdev/jxbrowser/media/callback/SelectMediaDeviceCallback$Params
instanceKlass com/st/microxplorer/db/ApiDbMcu$1
instanceKlass sun/swing/MenuItemLayoutHelper$ColumnAlignment
instanceKlass sun/swing/MenuItemLayoutHelper$LayoutResult
instanceKlass  @bci com/teamdev/jxbrowser/browser/internal/BrowserRpcConfig <init> (Lcom/teamdev/jxbrowser/browser/internal/BrowserImpl;Lcom/teamdev/jxbrowser/internal/rpc/transport/Connection;)V 160 <appendix> argL0 ; # com/teamdev/jxbrowser/browser/internal/BrowserRpcConfig$$Lambda+0x0000000800953dd8
instanceKlass com/teamdev/jxbrowser/media/internal/rpc/MediaDeviceManagerStub
instanceKlass sun/java2d/marlin/ArrayCacheConst
instanceKlass sun/java2d/marlin/Helpers
instanceKlass java/awt/geom/LineIterator
instanceKlass com/teamdev/jxbrowser/menu/ContextMenuItemTypeProto
instanceKlass sun/java2d/marlin/DPQSSorterContext
instanceKlass sun/java2d/marlin/MarlinUtils
instanceKlass sun/java2d/marlin/MergeSort
instanceKlass sun/java2d/marlin/Dasher$LengthIterator
instanceKlass com/teamdev/jxbrowser/internal/rpc/ContextMenuProto
instanceKlass sun/java2d/marlin/Dasher
instanceKlass sun/java2d/marlin/Stroker
instanceKlass com/st/microxplorer/altova/db/Mcu/SignalType$MemberAttribute_IOModes
instanceKlass com/teamdev/jxbrowser/internal/rpc/ShowContextMenu$RequestOrBuilder
instanceKlass sun/java2d/marlin/MarlinTileGenerator
instanceKlass sun/java2d/pipe/AATileGenerator
instanceKlass com/teamdev/jxbrowser/browser/callback/ShowContextMenuCallback$Params
instanceKlass com/st/microxplorer/altova/db/Mcu/SignalType$MemberAttribute_Name
instanceKlass sun/java2d/marlin/Renderer
instanceKlass  @bci com/teamdev/jxbrowser/browser/internal/BrowserRpcConfig <init> (Lcom/teamdev/jxbrowser/browser/internal/BrowserImpl;Lcom/teamdev/jxbrowser/internal/rpc/transport/Connection;)V 148 <appendix> argL0 ; # com/teamdev/jxbrowser/browser/internal/BrowserRpcConfig$$Lambda+0x0000000800952420
instanceKlass com/st/microxplorer/altova/db/Mcu/PinType$MemberElement_Signal$MemberElement_Signal_Iterator
instanceKlass com/teamdev/jxbrowser/internal/rpc/ContextMenuServiceStub
instanceKlass sun/java2d/marlin/ArrayCacheIntClean$Reference
instanceKlass com/st/microxplorer/altova/db/Mcu/PinType$MemberElement_Condition$MemberElement_Condition_Iterator
instanceKlass  @bci sun/java2d/marlin/OffHeapArray <init> (Ljava/lang/Object;J)V 52 <appendix> member <vmtarget> ; # sun/java2d/marlin/OffHeapArray$$Lambda+0x0000000800965d78
instanceKlass sun/java2d/marlin/OffHeapArray
instanceKlass sun/java2d/marlin/MarlinCache
instanceKlass sun/java2d/marlin/ArrayCacheInt$Reference
instanceKlass sun/java2d/marlin/Helpers$IndexStack
instanceKlass sun/java2d/marlin/TransformingPathConsumer2D$PathClipFilter
instanceKlass sun/java2d/marlin/TransformingPathConsumer2D$StartFlagPathConsumer2D
instanceKlass sun/java2d/marlin/ArrayCacheByte$Reference
instanceKlass com/st/microxplorer/mcu/Pin
instanceKlass com/teamdev/jxbrowser/browser/internal/rpc/TerminateRenderProcess$RequestOrBuilder
instanceKlass sun/java2d/marlin/ArrayCacheDouble$Reference
instanceKlass sun/java2d/marlin/Helpers$PolyStack
instanceKlass sun/java2d/marlin/TransformingPathConsumer2D$ClosedPathDetector
instanceKlass sun/java2d/marlin/TransformingPathConsumer2D$PathTracer
instanceKlass sun/java2d/marlin/TransformingPathConsumer2D$DeltaTransformFilter
instanceKlass sun/java2d/marlin/TransformingPathConsumer2D$DeltaScaleFilter
instanceKlass com/st/microxplorer/altova/db/Mcu/PinType$MemberElement_Condition
instanceKlass sun/java2d/marlin/TransformingPathConsumer2D$Path2DWrapper
instanceKlass com/teamdev/jxbrowser/browser/event/TerminationStatusProto
instanceKlass sun/java2d/marlin/TransformingPathConsumer2D
instanceKlass com/teamdev/jxbrowser/browser/internal/rpc/RenderProcessesProto
instanceKlass com/st/microxplorer/altova/db/Mcu/PinType$MemberElement_Signal
instanceKlass sun/java2d/marlin/TransformingPathConsumer2D$CurveClipSplitter
instanceKlass sun/java2d/marlin/TransformingPathConsumer2D$CurveBasicMonotonizer
instanceKlass com/st/microxplorer/altova/db/Mcu/PinType$MemberAttribute_RequestToSecureIP
instanceKlass sun/java2d/marlin/DMarlinRenderingEngine$NormalizingPathIterator
instanceKlass sun/java2d/marlin/RendererContext$PathConsumer2DAdapter
instanceKlass com/st/microxplorer/altova/db/Mcu/PinType$MemberAttribute_Type
instanceKlass sun/java2d/marlin/ArrayCacheByte
instanceKlass com/teamdev/jxbrowser/browser/internal/rpc/StartRenderProcess$RequestOrBuilder
instanceKlass sun/java2d/marlin/ArrayCacheDouble
instanceKlass sun/java2d/marlin/ArrayCacheInt
instanceKlass sun/java2d/marlin/ArrayCacheIntClean
instanceKlass com/st/microxplorer/altova/db/Mcu/PinType$MemberAttribute_Variant
instanceKlass  @bci com/teamdev/jxbrowser/browser/internal/BrowserRpcConfig <init> (Lcom/teamdev/jxbrowser/browser/internal/BrowserImpl;Lcom/teamdev/jxbrowser/internal/rpc/transport/Connection;)V 136 <appendix> argL0 ; # com/teamdev/jxbrowser/browser/internal/BrowserRpcConfig$$Lambda+0x000000080094bb68
instanceKlass sun/java2d/marlin/PathSimplifier
instanceKlass com/st/microxplorer/altova/db/Mcu/PinType$MemberAttribute_Name
instanceKlass com/teamdev/jxbrowser/browser/internal/rpc/RenderProcessesStub
instanceKlass sun/java2d/marlin/CollinearSimplifier
instanceKlass sun/java2d/marlin/DPathConsumer2D
instanceKlass com/st/microxplorer/altova/db/Mcu/PinType$MemberAttribute_Position
instanceKlass sun/java2d/marlin/Curve
instanceKlass com/st/microxplorer/altova/db/Mcu/McuType$MemberElement_Pin$MemberElement_Pin_Iterator
instanceKlass com/teamdev/jxbrowser/browser/internal/rpc/OpenPopup$RequestOrBuilder
instanceKlass com/teamdev/jxbrowser/browser/callback/OpenPopupCallback$Params
instanceKlass com/st/microxplorer/altova/db/Mcu/McuType$MemberElement_GentypeFirmware$MemberElement_GentypeFirmware_Iterator
instanceKlass com/st/microxplorer/altova/db/Mcu/McuType$MemberElement_ContextProject$MemberElement_ContextProject_Iterator
instanceKlass com/st/microxplorer/altova/db/Mcu/McuType$MemberElement_Context$MemberElement_Context_Iterator
instanceKlass com/st/microxplorer/altova/db/Mcu/TemperatureType$MemberAttribute_Max
instanceKlass com/st/microxplorer/altova/db/Mcu/TemperatureType$MemberAttribute_Min
instanceKlass com/teamdev/jxbrowser/browser/internal/rpc/PopupCreatorProto
instanceKlass com/st/microxplorer/altova/db/Mcu/McuType$MemberElement_Temperature$MemberElement_Temperature_Iterator
instanceKlass com/st/microxplorer/altova/db/Mcu/McuType$MemberElement_Current$MemberElement_Current_Iterator
instanceKlass com/st/microxplorer/altova/db/Mcu/VoltageType$MemberAttribute_Max
instanceKlass com/st/microxplorer/altova/db/Mcu/VoltageType$MemberAttribute_Min
instanceKlass com/teamdev/jxbrowser/browser/internal/rpc/CreatePopup$RequestOrBuilder
instanceKlass com/teamdev/jxbrowser/browser/callback/CreatePopupCallback$Params
instanceKlass com/st/microxplorer/altova/db/Mcu/McuType$MemberElement_Voltage$MemberElement_Voltage_Iterator
instanceKlass  @bci com/teamdev/jxbrowser/browser/internal/BrowserRpcConfig <init> (Lcom/teamdev/jxbrowser/browser/internal/BrowserImpl;Lcom/teamdev/jxbrowser/internal/rpc/transport/Connection;)V 124 <appendix> argL0 ; # com/teamdev/jxbrowser/browser/internal/BrowserRpcConfig$$Lambda+0x000000080094dd08
instanceKlass com/st/microxplorer/altova/db/Mcu/McuType$MemberElement_Flash$MemberElement_Flash_Iterator
instanceKlass com/teamdev/jxbrowser/browser/internal/rpc/PopupCreatorStub
instanceKlass com/st/microxplorer/altova/db/Mcu/McuType$MemberElement_Die$MemberElement_Die_Iterator
instanceKlass com/st/microxplorer/altova/db/Mcu/McuType$MemberElement_BootPath$MemberElement_BootPath_Iterator
instanceKlass com/st/microxplorer/altova/db/Mcu/McuType$MemberElement_LPBAM$MemberElement_LPBAM_Iterator
instanceKlass com/st/microxplorer/altova/db/Mcu/McuType$MemberElement_TrustZone$MemberElement_TrustZone_Iterator
instanceKlass com/teamdev/jxbrowser/js/internal/rpc/BeforeUnload$RequestOrBuilder
instanceKlass com/st/microxplorer/altova/db/Mcu/McuType$MemberElement_MemoryMap$MemberElement_MemoryMap_Iterator
instanceKlass com/teamdev/jxbrowser/browser/callback/BeforeUnloadCallback$Params
instanceKlass com/st/microxplorer/altova/db/Mcu/McuType$MemberElement_CCMRam$MemberElement_CCMRam_Iterator
instanceKlass com/st/microxplorer/altova/db/Mcu/McuType$MemberElement_Ram$MemberElement_Ram_Iterator
instanceKlass com/st/microxplorer/altova/db/Mcu/McuType$MemberElement_IONb$MemberElement_IONb_Iterator
instanceKlass com/st/microxplorer/altova/db/Mcu/McuType$MemberElement_E2prom$MemberElement_E2prom_Iterator
instanceKlass com/teamdev/jxbrowser/js/internal/rpc/ShowPrompt$RequestOrBuilder
instanceKlass sun/java2d/ReentrantContext
instanceKlass java/awt/geom/Line2D
instanceKlass com/st/microxplorer/altova/db/Mcu/McuType$MemberElement_Frequency$MemberElement_Frequency_Iterator
instanceKlass com/teamdev/jxbrowser/browser/callback/PromptCallback$Params
instanceKlass sun/java2d/loops/FontInfo
instanceKlass java/awt/PrintGraphics
instanceKlass java/awt/print/PrinterGraphics
instanceKlass com/teamdev/jxbrowser/js/internal/rpc/ShowConfirm$RequestOrBuilder
instanceKlass com/teamdev/jxbrowser/browser/callback/ConfirmCallback$Params
instanceKlass com/st/microxplorer/altova/db/Mcu/McuType$MemberElement_Core$MemberElement_Core_Iterator
instanceKlass com/altova/CoreTypes
instanceKlass java/awt/geom/RectIterator
instanceKlass java/awt/geom/PathIterator
instanceKlass  @bci javax/swing/border/LineBorder paintBorder (Ljava/awt/Component;Ljava/awt/Graphics;IIII)V 10 <appendix> member <vmtarget> ; # javax/swing/border/LineBorder$$Lambda+0x0000000800960000
instanceKlass  @cpi javax/swing/border/LineBorder 153 form vmentry <vmtarget> ; # java/lang/invoke/LambdaForm$DMH+0x0000000800948000
instanceKlass com/teamdev/jxbrowser/js/internal/rpc/JsDialogsProto
instanceKlass com/st/microxplorer/codegenerator/IPConfigManager
instanceKlass com/sun/java/swing/SwingUtilities3$UnscaledBorderPainter
instanceKlass com/teamdev/jxbrowser/js/internal/rpc/ShowAlert$RequestOrBuilder
instanceKlass com/teamdev/jxbrowser/browser/callback/AlertCallback$Params
instanceKlass com/st/microxplorer/altova/db/Mcu/McuType$MemberElement_MemoryMap
instanceKlass  @bci com/teamdev/jxbrowser/browser/internal/BrowserRpcConfig <init> (Lcom/teamdev/jxbrowser/browser/internal/BrowserImpl;Lcom/teamdev/jxbrowser/internal/rpc/transport/Connection;)V 112 <appendix> argL0 ; # com/teamdev/jxbrowser/browser/internal/BrowserRpcConfig$$Lambda+0x0000000800944958
instanceKlass com/st/microxplorer/altova/db/Mcu/McuType$MemberElement_BootPath
instanceKlass com/teamdev/jxbrowser/js/internal/rpc/JsDialogsStub
instanceKlass com/st/microxplorer/altova/db/Mcu/McuType$MemberElement_LPBAM
instanceKlass com/st/microxplorer/altova/db/Mcu/McuType$MemberElement_GentypeFirmware
instanceKlass com/st/microxplorer/altova/db/Mcu/McuType$MemberElement_ContextProject
instanceKlass com/st/microxplorer/altova/db/Mcu/McuType$MemberElement_TrustZone
instanceKlass com/teamdev/jxbrowser/print/internal/rpc/PrintPdf$RequestOrBuilder
instanceKlass com/teamdev/jxbrowser/browser/callback/PrintPdfCallback$Params
instanceKlass com/st/microxplorer/altova/db/Mcu/McuType$MemberElement_Context
instanceKlass java/text/BreakIterator$BreakIteratorCache
instanceKlass sun/text/SupplementaryCharacterData
instanceKlass sun/text/CompactByteArray
instanceKlass com/st/microxplorer/altova/db/Mcu/McuType$MemberElement_Die
instanceKlass com/st/microxplorer/altova/db/Mcu/McuType$MemberElement_Temperature
instanceKlass com/st/microxplorer/altova/db/Mcu/McuType$MemberElement_Current
instanceKlass com/teamdev/jxbrowser/print/internal/rpc/PrintHtml$RequestOrBuilder
instanceKlass com/st/microxplorer/altova/db/Mcu/McuType$MemberElement_Voltage
instanceKlass  @bci sun/util/resources/BreakIteratorResourceBundle getResourceAsStream (Ljava/lang/String;)Ljava/io/InputStream; 2 <appendix> member <vmtarget> ; # sun/util/resources/BreakIteratorResourceBundle$$Lambda+0x00000008008ff2c8
instanceKlass com/teamdev/jxbrowser/browser/callback/PrintHtmlCallback$Params
instanceKlass com/st/microxplorer/altova/db/Mcu/McuType$MemberElement_IONb
instanceKlass com/st/microxplorer/altova/db/Mcu/McuType$MemberElement_CCMRam
instanceKlass  @bci sun/util/locale/provider/JRELocaleProviderAdapter getBreakIteratorProvider ()Ljava/text/spi/BreakIteratorProvider; 8 <appendix> member <vmtarget> ; # sun/util/locale/provider/JRELocaleProviderAdapter$$Lambda+0x00000008008fe760
instanceKlass com/st/microxplorer/altova/db/Mcu/McuType$MemberElement_Ram
instanceKlass com/teamdev/jxbrowser/print/internal/rpc/Print$RequestOrBuilder
instanceKlass com/teamdev/jxbrowser/browser/callback/PrintCallback$Params
instanceKlass com/st/microxplorer/altova/db/Mcu/McuType$MemberElement_E2prom
instanceKlass com/st/microxplorer/altova/db/Mcu/McuType$MemberElement_FPU
instanceKlass com/st/microxplorer/altova/db/Mcu/McuType$MemberElement_Frequency
instanceKlass com/teamdev/jxbrowser/print/internal/rpc/PrintPreviewClosedOrBuilder
instanceKlass com/teamdev/jxbrowser/browser/event/PrintPreviewClosed
instanceKlass com/st/microxplorer/altova/db/Mcu/McuType$MemberElement_Core
instanceKlass com/st/microxplorer/altova/db/Mcu/McuType$MemberElement_Flash
instanceKlass com/st/microxplorer/altova/db/Mcu/McuType$MemberElement_Pin
instanceKlass com/st/microxplorer/altova/db/Mcu/McuType$MemberElement_IP
instanceKlass com/st/microxplorer/altova/db/Mcu/McuType$MemberAttribute_ClockTree
instanceKlass com/teamdev/jxbrowser/print/PagesPerSheetProto
instanceKlass com/st/microxplorer/altova/db/Mcu/McuType$MemberAttribute_FwLibrary
instanceKlass com/st/microxplorer/altova/db/Mcu/McuType$MemberAttribute_IOType
instanceKlass com/teamdev/jxbrowser/print/OrientationProto
instanceKlass com/st/microxplorer/altova/db/Mcu/McuType$MemberAttribute_DBVersion
instanceKlass com/st/microxplorer/altova/db/Mcu/McuType$MemberAttribute_HasPowerPad
instanceKlass com/st/microxplorer/altova/db/Mcu/McuType$MemberAttribute_Package2
instanceKlass com/teamdev/jxbrowser/print/FitProto
instanceKlass com/st/microxplorer/altova/db/Mcu/McuType$MemberAttribute_Line
instanceKlass com/st/microxplorer/altova/db/Mcu/McuType$MemberAttribute_Family
instanceKlass com/st/microxplorer/altova/db/Mcu/McuType$MemberAttribute_RPN
instanceKlass com/teamdev/jxbrowser/print/DuplexModeProto
instanceKlass com/st/microxplorer/altova/db/Mcu/McuType$MemberAttribute_RefName
instanceKlass com/teamdev/jxbrowser/print/ColorModelProto
instanceKlass com/teamdev/jxbrowser/print/internal/rpc/PrintProto
instanceKlass com/teamdev/jxbrowser/print/internal/rpc/PrintServiceProto
instanceKlass com/st/microxplorer/altova/db/Mcu/Mcu2$MemberElement_SpecificParameter
instanceKlass com/st/microxplorer/altova/db/Mcu/Mcu2$MemberElement_Mcu3
instanceKlass com/teamdev/jxbrowser/print/internal/rpc/PrintPreviewOpenedOrBuilder
instanceKlass com/teamdev/jxbrowser/browser/event/PrintPreviewOpened
instanceKlass com/st/microxplorer/altova/db/Mcu/Mcu2$MemberElement_Context
instanceKlass  @bci com/teamdev/jxbrowser/browser/internal/BrowserRpcConfig <init> (Lcom/teamdev/jxbrowser/browser/internal/BrowserImpl;Lcom/teamdev/jxbrowser/internal/rpc/transport/Connection;)V 100 <appendix> argL0 ; # com/teamdev/jxbrowser/browser/internal/BrowserRpcConfig$$Lambda+0x000000080093bb00
instanceKlass com/teamdev/jxbrowser/print/internal/rpc/PrintServiceStub
instanceKlass com/altova/typeinfo/MemberInfo
instanceKlass  @bci com/teamdev/jxbrowser/browser/internal/BrowserRpcConfig <init> (Lcom/teamdev/jxbrowser/browser/internal/BrowserImpl;Lcom/teamdev/jxbrowser/internal/rpc/transport/Connection;)V 88 <appendix> argL0 ; # com/teamdev/jxbrowser/browser/internal/BrowserRpcConfig$$Lambda+0x000000080093b278
instanceKlass com/st/microxplorer/altova/db/Mcu/Mcu_TypeInfo$MemberInfoCreator
instanceKlass com/teamdev/jxbrowser/card/internal/rpc/CreditCardsStub
instanceKlass javax/swing/Timer$1
instanceKlass  @bci com/teamdev/jxbrowser/browser/internal/BrowserRpcConfig <init> (Lcom/teamdev/jxbrowser/browser/internal/BrowserImpl;Lcom/teamdev/jxbrowser/internal/rpc/transport/Connection;)V 76 <appendix> argL0 ; # com/teamdev/jxbrowser/browser/internal/BrowserRpcConfig$$Lambda+0x000000080093a9d0
instanceKlass com/teamdev/jxbrowser/user/internal/rpc/UserDataProfilesStub
instanceKlass com/altova/xml/XmlFormatter
instanceKlass com/teamdev/jxbrowser/password/internal/rpc/UpdatePassword$RequestOrBuilder
instanceKlass com/teamdev/jxbrowser/browser/callback/UpdatePasswordCallback$Params
instanceKlass com/altova/typeinfo/ValueFormatter
instanceKlass com/altova/xml/Xs
instanceKlass com/altova/typeinfo/FacetInfo
instanceKlass com/altova/typeinfo/TypeInfo
instanceKlass com/teamdev/jxbrowser/password/internal/rpc/PasswordsProto
instanceKlass com/st/microxplorer/altova/db/Mcu/Mcu_TypeInfo$TypeInfoCreator
instanceKlass java/security/CodeSigner
instanceKlass com/altova/typeinfo/NamespaceInfo
instanceKlass com/st/microxplorer/altova/db/Mcu/Mcu_TypeInfo$InfoBinder
instanceKlass com/altova/typeinfo/InfoBinderInterface
instanceKlass com/st/microxplorer/altova/db/Mcu/Mcu_TypeInfo
instanceKlass com/st/microxplorer/altova/db/Mcu/Mcu2$MemberElement_Condition
instanceKlass com/teamdev/jxbrowser/password/internal/rpc/SavePassword$RequestOrBuilder
instanceKlass  @bci com/teamdev/jxbrowser/browser/internal/BrowserRpcConfig <init> (Lcom/teamdev/jxbrowser/browser/internal/BrowserImpl;Lcom/teamdev/jxbrowser/internal/rpc/transport/Connection;)V 64 <appendix> argL0 ; # com/teamdev/jxbrowser/browser/internal/BrowserRpcConfig$$Lambda+0x0000000800937520
instanceKlass com/teamdev/jxbrowser/password/internal/rpc/PasswordsStub
instanceKlass com/altova/xml/XmlTreeOperations
instanceKlass javax/swing/RepaintManager$3
instanceKlass com/altova/xml/TypeBase
instanceKlass com/st/microxplorer/plugins/pinoutandconfiguration/PinoutAndConfigurationView$3$1
instanceKlass jdk/internal/math/MathUtils
instanceKlass jdk/internal/math/DoubleToDecimal
instanceKlass  @bci com/st/microxplorer/plugins/pinoutandconfiguration/PinoutAndConfigurationView$1 propertyChange (Ljava/beans/PropertyChangeEvent;)V 22 <appendix> form vmentry <vmtarget> ; # java/lang/invoke/LambdaForm$MH+0x0000000800934800
instanceKlass com/teamdev/jxbrowser/internal/rpc/OpenExternalApp$RequestOrBuilder
instanceKlass com/teamdev/jxbrowser/browser/callback/OpenExternalAppCallback$Params
instanceKlass com/st/components/util/NaturalOrderComparatorNZ
instanceKlass com/st/microxplorer/plugins/pinoutandconfiguration/PinoutAndConfigurationView$15
instanceKlass com/teamdev/jxbrowser/internal/rpc/SelectColor$RequestOrBuilder
instanceKlass com/teamdev/jxbrowser/browser/callback/SelectColorCallback$Params
instanceKlass com/teamdev/jxbrowser/internal/rpc/SaveFile$RequestOrBuilder
instanceKlass java/awt/WaitDispatchSupport$4
instanceKlass java/awt/WaitDispatchSupport$2
instanceKlass java/awt/WaitDispatchSupport$1
instanceKlass java/awt/WaitDispatchSupport$5
instanceKlass com/teamdev/jxbrowser/browser/callback/SaveFileCallback$Params
instanceKlass java/awt/WaitDispatchSupport
instanceKlass java/awt/SecondaryLoop
instanceKlass  @bci java/awt/Dialog show ()V 205 <appendix> argL0 ; # java/awt/Dialog$$Lambda+0x00000008008fc9e0
instanceKlass  @cpi java/awt/Dialog 857 form vmentry <vmtarget> ; # java/lang/invoke/LambdaForm$DMH+0x0000000800934000
instanceKlass  @bci java/awt/Dialog show ()V 189 <appendix> member <vmtarget> ; # java/awt/Dialog$$Lambda+0x00000008008fc7c0
instanceKlass java/awt/ModalEventFilter$1
instanceKlass com/teamdev/jxbrowser/internal/rpc/SaveAsPdf$RequestOrBuilder
instanceKlass com/teamdev/jxbrowser/browser/callback/SaveAsPdfCallback$Params
instanceKlass com/teamdev/jxbrowser/internal/rpc/OpenFolder$RequestOrBuilder
instanceKlass com/teamdev/jxbrowser/browser/callback/OpenFolderCallback$Params
instanceKlass com/teamdev/jxbrowser/internal/rpc/OpenFiles$RequestOrBuilder
instanceKlass com/teamdev/jxbrowser/browser/callback/OpenFilesCallback$Params
instanceKlass java/awt/DefaultKeyboardFocusManager$TypeAheadMarker
instanceKlass java/awt/peer/FileDialogPeer
instanceKlass com/teamdev/jxbrowser/internal/rpc/OpenFile$RequestOrBuilder
instanceKlass com/st/microxplorer/db/DbFinder
instanceKlass com/teamdev/jxbrowser/browser/callback/OpenFileCallback$Params
instanceKlass com/teamdev/jxbrowser/internal/rpc/DialogsProto
instanceKlass javax/swing/SwingWorker$SwingWorkerPropertyChangeSupport$1
instanceKlass javax/swing/SwingWorker$6
instanceKlass javax/swing/SwingWorker$5
instanceKlass javax/swing/SwingWorker$1
instanceKlass sun/swing/AccumulativeRunnable
instanceKlass com/teamdev/jxbrowser/internal/rpc/BeforeFormRepost$RequestOrBuilder
instanceKlass com/teamdev/jxbrowser/browser/callback/BeforeFormRepostCallback$Params
instanceKlass com/st/microxplorer/util/MXSemaphore
instanceKlass  @bci com/teamdev/jxbrowser/browser/internal/BrowserRpcConfig <init> (Lcom/teamdev/jxbrowser/browser/internal/BrowserImpl;Lcom/teamdev/jxbrowser/internal/rpc/transport/Connection;)V 52 <appendix> argL0 ; # com/teamdev/jxbrowser/browser/internal/BrowserRpcConfig$$Lambda+0x000000080092f210
instanceKlass com/st/microxplorer/util/SemaphoreTrue
instanceKlass com/teamdev/jxbrowser/internal/rpc/DialogsStub
instanceKlass  @bci com/teamdev/jxbrowser/browser/internal/BrowserRpcConfig <init> (Lcom/teamdev/jxbrowser/browser/internal/BrowserImpl;Lcom/teamdev/jxbrowser/internal/rpc/transport/Connection;)V 40 <appendix> argL0 ; # com/teamdev/jxbrowser/browser/internal/BrowserRpcConfig$$Lambda+0x000000080092eb88
instanceKlass com/teamdev/jxbrowser/browser/internal/rpc/WebPageStub
instanceKlass org/apache/commons/lang3/ArrayUtils
instanceKlass com/teamdev/jxbrowser/browser/internal/rpc/ShowTextReplacementMenu$RequestOrBuilder
instanceKlass com/teamdev/jxbrowser/browser/callback/internal/ShowTextReplacementMenuCallback$Params
instanceKlass com/teamdev/jxbrowser/card/internal/rpc/SaveCreditCard$RequestOrBuilder
instanceKlass com/teamdev/jxbrowser/browser/callback/SaveCreditCardCallback$Params
instanceKlass com/teamdev/jxbrowser/extensions/internal/rpc/OpenExtensionActionPopup$RequestOrBuilder
instanceKlass com/teamdev/jxbrowser/browser/callback/OpenExtensionActionPopupCallback$Params
instanceKlass com/teamdev/jxbrowser/user/internal/rpc/UpdateUserDataProfile$RequestOrBuilder
instanceKlass com/teamdev/jxbrowser/browser/callback/UpdateUserDataProfileCallback$Params
instanceKlass com/st/components/util/UtilVersion
instanceKlass com/teamdev/jxbrowser/user/internal/rpc/SaveUserDataProfile$RequestOrBuilder
instanceKlass com/teamdev/jxbrowser/browser/callback/SaveUserDataProfileCallback$Params
instanceKlass com/teamdev/jxbrowser/plugin/internal/rpc/RequestPdfDocumentPassword$RequestOrBuilder
instanceKlass com/teamdev/jxbrowser/browser/callback/RequestPdfDocumentPasswordCallback$Params
instanceKlass javax/swing/TimerQueue$DelayedTimer
instanceKlass java/util/concurrent/Delayed
instanceKlass com/teamdev/jxbrowser/capture/internal/rpc/StartCaptureSession$RequestOrBuilder
instanceKlass com/teamdev/jxbrowser/browser/callback/StartCaptureSessionCallback$Params
instanceKlass com/teamdev/jxbrowser/ui/event/internal/rpc/CancelTouch$RequestOrBuilder
instanceKlass com/teamdev/jxbrowser/browser/callback/input/CancelTouchCallback$Params
instanceKlass com/teamdev/jxbrowser/ui/event/internal/rpc/EndTouch$RequestOrBuilder
instanceKlass com/teamdev/jxbrowser/browser/callback/input/EndTouchCallback$Params
instanceKlass com/teamdev/jxbrowser/ui/event/internal/rpc/MoveTouch$RequestOrBuilder
instanceKlass com/teamdev/jxbrowser/browser/callback/input/MoveTouchCallback$Params
instanceKlass com/st/microxplorer/plugins/pinoutandconfiguration/PinoutAndConfigurationView$8
instanceKlass com/st/microxplorer/plugins/pinoutandconfiguration/PinoutAndConfigurationView$7
instanceKlass com/st/microxplorer/plugins/pinoutandconfiguration/PinoutAndConfigurationView$6
instanceKlass com/teamdev/jxbrowser/ui/event/internal/rpc/StartTouch$RequestOrBuilder
instanceKlass com/teamdev/jxbrowser/browser/callback/input/StartTouchCallback$Params
instanceKlass com/st/microxplorer/plugins/pinoutandconfiguration/PinoutAndConfigurationView$5
instanceKlass com/teamdev/jxbrowser/download/internal/rpc/StartDownload$RequestOrBuilder
instanceKlass com/teamdev/jxbrowser/browser/callback/StartDownloadCallback$Params
instanceKlass com/st/microxplorer/plugins/thirdparty/ThirdPartyMcuManager
instanceKlass com/teamdev/jxbrowser/ui/event/internal/rpc/MoveMouseWheel$RequestOrBuilder
instanceKlass com/teamdev/jxbrowser/browser/callback/input/MoveMouseWheelCallback$Params
instanceKlass com/teamdev/jxbrowser/ui/event/internal/rpc/ReleaseMouse$RequestOrBuilder
instanceKlass com/teamdev/jxbrowser/browser/callback/input/ReleaseMouseCallback$Params
instanceKlass com/teamdev/jxbrowser/ui/event/internal/rpc/PressMouse$RequestOrBuilder
instanceKlass com/teamdev/jxbrowser/browser/callback/input/PressMouseCallback$Params
instanceKlass com/teamdev/jxbrowser/ui/event/internal/rpc/MoveMouse$RequestOrBuilder
instanceKlass com/teamdev/jxbrowser/browser/callback/input/MoveMouseCallback$Params
instanceKlass com/teamdev/jxbrowser/ui/event/internal/rpc/ExitMouse$RequestOrBuilder
instanceKlass com/teamdev/jxbrowser/browser/callback/input/ExitMouseCallback$Params
instanceKlass com/teamdev/jxbrowser/ui/event/internal/rpc/EnterMouse$RequestOrBuilder
instanceKlass com/teamdev/jxbrowser/browser/callback/input/EnterMouseCallback$Params
instanceKlass com/teamdev/jxbrowser/ui/event/internal/rpc/TypeKey$RequestOrBuilder
instanceKlass com/teamdev/jxbrowser/browser/callback/input/TypeKeyCallback$Params
instanceKlass com/teamdev/jxbrowser/ui/event/internal/rpc/ReleaseKey$RequestOrBuilder
instanceKlass com/teamdev/jxbrowser/browser/callback/input/ReleaseKeyCallback$Params
instanceKlass com/teamdev/jxbrowser/ui/event/internal/rpc/PressKey$RequestOrBuilder
instanceKlass com/teamdev/jxbrowser/browser/callback/input/PressKeyCallback$Params
instanceKlass com/teamdev/jxbrowser/capture/internal/rpc/CaptureSessionStartedOrBuilder
instanceKlass com/teamdev/jxbrowser/browser/event/CaptureSessionStarted
instanceKlass com/teamdev/jxbrowser/browser/internal/rpc/UpdateBoundsRequestedOrBuilder
instanceKlass com/teamdev/jxbrowser/browser/event/UpdateBoundsRequested
instanceKlass com/teamdev/jxbrowser/browser/internal/rpc/ConsoleMessageReceivedOrBuilder
instanceKlass com/teamdev/jxbrowser/browser/internal/rpc/FocusRequestedOrBuilder
instanceKlass com/teamdev/jxbrowser/browser/event/FocusRequested
instanceKlass com/teamdev/jxbrowser/browser/internal/rpc/FocusLostOrBuilder
instanceKlass com/teamdev/jxbrowser/browser/event/FocusLost
instanceKlass com/teamdev/jxbrowser/browser/internal/rpc/FocusGainedOrBuilder
instanceKlass com/teamdev/jxbrowser/browser/event/FocusGained
instanceKlass com/teamdev/jxbrowser/browser/internal/rpc/StatusChangedOrBuilder
instanceKlass com/teamdev/jxbrowser/browser/event/StatusChanged
instanceKlass com/teamdev/jxbrowser/browser/internal/rpc/MediaStreamCaptureStoppedOrBuilder
instanceKlass com/teamdev/jxbrowser/browser/event/MediaStreamCaptureStopped
instanceKlass com/teamdev/jxbrowser/browser/internal/rpc/MediaStreamCaptureStartedOrBuilder
instanceKlass com/teamdev/jxbrowser/browser/event/MediaStreamCaptureStarted
instanceKlass com/teamdev/jxbrowser/browser/internal/rpc/FaviconChangedOrBuilder
instanceKlass com/teamdev/jxbrowser/browser/event/FaviconChanged
instanceKlass com/teamdev/jxbrowser/browser/internal/rpc/TitleChangedOrBuilder
instanceKlass com/teamdev/jxbrowser/browser/event/TitleChanged
instanceKlass com/teamdev/jxbrowser/browser/internal/rpc/BrowserBecameUnresponsiveOrBuilder
instanceKlass com/teamdev/jxbrowser/browser/event/BrowserBecameUnresponsive
instanceKlass com/teamdev/jxbrowser/browser/internal/rpc/BrowserBecameResponsiveOrBuilder
instanceKlass com/teamdev/jxbrowser/browser/event/BrowserBecameResponsive
instanceKlass com/teamdev/jxbrowser/extensions/ExtensionActionTypeProto
instanceKlass com/teamdev/jxbrowser/extensions/internal/rpc/ExtensionActionProto
instanceKlass com/teamdev/jxbrowser/ui/event/internal/rpc/UiCallbacksProto
instanceKlass com/teamdev/jxbrowser/plugin/internal/rpc/PdfViewer
instanceKlass com/teamdev/jxbrowser/os/internal/rpc/DisplayProto
instanceKlass com/teamdev/jxbrowser/js/ConsoleMessageLevelProto
instanceKlass com/teamdev/jxbrowser/js/internal/rpc/JsConsoleProto
instanceKlass com/teamdev/jxbrowser/ui/internal/rpc/ProgressProto
instanceKlass com/teamdev/jxbrowser/download/event/DownloadInterruptReasonProto
instanceKlass com/teamdev/jxbrowser/download/DownloadStateProto
instanceKlass com/teamdev/jxbrowser/download/internal/rpc/DownloadsProto
instanceKlass com/teamdev/jxbrowser/card/CreditCardNetworkProto
instanceKlass com/teamdev/jxbrowser/card/internal/rpc/CreditCardsProto
instanceKlass com/teamdev/jxbrowser/user/internal/rpc/UserDataProto
instanceKlass com/teamdev/jxbrowser/capture/internal/rpc/CaptureSourceTypeProto
instanceKlass com/teamdev/jxbrowser/capture/internal/rpc/CapturesProto
instanceKlass com/teamdev/jxbrowser/browser/MediaStreamTypeProto
instanceKlass com/teamdev/jxbrowser/browser/internal/rpc/BrowserProto
instanceKlass com/teamdev/jxbrowser/browser/internal/rpc/BrowserClosedOrBuilder
instanceKlass com/teamdev/jxbrowser/browser/event/BrowserClosed
instanceKlass  @bci com/teamdev/jxbrowser/browser/internal/BrowserRpcConfig <init> (Lcom/teamdev/jxbrowser/browser/internal/BrowserImpl;Lcom/teamdev/jxbrowser/internal/rpc/transport/Connection;)V 28 <appendix> argL0 ; # com/teamdev/jxbrowser/browser/internal/BrowserRpcConfig$$Lambda+0x0000000800918b60
instanceKlass com/teamdev/jxbrowser/browser/internal/rpc/BrowserStub
instanceKlass com/teamdev/jxbrowser/download/DownloadTarget
instanceKlass com/teamdev/jxbrowser/capture/CaptureSource
instanceKlass com/teamdev/jxbrowser/browser/internal/BrowserRpcConfig
instanceKlass com/teamdev/jxbrowser/browser/event/FrameDeleted
instanceKlass com/teamdev/jxbrowser/frame/internal/rpc/FrameDeletedOrBuilder
instanceKlass com/teamdev/jxbrowser/frame/internal/rpc/DeleteFrameOrBuilder
instanceKlass  @bci com/teamdev/jxbrowser/frame/internal/Frames <init> (Lcom/teamdev/jxbrowser/browser/internal/BrowserImpl;)V 56 <appendix> member <vmtarget> ; # com/teamdev/jxbrowser/frame/internal/Frames$$Lambda+0x0000000800915148
instanceKlass com/teamdev/jxbrowser/frame/internal/rpc/DeleteFrame$ResponseOrBuilder
instanceKlass com/teamdev/jxbrowser/frame/internal/callback/DeleteFrameCallback
instanceKlass com/teamdev/jxbrowser/browser/event/FrameCreated
instanceKlass com/teamdev/jxbrowser/frame/internal/rpc/FrameCreatedOrBuilder
instanceKlass com/teamdev/jxbrowser/frame/internal/rpc/CreateFrameOrBuilder
instanceKlass  @bci com/teamdev/jxbrowser/frame/internal/Frames <init> (Lcom/teamdev/jxbrowser/browser/internal/BrowserImpl;)V 39 <appendix> member <vmtarget> ; # com/teamdev/jxbrowser/frame/internal/Frames$$Lambda+0x00000008009117f8
instanceKlass com/teamdev/jxbrowser/frame/internal/rpc/CreateFrame$ResponseOrBuilder
instanceKlass com/teamdev/jxbrowser/frame/internal/callback/CreateFrameCallback
instanceKlass com/teamdev/jxbrowser/frame/internal/callback/FramesSyncCallback
instanceKlass com/teamdev/jxbrowser/frame/internal/callback/FramesCallback
instanceKlass com/teamdev/jxbrowser/frame/internal/rpc/DeleteFrame$RequestOrBuilder
instanceKlass com/teamdev/jxbrowser/frame/internal/rpc/FramesProto
instanceKlass com/teamdev/jxbrowser/frame/internal/rpc/CreateFrame$RequestOrBuilder
instanceKlass  @bci com/teamdev/jxbrowser/frame/internal/Frames <init> (Lcom/teamdev/jxbrowser/browser/internal/BrowserImpl;)V 20 <appendix> argL0 ; # com/teamdev/jxbrowser/frame/internal/Frames$$Lambda+0x000000080090f870
instanceKlass com/teamdev/jxbrowser/frame/internal/rpc/FramesStub
instanceKlass  @bci com/teamdev/jxbrowser/internal/rpc/stream/EventStream on (Lcom/teamdev/jxbrowser/event/Observer;)Lcom/teamdev/jxbrowser/event/internal/SubscriptionImpl; 15 <appendix> member <vmtarget> ; # com/teamdev/jxbrowser/internal/rpc/stream/EventStream$$Lambda+0x000000080090f1d0
instanceKlass  @bci com/teamdev/jxbrowser/internal/rpc/ServiceConnectionImpl lambda$on$0 (Ljava/lang/Class;Ljava/lang/Class;)Lcom/teamdev/jxbrowser/internal/rpc/stream/EventStream; 11 <appendix> member <vmtarget> ; # com/teamdev/jxbrowser/internal/rpc/ServiceConnectionImpl$$Lambda+0x000000080090ef90
instanceKlass  @bci com/teamdev/jxbrowser/internal/rpc/ServiceConnectionImpl on (Ljava/lang/Class;Lcom/teamdev/jxbrowser/event/Observer;)Lcom/teamdev/jxbrowser/event/internal/SubscriptionImpl; 21 <appendix> member <vmtarget> ; # com/teamdev/jxbrowser/internal/rpc/ServiceConnectionImpl$$Lambda+0x000000080090ed50
instanceKlass  @bci com/teamdev/jxbrowser/browser/internal/Ime <init> (Lcom/teamdev/jxbrowser/browser/internal/BrowserWidget;)V 74 <appendix> member <vmtarget> ; # com/teamdev/jxbrowser/browser/internal/Ime$$Lambda+0x000000080090eb30
instanceKlass  @bci com/teamdev/jxbrowser/browser/internal/Ime <init> (Lcom/teamdev/jxbrowser/browser/internal/BrowserWidget;)V 59 <appendix> argL0 ; # com/teamdev/jxbrowser/browser/internal/Ime$$Lambda+0x000000080090e918
instanceKlass com/teamdev/jxbrowser/ui/internal/rpc/RectOrBuilder
instanceKlass com/teamdev/jxbrowser/ui/internal/rpc/SizeOrBuilder
instanceKlass com/teamdev/jxbrowser/ui/internal/rpc/PointOrBuilder
instanceKlass com/teamdev/jxbrowser/ui/Size
instanceKlass com/teamdev/jxbrowser/ui/Point
instanceKlass com/teamdev/jxbrowser/ui/internal/rpc/ColorOrBuilder
instanceKlass com/teamdev/jxbrowser/ui/Color$Builder
instanceKlass com/teamdev/jxbrowser/ui/Color
instanceKlass com/teamdev/jxbrowser/ui/Rect
instanceKlass  @bci com/teamdev/jxbrowser/browser/internal/BrowserWidget onGpuConnectionCreated (Lcom/teamdev/jxbrowser/internal/rpc/transport/Connection;)V 40 <appendix> member <vmtarget> ; # com/teamdev/jxbrowser/browser/internal/BrowserWidget$$Lambda+0x0000000800908d88
instanceKlass  @bci com/teamdev/jxbrowser/browser/internal/BrowserWidget onGpuConnectionCreated (Lcom/teamdev/jxbrowser/internal/rpc/transport/Connection;)V 22 <appendix> argL0 ; # com/teamdev/jxbrowser/browser/internal/BrowserWidget$$Lambda+0x0000000800908b70
instanceKlass  @bci com/teamdev/jxbrowser/browser/internal/BrowserWidget onGpuConnectionCreated (Lcom/teamdev/jxbrowser/internal/rpc/transport/Connection;)V 4 <appendix> argL0 ; # com/teamdev/jxbrowser/browser/internal/BrowserWidget$$Lambda+0x0000000800908948
instanceKlass  @bci com/teamdev/jxbrowser/browser/internal/BrowserWidget <init> (Lcom/teamdev/jxbrowser/browser/internal/BrowserImpl;)V 191 <appendix> member <vmtarget> ; # com/teamdev/jxbrowser/browser/internal/BrowserWidget$$Lambda+0x0000000800908718
instanceKlass  @bci com/teamdev/jxbrowser/browser/internal/BrowserWidget <init> (Lcom/teamdev/jxbrowser/browser/internal/BrowserImpl;)V 169 <appendix> member <vmtarget> ; # com/teamdev/jxbrowser/browser/internal/BrowserWidget$$Lambda+0x00000008009084f8
instanceKlass com/teamdev/jxbrowser/browser/internal/rpc/PaintRequestOrBuilder
instanceKlass com/teamdev/jxbrowser/browser/internal/rpc/PaintOrBuilder
instanceKlass  @bci com/teamdev/jxbrowser/browser/internal/BrowserWidget <init> (Lcom/teamdev/jxbrowser/browser/internal/BrowserImpl;)V 139 <appendix> member <vmtarget> ; # com/teamdev/jxbrowser/browser/internal/BrowserWidget$$Lambda+0x0000000800906d50
instanceKlass com/teamdev/jxbrowser/browser/internal/rpc/Paint$ResponseOrBuilder
instanceKlass com/teamdev/jxbrowser/browser/internal/rpc/PaintDialog$RequestOrBuilder
instanceKlass com/teamdev/jxbrowser/browser/internal/rpc/GpuProto
instanceKlass com/teamdev/jxbrowser/browser/internal/rpc/Paint$RequestOrBuilder
instanceKlass  @bci com/teamdev/jxbrowser/browser/internal/BrowserWidget <init> (Lcom/teamdev/jxbrowser/browser/internal/BrowserImpl;)V 121 <appendix> argL0 ; # com/teamdev/jxbrowser/browser/internal/BrowserWidget$$Lambda+0x00000008009033c8
instanceKlass com/teamdev/jxbrowser/browser/internal/rpc/GpuStub
instanceKlass com/teamdev/jxbrowser/internal/rpc/LocalServiceConnection$FakeService
instanceKlass com/teamdev/jxbrowser/callback/internal/AdvisableHelper
instanceKlass com/teamdev/jxbrowser/browser/event/internal/Painted
instanceKlass com/teamdev/jxbrowser/browser/internal/callback/PaintCallback
instanceKlass com/teamdev/jxbrowser/browser/internal/callback/BrowserWidgetSyncCallback
instanceKlass com/teamdev/jxbrowser/browser/internal/callback/BrowserWidgetCallback
instanceKlass com/teamdev/jxbrowser/browser/internal/rpc/ImeCompositionCancelledOrBuilder
instanceKlass com/teamdev/jxbrowser/browser/event/internal/ImeCompositionCancelled
instanceKlass com/teamdev/jxbrowser/ui/internal/rpc/ColorProto
instanceKlass com/teamdev/jxbrowser/browser/internal/rpc/ImeProto
instanceKlass com/teamdev/jxbrowser/browser/internal/rpc/ImeCaretRectChangedOrBuilder
instanceKlass com/teamdev/jxbrowser/browser/event/internal/ImeCaretRectChanged
instanceKlass com/teamdev/jxbrowser/browser/event/internal/ImeEvent
instanceKlass  @bci com/teamdev/jxbrowser/browser/internal/BrowserWidget <init> (Lcom/teamdev/jxbrowser/browser/internal/BrowserImpl;)V 74 <appendix> argL0 ; # com/teamdev/jxbrowser/browser/internal/BrowserWidget$$Lambda+0x00000008009008d0
instanceKlass com/teamdev/jxbrowser/browser/internal/rpc/ImeStub
instanceKlass com/teamdev/jxbrowser/browser/internal/rpc/AccessibilityRequestFocus$RequestOrBuilder
instanceKlass com/teamdev/jxbrowser/browser/internal/rpc/TakeFocus$RequestOrBuilder
instanceKlass com/teamdev/jxbrowser/browser/internal/rpc/ShowDropdown$RequestOrBuilder
instanceKlass com/teamdev/jxbrowser/browser/internal/callback/ShowDropdownCallback$Params
instanceKlass com/teamdev/jxbrowser/browser/internal/rpc/UpdateLayer$RequestOrBuilder
instanceKlass com/teamdev/jxbrowser/browser/internal/rpc/UpdateSurface$RequestOrBuilder
instanceKlass com/teamdev/jxbrowser/browser/internal/rpc/CreateWebDialog$RequestOrBuilder
instanceKlass com/teamdev/jxbrowser/browser/internal/rpc/DragCursorUpdatedOrBuilder
instanceKlass com/teamdev/jxbrowser/browser/event/internal/DragCursorUpdated
instanceKlass com/teamdev/jxbrowser/browser/internal/rpc/DropDownDeletedOrBuilder
instanceKlass com/teamdev/jxbrowser/browser/event/internal/DropDownDeleted
instanceKlass com/teamdev/jxbrowser/browser/internal/rpc/DropDownCreatedOrBuilder
instanceKlass com/teamdev/jxbrowser/browser/event/internal/DropDownCreated
instanceKlass com/teamdev/jxbrowser/browser/internal/rpc/TooltipChangedOrBuilder
instanceKlass com/teamdev/jxbrowser/browser/event/internal/TooltipChanged
instanceKlass com/teamdev/jxbrowser/browser/internal/rpc/CursorChangedOrBuilder
instanceKlass com/teamdev/jxbrowser/browser/event/internal/CursorChanged
instanceKlass com/teamdev/jxbrowser/browser/event/internal/BrowserWidgetEvent
instanceKlass  @bci com/teamdev/jxbrowser/browser/internal/BrowserWidget <init> (Lcom/teamdev/jxbrowser/browser/internal/BrowserImpl;)V 54 <appendix> argL0 ; # com/teamdev/jxbrowser/browser/internal/BrowserWidget$$Lambda+0x00000008008f2a08
instanceKlass com/teamdev/jxbrowser/browser/internal/rpc/BrowserWidgetStub
instanceKlass  @bci java/util/concurrent/Executors$AutoShutdownDelegatedExecutorService <init> (Ljava/util/concurrent/ExecutorService;)V 6 <appendix> member <vmtarget> ; # java/util/concurrent/Executors$AutoShutdownDelegatedExecutorService$$Lambda+0x00000008007ffd08
instanceKlass java/util/concurrent/Executors$DelegatedExecutorService
instanceKlass com/teamdev/jxbrowser/deps/com/google/common/util/concurrent/ThreadFactoryBuilder$1
instanceKlass com/teamdev/jxbrowser/deps/com/google/common/util/concurrent/ThreadFactoryBuilder
instanceKlass com/teamdev/jxbrowser/browser/internal/BrowserWidgetThread
instanceKlass  @bci com/teamdev/jxbrowser/browser/internal/BrowserImpl <init> (Lcom/teamdev/jxbrowser/internal/rpc/transport/Connection;Lcom/teamdev/jxbrowser/profile/internal/ProfileImpl;Lcom/teamdev/jxbrowser/internal/rpc/BrowserId;)V 163 <appendix> member <vmtarget> ; # com/teamdev/jxbrowser/browser/internal/BrowserImpl$$Lambda+0x00000008008f1cf0
instanceKlass com/teamdev/jxbrowser/fullscreen/FullScreen
instanceKlass  @bci com/teamdev/jxbrowser/browser/internal/BrowserImpl <init> (Lcom/teamdev/jxbrowser/internal/rpc/transport/Connection;Lcom/teamdev/jxbrowser/profile/internal/ProfileImpl;Lcom/teamdev/jxbrowser/internal/rpc/BrowserId;)V 146 <appendix> member <vmtarget> ; # com/teamdev/jxbrowser/browser/internal/BrowserImpl$$Lambda+0x00000008008f1658
instanceKlass  @bci com/teamdev/jxbrowser/browser/internal/BrowserImpl <init> (Lcom/teamdev/jxbrowser/internal/rpc/transport/Connection;Lcom/teamdev/jxbrowser/profile/internal/ProfileImpl;Lcom/teamdev/jxbrowser/internal/rpc/BrowserId;)V 129 <appendix> member <vmtarget> ; # com/teamdev/jxbrowser/browser/internal/BrowserImpl$$Lambda+0x00000008008f11c8
instanceKlass com/teamdev/jxbrowser/browser/BrowserSettings
instanceKlass  @bci com/teamdev/jxbrowser/browser/internal/BrowserImpl <init> (Lcom/teamdev/jxbrowser/internal/rpc/transport/Connection;Lcom/teamdev/jxbrowser/profile/internal/ProfileImpl;Lcom/teamdev/jxbrowser/internal/rpc/BrowserId;)V 112 <appendix> member <vmtarget> ; # com/teamdev/jxbrowser/browser/internal/BrowserImpl$$Lambda+0x00000008008f09e0
instanceKlass com/teamdev/jxbrowser/search/TextFinder
instanceKlass  @bci com/teamdev/jxbrowser/browser/internal/BrowserImpl <init> (Lcom/teamdev/jxbrowser/internal/rpc/transport/Connection;Lcom/teamdev/jxbrowser/profile/internal/ProfileImpl;Lcom/teamdev/jxbrowser/internal/rpc/BrowserId;)V 95 <appendix> member <vmtarget> ; # com/teamdev/jxbrowser/browser/internal/BrowserImpl$$Lambda+0x00000008008f0348
instanceKlass  @bci com/teamdev/jxbrowser/browser/internal/BrowserImpl <init> (Lcom/teamdev/jxbrowser/internal/rpc/transport/Connection;Lcom/teamdev/jxbrowser/profile/internal/ProfileImpl;Lcom/teamdev/jxbrowser/internal/rpc/BrowserId;)V 78 <appendix> member <vmtarget> ; # com/teamdev/jxbrowser/browser/internal/BrowserImpl$$Lambda+0x00000008008efdd8
instanceKlass com/teamdev/jxbrowser/devtools/internal/DevToolsImpl
instanceKlass com/teamdev/jxbrowser/devtools/DevTools
instanceKlass  @bci com/teamdev/jxbrowser/browser/internal/BrowserImpl <init> (Lcom/teamdev/jxbrowser/internal/rpc/transport/Connection;Lcom/teamdev/jxbrowser/profile/internal/ProfileImpl;Lcom/teamdev/jxbrowser/internal/rpc/BrowserId;)V 61 <appendix> member <vmtarget> ; # com/teamdev/jxbrowser/browser/internal/BrowserImpl$$Lambda+0x00000008008ef788
instanceKlass com/teamdev/jxbrowser/media/Audio
instanceKlass  @bci com/teamdev/jxbrowser/browser/internal/BrowserImpl <init> (Lcom/teamdev/jxbrowser/internal/rpc/transport/Connection;Lcom/teamdev/jxbrowser/profile/internal/ProfileImpl;Lcom/teamdev/jxbrowser/internal/rpc/BrowserId;)V 44 <appendix> member <vmtarget> ; # com/teamdev/jxbrowser/browser/internal/BrowserImpl$$Lambda+0x00000008008ef0d8
instanceKlass com/teamdev/jxbrowser/zoom/Zoom
instanceKlass com/teamdev/jxbrowser/ui/Bitmap
instanceKlass com/teamdev/jxbrowser/profile/internal/rpc/BrowserWindowType$1
instanceKlass com/teamdev/jxbrowser/internal/rpc/BrowserIdOrBuilder
instanceKlass  @bci com/teamdev/jxbrowser/profile/internal/ProfileImpl newBrowser ()Lcom/teamdev/jxbrowser/browser/Browser; 47 <appendix> member <vmtarget> ; # com/teamdev/jxbrowser/profile/internal/ProfileImpl$$Lambda+0x00000008008ec5e0
instanceKlass com/teamdev/jxbrowser/profile/internal/rpc/BrowserOptionsOrBuilder
instanceKlass  @bci com/teamdev/jxbrowser/profile/internal/ProfilesImpl newProfile (Ljava/lang/String;Z)Lcom/teamdev/jxbrowser/profile/internal/ProfileImpl; 34 <appendix> member <vmtarget> ; # com/teamdev/jxbrowser/profile/internal/ProfilesImpl$$Lambda+0x00000008008eb088
instanceKlass com/teamdev/jxbrowser/profile/internal/rpc/ProfileOptionsOrBuilder
instanceKlass  @bci com/st/microxplorer/plugins/userauth/WebApp detectCrashEngine ()V 9 <appendix> argL0 ; # com/st/microxplorer/plugins/userauth/WebApp$$Lambda+0x000000080080d138
instanceKlass  @bci com/st/microxplorer/plugins/userauth/WebApp getNotifiedWhenEngineClosed ()V 9 <appendix> argL0 ; # com/st/microxplorer/plugins/userauth/WebApp$$Lambda+0x00000008005a8ce0
instanceKlass  @bci com/teamdev/jxbrowser/engine/internal/EngineImpl newInstance (Lcom/teamdev/jxbrowser/engine/EngineOptions;)Lcom/teamdev/jxbrowser/engine/internal/EngineImpl; 718 <appendix> argL0 ; # com/teamdev/jxbrowser/engine/internal/EngineImpl$$Lambda+0x00000008008e9b88
instanceKlass  @bci com/teamdev/jxbrowser/engine/internal/EngineImpl newInstance (Lcom/teamdev/jxbrowser/engine/EngineOptions;)Lcom/teamdev/jxbrowser/engine/internal/EngineImpl; 705 <appendix> argL0 ; # com/teamdev/jxbrowser/engine/internal/EngineImpl$$Lambda+0x00000008008e9970
instanceKlass com/st/components/pdscmanager/xml/requirements/Language
instanceKlass com/teamdev/jxbrowser/os/internal/rpc/HideOnScreenKeyboard$ResponseOrBuilder
instanceKlass com/teamdev/jxbrowser/os/internal/rpc/HideOnScreenKeyboardOrBuilder
instanceKlass  @bci com/teamdev/jxbrowser/os/internal/OnScreenKeyboard <init> (Lcom/teamdev/jxbrowser/engine/internal/EngineImpl;)V 75 <appendix> argL0 ; # com/teamdev/jxbrowser/os/internal/OnScreenKeyboard$$Lambda+0x00000008008e6930
instanceKlass com/teamdev/jxbrowser/os/callback/internal/HideOnScreenKeyboardCallback
instanceKlass com/teamdev/jxbrowser/browser/internal/rpc/WindowHandleOrBuilder
instanceKlass com/teamdev/jxbrowser/os/internal/rpc/ShowOnScreenKeyboard$ResponseOrBuilder
instanceKlass com/teamdev/jxbrowser/os/internal/rpc/ShowOnScreenKeyboardOrBuilder
instanceKlass  @bci com/teamdev/jxbrowser/os/internal/OnScreenKeyboard <init> (Lcom/teamdev/jxbrowser/engine/internal/EngineImpl;)V 60 <appendix> argL0 ; # com/teamdev/jxbrowser/os/internal/OnScreenKeyboard$$Lambda+0x00000008008e3098
instanceKlass com/teamdev/jxbrowser/os/callback/internal/ShowOnScreenKeyboardCallback
instanceKlass com/teamdev/jxbrowser/callback/AsyncCallback
instanceKlass com/teamdev/jxbrowser/os/internal/rpc/HideOnScreenKeyboard$RequestOrBuilder
instanceKlass com/teamdev/jxbrowser/os/callback/internal/HideOnScreenKeyboardCallback$Params
instanceKlass com/teamdev/jxbrowser/ui/internal/rpc/DropdownProto
instanceKlass com/teamdev/jxbrowser/ui/internal/rpc/BitmapProto
instanceKlass com/teamdev/jxbrowser/ui/internal/rpc/CursorProto
instanceKlass com/teamdev/jxbrowser/browser/internal/rpc/BrowserWidgetProto
instanceKlass com/teamdev/jxbrowser/os/internal/rpc/OnScreenKeyboardProto
instanceKlass com/teamdev/jxbrowser/os/internal/rpc/ShowOnScreenKeyboard$RequestOrBuilder
instanceKlass com/teamdev/jxbrowser/os/callback/internal/ShowOnScreenKeyboardCallback$Params
instanceKlass  @bci com/teamdev/jxbrowser/os/internal/OnScreenKeyboard <init> (Lcom/teamdev/jxbrowser/engine/internal/EngineImpl;)V 43 <appendix> argL0 ; # com/teamdev/jxbrowser/os/internal/OnScreenKeyboard$$Lambda+0x00000008008e0ee0
instanceKlass com/teamdev/jxbrowser/os/internal/rpc/OnScreenKeyboardStub
instanceKlass com/teamdev/jxbrowser/internal/Maybe
instanceKlass  @bci com/teamdev/jxbrowser/os/internal/OnScreenKeyboard maybeNewInstance (Lcom/teamdev/jxbrowser/engine/internal/EngineImpl;)Lcom/teamdev/jxbrowser/internal/Maybe; 1 <appendix> member <vmtarget> ; # com/teamdev/jxbrowser/os/internal/OnScreenKeyboard$$Lambda+0x00000008008e0880
instanceKlass com/teamdev/jxbrowser/os/internal/OnScreenKeyboard
instanceKlass  @bci com/teamdev/jxbrowser/engine/internal/EngineImpl <init> (Lcom/teamdev/jxbrowser/internal/rpc/transport/Connection;Lcom/teamdev/jxbrowser/internal/rpc/transport/ConnectionServer;Lcom/teamdev/jxbrowser/internal/rpc/EngineId;Lcom/teamdev/jxbrowser/engine/EngineOptions;Lcom/teamdev/jxbrowser/internal/ChromiumProcess;)V 206 <appendix> member <vmtarget> ; # com/teamdev/jxbrowser/engine/internal/EngineImpl$$Lambda+0x00000008008e0450
instanceKlass  @bci com/teamdev/jxbrowser/engine/internal/EngineImpl <init> (Lcom/teamdev/jxbrowser/internal/rpc/transport/Connection;Lcom/teamdev/jxbrowser/internal/rpc/transport/ConnectionServer;Lcom/teamdev/jxbrowser/internal/rpc/EngineId;Lcom/teamdev/jxbrowser/engine/EngineOptions;Lcom/teamdev/jxbrowser/internal/ChromiumProcess;)V 189 <appendix> argL0 ; # com/teamdev/jxbrowser/engine/internal/EngineImpl$$Lambda+0x00000008008e0238
instanceKlass com/teamdev/jxbrowser/ui/NativeThemeStub
instanceKlass com/teamdev/jxbrowser/internal/rpc/CheckCustomContextMenuItemState$RequestOrBuilder
instanceKlass com/teamdev/jxbrowser/internal/rpc/CheckCustomMenuItemState$RequestOrBuilder
instanceKlass com/teamdev/jxbrowser/internal/rpc/SelectCustomContextMenuItem$RequestOrBuilder
instanceKlass com/teamdev/jxbrowser/internal/rpc/SelectCustomMenuItem$RequestOrBuilder
instanceKlass  @bci com/teamdev/jxbrowser/engine/internal/EngineImpl <init> (Lcom/teamdev/jxbrowser/internal/rpc/transport/Connection;Lcom/teamdev/jxbrowser/internal/rpc/transport/ConnectionServer;Lcom/teamdev/jxbrowser/internal/rpc/EngineId;Lcom/teamdev/jxbrowser/engine/EngineOptions;Lcom/teamdev/jxbrowser/internal/ChromiumProcess;)V 168 <appendix> argL0 ; # com/teamdev/jxbrowser/engine/internal/EngineImpl$$Lambda+0x00000008008de0f0
instanceKlass com/teamdev/jxbrowser/internal/rpc/EngineStub
instanceKlass com/teamdev/jxbrowser/os/internal/rpc/CloseMemoryOrBuilder
instanceKlass  @bci com/teamdev/jxbrowser/internal/memory/SharedMemoryManager onGpuConnectionCreated (Lcom/teamdev/jxbrowser/internal/rpc/transport/Connection;)V 58 <appendix> member <vmtarget> ; # com/teamdev/jxbrowser/internal/memory/SharedMemoryManager$$Lambda+0x00000008008db740
instanceKlass com/teamdev/jxbrowser/os/internal/rpc/CloseMemory$ResponseOrBuilder
instanceKlass com/teamdev/jxbrowser/engine/callback/internal/CloseMemoryCallback
instanceKlass com/teamdev/jxbrowser/internal/rpc/MemoryIdOrBuilder
instanceKlass com/teamdev/jxbrowser/os/internal/rpc/MemoryInfoOrBuilder
instanceKlass com/teamdev/jxbrowser/os/internal/rpc/OpenMemoryOrBuilder
instanceKlass  @bci com/teamdev/jxbrowser/internal/memory/SharedMemoryManager onGpuConnectionCreated (Lcom/teamdev/jxbrowser/internal/rpc/transport/Connection;)V 40 <appendix> member <vmtarget> ; # com/teamdev/jxbrowser/internal/memory/SharedMemoryManager$$Lambda+0x00000008008d5ca0
instanceKlass com/teamdev/jxbrowser/os/internal/rpc/OpenMemory$ResponseOrBuilder
instanceKlass com/teamdev/jxbrowser/engine/callback/internal/OpenMemoryCallback
instanceKlass com/teamdev/jxbrowser/engine/callback/internal/EngineSyncCallback
instanceKlass com/teamdev/jxbrowser/engine/callback/internal/EngineCallback
instanceKlass com/teamdev/jxbrowser/os/internal/rpc/CloseMemory$RequestOrBuilder
instanceKlass com/teamdev/jxbrowser/os/internal/rpc/MemoryProto
instanceKlass com/teamdev/jxbrowser/os/internal/rpc/OpenMemory$RequestOrBuilder
instanceKlass  @bci com/teamdev/jxbrowser/internal/memory/SharedMemoryManager onGpuConnectionCreated (Lcom/teamdev/jxbrowser/internal/rpc/transport/Connection;)V 22 <appendix> argL0 ; # com/teamdev/jxbrowser/internal/memory/SharedMemoryManager$$Lambda+0x00000008008d6f20
instanceKlass com/teamdev/jxbrowser/os/internal/rpc/SharedMemoryManagerStub
instanceKlass  @bci com/teamdev/jxbrowser/internal/memory/SharedMemoryManager onGpuConnectionCreated (Lcom/teamdev/jxbrowser/internal/rpc/transport/Connection;)V 4 <appendix> argL0 ; # com/teamdev/jxbrowser/internal/memory/SharedMemoryManager$$Lambda+0x00000008008d6ac0
instanceKlass  @bci com/teamdev/jxbrowser/internal/memory/SharedMemoryManager <init> (Lcom/teamdev/jxbrowser/engine/internal/EngineImpl;)V 54 <appendix> member <vmtarget> ; # com/teamdev/jxbrowser/internal/memory/SharedMemoryManager$$Lambda+0x00000008008d6890
instanceKlass  @bci com/teamdev/jxbrowser/internal/memory/SharedMemoryManager <init> (Lcom/teamdev/jxbrowser/engine/internal/EngineImpl;)V 34 <appendix> member <vmtarget> ; # com/teamdev/jxbrowser/internal/memory/SharedMemoryManager$$Lambda+0x00000008008d6670
instanceKlass com/teamdev/jxbrowser/internal/memory/SharedMemoryManager
instanceKlass  @bci com/teamdev/jxbrowser/engine/internal/EngineImpl <init> (Lcom/teamdev/jxbrowser/internal/rpc/transport/Connection;Lcom/teamdev/jxbrowser/internal/rpc/transport/ConnectionServer;Lcom/teamdev/jxbrowser/internal/rpc/EngineId;Lcom/teamdev/jxbrowser/engine/EngineOptions;Lcom/teamdev/jxbrowser/internal/ChromiumProcess;)V 123 <appendix> member <vmtarget> ; # com/teamdev/jxbrowser/engine/internal/EngineImpl$$Lambda+0x00000008008d6248
instanceKlass  @bci com/teamdev/jxbrowser/engine/internal/EngineImpl <init> (Lcom/teamdev/jxbrowser/internal/rpc/transport/Connection;Lcom/teamdev/jxbrowser/internal/rpc/transport/ConnectionServer;Lcom/teamdev/jxbrowser/internal/rpc/EngineId;Lcom/teamdev/jxbrowser/engine/EngineOptions;Lcom/teamdev/jxbrowser/internal/ChromiumProcess;)V 106 <appendix> member <vmtarget> ; # com/teamdev/jxbrowser/engine/internal/EngineImpl$$Lambda+0x00000008008d3be8
instanceKlass com/teamdev/jxbrowser/media/MediaDevices
# instanceKlass java/lang/invoke/LambdaForm$MH+0x00000008008d4800
# instanceKlass java/lang/invoke/LambdaForm$MH+0x00000008008d4400
instanceKlass com/teamdev/jxbrowser/net/UrlRequestJob$Id
instanceKlass com/teamdev/jxbrowser/internal/rpc/UrlRequestJobIdOrBuilder
instanceKlass com/teamdev/jxbrowser/net/UrlRequest
instanceKlass com/teamdev/jxbrowser/net/HttpHeader
instanceKlass com/teamdev/jxbrowser/net/internal/rpc/HttpHeaderOrBuilder
instanceKlass com/teamdev/jxbrowser/net/UploadData
instanceKlass com/teamdev/jxbrowser/net/internal/rpc/UrlRequestOrBuilder
instanceKlass com/teamdev/jxbrowser/net/internal/rpc/UploadDataOrBuilder
instanceKlass com/teamdev/jxbrowser/net/internal/rpc/InterceptRequestOrBuilder
instanceKlass com/teamdev/jxbrowser/internal/rpc/stream/CallbackStream$1
instanceKlass  @bci com/teamdev/jxbrowser/internal/rpc/ServiceConnectionImpl lambda$set$2 (Ljava/lang/Class;Ljava/lang/Class;)Lcom/teamdev/jxbrowser/internal/rpc/stream/CallbackStream; 11 <appendix> member <vmtarget> ; # com/teamdev/jxbrowser/internal/rpc/ServiceConnectionImpl$$Lambda+0x00000008008ce298
instanceKlass  @bci com/teamdev/jxbrowser/internal/rpc/ServiceConnectionImpl set (Ljava/lang/Class;Lcom/teamdev/jxbrowser/callback/Callback;)Lcom/teamdev/jxbrowser/callback/Callback; 23 <appendix> member <vmtarget> ; # com/teamdev/jxbrowser/internal/rpc/ServiceConnectionImpl$$Lambda+0x00000008008ce058
instanceKlass com/teamdev/jxbrowser/net/internal/rpc/InterceptRequest$ResponseOrBuilder
instanceKlass com/teamdev/jxbrowser/net/callback/InterceptUrlRequestCallback$Response
instanceKlass com/teamdev/jxbrowser/net/internal/InterceptRequestCallbackProxy
instanceKlass com/teamdev/jxbrowser/net/internal/callback/InterceptRequestCallback
instanceKlass com/teamdev/jxbrowser/net/internal/rpc/RequestInterceptorProto
instanceKlass sun/nio/fs/WindowsFileCopy
instanceKlass com/teamdev/jxbrowser/net/internal/rpc/InterceptRequest$RequestOrBuilder
instanceKlass  @bci com/teamdev/jxbrowser/net/internal/NetworkImpl <init> (Lcom/teamdev/jxbrowser/profile/internal/ProfileImpl;)V 144 <appendix> argL0 ; # com/teamdev/jxbrowser/net/internal/NetworkImpl$$Lambda+0x00000008008cc170
instanceKlass com/teamdev/jxbrowser/net/internal/rpc/RequestInterceptorStub
instanceKlass com/teamdev/jxbrowser/net/tls/CertVerificationStatusProto
instanceKlass com/teamdev/jxbrowser/net/internal/rpc/CertificateProto
instanceKlass com/teamdev/jxbrowser/net/internal/rpc/CertificateVerifierProto
instanceKlass org/apache/xerces/impl/dv/xs/XSSimpleTypeDecl$ValidationContextImpl
instanceKlass org/apache/xerces/impl/xs/traversers/XSDAbstractTraverser$FacetInfo
instanceKlass com/teamdev/jxbrowser/net/internal/rpc/VerifyCertificate$RequestOrBuilder
instanceKlass  @bci com/teamdev/jxbrowser/net/internal/NetworkImpl <init> (Lcom/teamdev/jxbrowser/profile/internal/ProfileImpl;)V 121 <appendix> argL0 ; # com/teamdev/jxbrowser/net/internal/NetworkImpl$$Lambda+0x00000008008ca740
instanceKlass com/teamdev/jxbrowser/net/internal/rpc/CertificateVerifierStub
instanceKlass com/teamdev/jxbrowser/net/internal/rpc/CanSetCookie$RequestOrBuilder
instanceKlass com/teamdev/jxbrowser/net/callback/CanSetCookieCallback$Params
instanceKlass com/teamdev/jxbrowser/net/internal/rpc/CanGetCookies$RequestOrBuilder
instanceKlass com/teamdev/jxbrowser/net/callback/CanGetCookiesCallback$Params
instanceKlass com/teamdev/jxbrowser/net/internal/rpc/BeforeStartTransaction$RequestOrBuilder
instanceKlass com/teamdev/jxbrowser/net/callback/BeforeStartTransactionCallback$Params
instanceKlass com/teamdev/jxbrowser/net/internal/rpc/BeforeSendUploadData$RequestOrBuilder
instanceKlass com/teamdev/jxbrowser/net/callback/BeforeSendUploadDataCallback$Params
instanceKlass com/teamdev/jxbrowser/net/internal/rpc/BeforeUrlRequest$RequestOrBuilder
instanceKlass com/teamdev/jxbrowser/net/callback/BeforeUrlRequestCallback$Params
instanceKlass com/teamdev/jxbrowser/net/internal/rpc/ReceiveHeaders$RequestOrBuilder
instanceKlass com/teamdev/jxbrowser/net/callback/ReceiveHeadersCallback$Params
instanceKlass com/teamdev/jxbrowser/net/internal/rpc/ResponseBytesReceivedOrBuilder
instanceKlass com/teamdev/jxbrowser/net/event/ResponseBytesReceived
instanceKlass com/teamdev/jxbrowser/net/internal/rpc/RedirectResponseCodeReceivedOrBuilder
instanceKlass com/teamdev/jxbrowser/net/event/RedirectResponseCodeReceived
instanceKlass org/apache/xerces/impl/xs/AttributePSVImpl
instanceKlass org/apache/xerces/xs/AttributePSVI
instanceKlass org/apache/xerces/impl/dtd/models/CMStateSet
instanceKlass org/apache/xerces/impl/xs/models/XSDFACM
instanceKlass com/teamdev/jxbrowser/net/internal/rpc/PacScriptErrorReceivedOrBuilder
instanceKlass com/teamdev/jxbrowser/net/event/PacScriptErrorReceived
instanceKlass org/apache/xerces/xs/datatypes/XSQName
instanceKlass org/apache/xerces/impl/xs/XSAnnotationImpl
instanceKlass com/teamdev/jxbrowser/net/internal/rpc/RequestDestroyedOrBuilder
instanceKlass com/teamdev/jxbrowser/net/event/RequestDestroyed
instanceKlass org/apache/xerces/util/NamespaceSupport$Prefixes
instanceKlass com/teamdev/jxbrowser/net/internal/rpc/RequestCompletedOrBuilder
instanceKlass com/teamdev/jxbrowser/net/event/RequestCompleted
instanceKlass org/apache/xerces/impl/xs/XMLSchemaLoader$LocationArray
instanceKlass org/apache/xerces/impl/xs/XMLSchemaValidator$LocalIDKey
instanceKlass org/apache/xerces/impl/xs/XMLSchemaValidator$ValueStoreCache
instanceKlass org/apache/xerces/impl/xs/identity/XPathMatcher
instanceKlass org/apache/xerces/impl/xs/XMLSchemaValidator$XPathMatcherStack
instanceKlass org/apache/xerces/impl/xs/XSNotationDecl
instanceKlass com/teamdev/jxbrowser/cookie/internal/rpc/SameSiteProto
instanceKlass org/apache/xerces/impl/xs/XMLSchemaValidator$XSIErrorReporter
instanceKlass org/apache/xerces/impl/xs/ElementPSVImpl
instanceKlass org/apache/xerces/xs/ElementPSVI
instanceKlass com/teamdev/jxbrowser/time/internal/rpc/TimeProto
instanceKlass org/apache/xerces/xs/ItemPSVI
instanceKlass com/teamdev/jxbrowser/cookie/internal/rpc/CookieProto
instanceKlass com/teamdev/jxbrowser/net/UrlRequestStatusProto
instanceKlass com/teamdev/jxbrowser/net/SslVersionProto
instanceKlass com/teamdev/jxbrowser/net/ResourceTypeProto
instanceKlass org/apache/xerces/impl/xs/identity/ValueStore
instanceKlass org/apache/xerces/impl/xs/XMLSchemaValidator
instanceKlass org/apache/xerces/impl/xs/identity/FieldActivator
instanceKlass com/teamdev/jxbrowser/net/NetErrorProto
instanceKlass com/teamdev/jxbrowser/net/internal/rpc/NetworkProto
instanceKlass com/teamdev/jxbrowser/net/internal/rpc/ResponseStartedOrBuilder
instanceKlass com/teamdev/jxbrowser/net/event/ResponseStarted
instanceKlass  @bci com/teamdev/jxbrowser/net/internal/NetworkImpl <init> (Lcom/teamdev/jxbrowser/profile/internal/ProfileImpl;)V 98 <appendix> argL0 ; # com/teamdev/jxbrowser/net/internal/NetworkImpl$$Lambda+0x00000008008bc6b8
instanceKlass com/teamdev/jxbrowser/net/internal/rpc/NetworkStub
instanceKlass  @bci com/teamdev/jxbrowser/net/internal/NetworkImpl <init> (Lcom/teamdev/jxbrowser/profile/internal/ProfileImpl;)V 75 <appendix> argL0 ; # com/teamdev/jxbrowser/net/internal/NetworkImpl$$Lambda+0x00000008008bc268
instanceKlass com/teamdev/jxbrowser/internal/rpc/UniversalServiceConnection$Builder
instanceKlass  @bci com/teamdev/jxbrowser/net/internal/NetworkImpl <init> (Lcom/teamdev/jxbrowser/profile/internal/ProfileImpl;)V 31 <appendix> member <vmtarget> ; # com/teamdev/jxbrowser/net/internal/NetworkImpl$$Lambda+0x00000008008bbb70
instanceKlass com/st/ipmodeconfigmanager/xml/AbstractSchemaChecker$CheckerErrorHandler
instanceKlass com/teamdev/jxbrowser/net/HttpAuthPreferences
instanceKlass com/teamdev/jxbrowser/net/UrlRequestJob
instanceKlass com/st/ipmodeconfigmanager/xml/AbstractSchemaChecker
instanceKlass com/teamdev/jxbrowser/profile/internal/rpc/Authenticate$RequestOrBuilder
instanceKlass com/teamdev/jxbrowser/profile/internal/rpc/CanAccessFile$RequestOrBuilder
instanceKlass com/teamdev/jxbrowser/net/callback/CanAccessFileCallback$Params
instanceKlass com/teamdev/jxbrowser/net/internal/rpc/HostPortProto
instanceKlass com/teamdev/jxbrowser/internal/rpc/FileProto
instanceKlass com/teamdev/jxbrowser/browser/internal/rpc/UserAgentMetadataProto
instanceKlass com/teamdev/jxbrowser/profile/internal/rpc/ProfileProto
instanceKlass com/teamdev/jxbrowser/profile/internal/rpc/NetworkChangedOrBuilder
instanceKlass  @bci com/teamdev/jxbrowser/profile/internal/ProfileImpl <init> (Lcom/teamdev/jxbrowser/profile/internal/ProfilesImpl;Lcom/teamdev/jxbrowser/internal/rpc/ProfileId;)V 320 <appendix> argL0 ; # com/teamdev/jxbrowser/profile/internal/ProfileImpl$$Lambda+0x00000008008b9028
instanceKlass com/teamdev/jxbrowser/profile/internal/rpc/ProfileStub
instanceKlass  @bci com/teamdev/jxbrowser/cast/internal/MediaReceiversImpl startDiscovering ()V 22 <appendix> member <vmtarget> ; # com/teamdev/jxbrowser/cast/internal/MediaReceiversImpl$$Lambda+0x00000008008b8bd0
instanceKlass  @bci com/teamdev/jxbrowser/cast/internal/MediaReceiversImpl startDiscovering ()V 5 <appendix> member <vmtarget> ; # com/teamdev/jxbrowser/cast/internal/MediaReceiversImpl$$Lambda+0x00000008008b89a0
instanceKlass  @bci com/teamdev/jxbrowser/cast/internal/MediaReceiversImpl initialReceivers ()Ljava/util/List; 50 <appendix> member <vmtarget> ; # com/teamdev/jxbrowser/cast/internal/MediaReceiversImpl$$Lambda+0x00000008008b8760
instanceKlass com/teamdev/jxbrowser/cast/internal/rpc/MediaReceiverInfoOrBuilder
instanceKlass com/teamdev/jxbrowser/cast/internal/rpc/MediaReceiverListOrBuilder
instanceKlass  @bci com/teamdev/jxbrowser/cast/internal/MediaReceiversImpl initialReceivers ()Ljava/util/List; 23 <appendix> member <vmtarget> ; # com/teamdev/jxbrowser/cast/internal/MediaReceiversImpl$$Lambda+0x00000008008b68c8
instanceKlass com/teamdev/jxbrowser/deps/com/google/protobuf/GeneratedMessageV3$FieldAccessorTable$SingularFieldAccessor$ReflectionInvoker
instanceKlass com/teamdev/jxbrowser/deps/com/google/protobuf/GeneratedMessageV3$FieldAccessorTable$SingularFieldAccessor$MethodInvoker
instanceKlass com/teamdev/jxbrowser/deps/com/google/protobuf/GeneratedMessageV3$FieldAccessorTable$SingularFieldAccessor
instanceKlass com/st/microxplorer/plugins/thirdparty/engine/PackLoader$2
instanceKlass com/teamdev/jxbrowser/internal/rpc/stream/EventStream$1
instanceKlass com/teamdev/jxbrowser/deps/com/google/protobuf/AnyOrBuilder
instanceKlass com/teamdev/jxbrowser/event/internal/rpc/EventSubscriptionOrBuilder
instanceKlass com/teamdev/jxbrowser/internal/rpc/Status$1
instanceKlass com/teamdev/jxbrowser/deps/com/google/protobuf/AbstractMessageLite$InternalOneOfEnum
instanceKlass com/teamdev/jxbrowser/internal/rpc/RpcRequest$2
instanceKlass com/teamdev/jxbrowser/internal/rpc/StreamMessageOrBuilder
instanceKlass com/teamdev/jxbrowser/event/internal/NewObservableHelper
instanceKlass java/util/concurrent/Semaphore
instanceKlass com/teamdev/jxbrowser/internal/rpc/transport/SharedMemoryTransport$RpcStreamChannel
instanceKlass com/teamdev/jxbrowser/internal/rpc/stream/Stream$StreamObserver
instanceKlass  @bci com/teamdev/jxbrowser/internal/rpc/ServiceConnectionImpl lambda$setEventInterceptor$5 (Ljava/lang/Class;Ljava/lang/Class;)Lcom/teamdev/jxbrowser/internal/rpc/stream/EventStream; 11 <appendix> member <vmtarget> ; # com/teamdev/jxbrowser/internal/rpc/ServiceConnectionImpl$$Lambda+0x00000008008aeb30
instanceKlass  @bci com/teamdev/jxbrowser/internal/rpc/ServiceConnectionImpl setEventInterceptor (Ljava/lang/Class;Lcom/teamdev/jxbrowser/internal/rpc/stream/Interceptor;)V 23 <appendix> member <vmtarget> ; # com/teamdev/jxbrowser/internal/rpc/ServiceConnectionImpl$$Lambda+0x00000008008ae8f0
instanceKlass com/teamdev/jxbrowser/internal/rpc/stream/util/AbstractType
instanceKlass  @bci com/teamdev/jxbrowser/cast/internal/CastSessionsImpl startObserving ()V 22 <appendix> member <vmtarget> ; # com/teamdev/jxbrowser/cast/internal/CastSessionsImpl$$Lambda+0x00000008008add30
instanceKlass com/teamdev/jxbrowser/internal/rpc/stream/Interceptor
instanceKlass  @bci com/teamdev/jxbrowser/cast/internal/CastSessionsImpl startObserving ()V 5 <appendix> member <vmtarget> ; # com/teamdev/jxbrowser/cast/internal/CastSessionsImpl$$Lambda+0x00000008008ad6c8
instanceKlass  @bci com/teamdev/jxbrowser/cast/internal/CastSessionsImpl initialSessions ()Ljava/util/List; 50 <appendix> member <vmtarget> ; # com/teamdev/jxbrowser/cast/internal/CastSessionsImpl$$Lambda+0x00000008008ad488
instanceKlass com/teamdev/jxbrowser/cast/CastSession
instanceKlass com/teamdev/jxbrowser/cast/internal/rpc/CastSessionInfoOrBuilder
instanceKlass com/st/microxplorer/plugins/thirdparty/db/solver/getter/device/DeviceEndiannessGetter
instanceKlass com/st/microxplorer/plugins/thirdparty/db/solver/getter/toolchain/ToolchainOptionsGetter
instanceKlass com/teamdev/jxbrowser/cast/internal/rpc/CastSessionListOrBuilder
instanceKlass  @bci com/teamdev/jxbrowser/cast/internal/CastSessionsImpl initialSessions ()Ljava/util/List; 23 <appendix> member <vmtarget> ; # com/teamdev/jxbrowser/cast/internal/CastSessionsImpl$$Lambda+0x00000008008ab3d8
instanceKlass  @bci com/teamdev/jxbrowser/cast/internal/ScreensImpl <init> (Lcom/teamdev/jxbrowser/profile/internal/ProfileImpl;)V 30 <appendix> argL0 ; # com/teamdev/jxbrowser/cast/internal/ScreensImpl$$Lambda+0x00000008008ab1c0
instanceKlass com/teamdev/jxbrowser/cast/internal/rpc/ScreensStub
instanceKlass com/teamdev/jxbrowser/cast/MediaReceiverStateProto
instanceKlass com/teamdev/jxbrowser/cast/internal/rpc/MediaReceiverProto
instanceKlass com/teamdev/jxbrowser/cast/internal/rpc/MediaReceiversProto
instanceKlass com/teamdev/jxbrowser/cast/internal/rpc/MediaReceiverDiscoveredOrBuilder
instanceKlass com/teamdev/jxbrowser/cast/event/MediaReceiverDiscovered
instanceKlass com/teamdev/jxbrowser/cast/event/MediaReceiversEvent
instanceKlass  @bci com/teamdev/jxbrowser/cast/internal/MediaReceiversImpl <init> (Lcom/teamdev/jxbrowser/profile/internal/ProfileImpl;)V 52 <appendix> argL0 ; # com/teamdev/jxbrowser/cast/internal/MediaReceiversImpl$$Lambda+0x00000008008a99d0
instanceKlass com/teamdev/jxbrowser/cast/internal/rpc/MediaReceiversStub
instanceKlass com/teamdev/jxbrowser/cast/MediaReceiver
instanceKlass com/teamdev/jxbrowser/cast/internal/rpc/StartPresentation$RequestOrBuilder
instanceKlass com/teamdev/jxbrowser/browser/callback/StartPresentationCallback$Params
instanceKlass com/teamdev/jxbrowser/cast/internal/rpc/CastSessionStartFailedOrBuilder
instanceKlass com/teamdev/jxbrowser/cast/event/CastSessionStartFailed
instanceKlass com/teamdev/jxbrowser/cast/internal/rpc/CastSessionProto
instanceKlass com/teamdev/jxbrowser/cast/ResultCodeProto
instanceKlass com/teamdev/jxbrowser/cast/internal/rpc/ScreenProto
instanceKlass com/teamdev/jxbrowser/deps/com/google/protobuf/AnyProto
instanceKlass com/teamdev/jxbrowser/event/internal/rpc/EventSubscriptionProto
instanceKlass com/teamdev/jxbrowser/cast/CastModeProto
instanceKlass com/teamdev/jxbrowser/cast/internal/rpc/CastSessionsProto
instanceKlass com/teamdev/jxbrowser/cast/internal/rpc/CastSessionDiscoveredOrBuilder
instanceKlass com/teamdev/jxbrowser/cast/event/CastSessionDiscovered
instanceKlass com/teamdev/jxbrowser/cast/event/CastSessionsEvent
instanceKlass  @bci com/teamdev/jxbrowser/cast/internal/CastSessionsImpl <init> (Lcom/teamdev/jxbrowser/profile/internal/ProfileImpl;)V 41 <appendix> argL0 ; # com/teamdev/jxbrowser/cast/internal/CastSessionsImpl$$Lambda+0x00000008008a6240
instanceKlass com/teamdev/jxbrowser/cast/internal/rpc/CastSessionsStub
instanceKlass com/teamdev/jxbrowser/cast/MediaReceivers
instanceKlass com/teamdev/jxbrowser/cast/CastSessions
instanceKlass com/teamdev/jxbrowser/cast/Screens
instanceKlass  @bci com/teamdev/jxbrowser/profile/internal/ProfileImpl <init> (Lcom/teamdev/jxbrowser/profile/internal/ProfilesImpl;Lcom/teamdev/jxbrowser/internal/rpc/ProfileId;)V 279 <appendix> member <vmtarget> ; # com/teamdev/jxbrowser/profile/internal/ProfileImpl$$Lambda+0x00000008008a52e8
instanceKlass com/teamdev/jxbrowser/user/UserDataProfiles
instanceKlass  @bci com/teamdev/jxbrowser/profile/internal/ProfileImpl <init> (Lcom/teamdev/jxbrowser/profile/internal/ProfilesImpl;Lcom/teamdev/jxbrowser/internal/rpc/ProfileId;)V 262 <appendix> member <vmtarget> ; # com/teamdev/jxbrowser/profile/internal/ProfileImpl$$Lambda+0x00000008008a4c58
instanceKlass com/teamdev/jxbrowser/card/CreditCards
instanceKlass  @bci com/teamdev/jxbrowser/profile/internal/ProfileImpl <init> (Lcom/teamdev/jxbrowser/profile/internal/ProfilesImpl;Lcom/teamdev/jxbrowser/internal/rpc/ProfileId;)V 245 <appendix> member <vmtarget> ; # com/teamdev/jxbrowser/profile/internal/ProfileImpl$$Lambda+0x00000008008a45c8
instanceKlass com/teamdev/jxbrowser/profile/ProfilePreferences
instanceKlass  @bci com/teamdev/jxbrowser/profile/internal/ProfileImpl <init> (Lcom/teamdev/jxbrowser/profile/internal/ProfilesImpl;Lcom/teamdev/jxbrowser/internal/rpc/ProfileId;)V 228 <appendix> member <vmtarget> ; # com/teamdev/jxbrowser/profile/internal/ProfileImpl$$Lambda+0x00000008008a3f10
instanceKlass  @bci com/teamdev/jxbrowser/profile/internal/ProfileImpl <init> (Lcom/teamdev/jxbrowser/profile/internal/ProfilesImpl;Lcom/teamdev/jxbrowser/internal/rpc/ProfileId;)V 211 <appendix> member <vmtarget> ; # com/teamdev/jxbrowser/profile/internal/ProfileImpl$$Lambda+0x00000008008a3a50
instanceKlass  @bci com/teamdev/jxbrowser/profile/internal/ProfileImpl <init> (Lcom/teamdev/jxbrowser/profile/internal/ProfilesImpl;Lcom/teamdev/jxbrowser/internal/rpc/ProfileId;)V 194 <appendix> member <vmtarget> ; # com/teamdev/jxbrowser/profile/internal/ProfileImpl$$Lambda+0x00000008008a35b8
instanceKlass com/st/microxplorer/plugins/thirdparty/db/solver/condition/DummyEvaluatedCondition
instanceKlass  @bci com/teamdev/jxbrowser/profile/internal/ProfileImpl <init> (Lcom/teamdev/jxbrowser/profile/internal/ProfilesImpl;Lcom/teamdev/jxbrowser/internal/rpc/ProfileId;)V 177 <appendix> member <vmtarget> ; # com/teamdev/jxbrowser/profile/internal/ProfileImpl$$Lambda+0x00000008008a30f0
instanceKlass  @bci com/teamdev/jxbrowser/profile/internal/ProfileImpl <init> (Lcom/teamdev/jxbrowser/profile/internal/ProfilesImpl;Lcom/teamdev/jxbrowser/internal/rpc/ProfileId;)V 160 <appendix> member <vmtarget> ; # com/teamdev/jxbrowser/profile/internal/ProfileImpl$$Lambda+0x00000008008a2c38
instanceKlass  @bci com/teamdev/jxbrowser/profile/internal/ProfileImpl <init> (Lcom/teamdev/jxbrowser/profile/internal/ProfilesImpl;Lcom/teamdev/jxbrowser/internal/rpc/ProfileId;)V 143 <appendix> member <vmtarget> ; # com/teamdev/jxbrowser/profile/internal/ProfileImpl$$Lambda+0x00000008008a2778
instanceKlass  @bci com/teamdev/jxbrowser/profile/internal/ProfileImpl <init> (Lcom/teamdev/jxbrowser/profile/internal/ProfilesImpl;Lcom/teamdev/jxbrowser/internal/rpc/ProfileId;)V 126 <appendix> member <vmtarget> ; # com/teamdev/jxbrowser/profile/internal/ProfileImpl$$Lambda+0x00000008008a22c0
instanceKlass  @bci com/teamdev/jxbrowser/profile/internal/ProfileImpl <init> (Lcom/teamdev/jxbrowser/profile/internal/ProfilesImpl;Lcom/teamdev/jxbrowser/internal/rpc/ProfileId;)V 109 <appendix> member <vmtarget> ; # com/teamdev/jxbrowser/profile/internal/ProfileImpl$$Lambda+0x00000008008a1d78
instanceKlass  @bci com/teamdev/jxbrowser/profile/internal/ProfileImpl <init> (Lcom/teamdev/jxbrowser/profile/internal/ProfilesImpl;Lcom/teamdev/jxbrowser/internal/rpc/ProfileId;)V 92 <appendix> member <vmtarget> ; # com/teamdev/jxbrowser/profile/internal/ProfileImpl$$Lambda+0x00000008008a18e0
instanceKlass  @bci com/teamdev/jxbrowser/profile/internal/ProfileImpl <init> (Lcom/teamdev/jxbrowser/profile/internal/ProfilesImpl;Lcom/teamdev/jxbrowser/internal/rpc/ProfileId;)V 75 <appendix> member <vmtarget> ; # com/teamdev/jxbrowser/profile/internal/ProfileImpl$$Lambda+0x00000008008a1448
instanceKlass  @bci com/teamdev/jxbrowser/profile/internal/ProfileImpl <init> (Lcom/teamdev/jxbrowser/profile/internal/ProfilesImpl;Lcom/teamdev/jxbrowser/internal/rpc/ProfileId;)V 58 <appendix> member <vmtarget> ; # com/teamdev/jxbrowser/profile/internal/ProfileImpl$$Lambda+0x00000008008a0f80
instanceKlass  @bci com/teamdev/jxbrowser/profile/internal/ProfileImpl <init> (Lcom/teamdev/jxbrowser/profile/internal/ProfilesImpl;Lcom/teamdev/jxbrowser/internal/rpc/ProfileId;)V 41 <appendix> member <vmtarget> ; # com/teamdev/jxbrowser/profile/internal/ProfileImpl$$Lambda+0x00000008008a0a90
instanceKlass com/teamdev/jxbrowser/internal/Lazy
instanceKlass com/teamdev/jxbrowser/cast/MediaCasting
instanceKlass com/teamdev/jxbrowser/password/PasswordStore
instanceKlass com/teamdev/jxbrowser/extensions/Extensions
instanceKlass  @bci com/teamdev/jxbrowser/profile/internal/ProfilesImpl <init> (Lcom/teamdev/jxbrowser/engine/internal/EngineImpl;)V 86 <appendix> member <vmtarget> ; # com/teamdev/jxbrowser/profile/internal/ProfilesImpl$$Lambda+0x000000080089ba98
instanceKlass com/teamdev/jxbrowser/internal/rpc/ProfileIdOrBuilder
instanceKlass com/teamdev/jxbrowser/profile/internal/rpc/ProfileListOrBuilder
instanceKlass com/teamdev/jxbrowser/profile/internal/rpc/ProfileManagerProto
instanceKlass  @bci com/teamdev/jxbrowser/profile/internal/ProfilesImpl <init> (Lcom/teamdev/jxbrowser/engine/internal/EngineImpl;)V 68 <appendix> member <vmtarget> ; # com/teamdev/jxbrowser/profile/internal/ProfilesImpl$$Lambda+0x000000080089ef50
instanceKlass  @bci com/teamdev/jxbrowser/profile/internal/ProfilesImpl <init> (Lcom/teamdev/jxbrowser/engine/internal/EngineImpl;)V 38 <appendix> argL0 ; # com/teamdev/jxbrowser/profile/internal/ProfilesImpl$$Lambda+0x000000080089ed38
instanceKlass com/teamdev/jxbrowser/profile/internal/rpc/ProfileManagerStub
instanceKlass  @bci com/teamdev/jxbrowser/engine/internal/EngineImpl getNetworkConnection ()Lcom/teamdev/jxbrowser/internal/rpc/transport/Connection; 39 <appendix> member <vmtarget> ; # com/teamdev/jxbrowser/engine/internal/EngineImpl$$Lambda+0x000000080089e3f0
instanceKlass  @cpi com/teamdev/jxbrowser/engine/internal/EngineImpl 351 form vmentry <vmtarget> ; # java/lang/invoke/LambdaForm$DMH+0x0000000800899c00
instanceKlass  @bci com/teamdev/jxbrowser/engine/internal/EngineImpl getNetworkConnection ()Lcom/teamdev/jxbrowser/internal/rpc/transport/Connection; 17 <appendix> member <vmtarget> ; # com/teamdev/jxbrowser/engine/internal/EngineImpl$$Lambda+0x000000080089e1d0
instanceKlass java/util/concurrent/ForkJoinTask
instanceKlass java/util/concurrent/CompletableFuture$AsynchronousCompletionTask
instanceKlass java/util/concurrent/CompletableFuture$AltResult
instanceKlass java/util/concurrent/CompletableFuture
instanceKlass java/util/concurrent/CompletionStage
instanceKlass  @bci com/teamdev/jxbrowser/engine/internal/EngineImpl newInstance (Lcom/teamdev/jxbrowser/engine/EngineOptions;)Lcom/teamdev/jxbrowser/engine/internal/EngineImpl; 536 <appendix> member <vmtarget> ; # com/teamdev/jxbrowser/engine/internal/EngineImpl$$Lambda+0x000000080089d808
instanceKlass com/teamdev/jxbrowser/internal/licensing/LicenseVerificationStatus$1
instanceKlass  @bci com/teamdev/jxbrowser/internal/rpc/transport/SharedMemoryTransport trace (Ljava/lang/String;Lcom/teamdev/jxbrowser/internal/rpc/RpcResponse;)V 2 <appendix> member <vmtarget> ; # com/teamdev/jxbrowser/internal/rpc/transport/SharedMemoryTransport$$Lambda+0x000000080089c7b0
instanceKlass com/teamdev/jxbrowser/internal/rpc/ResponseDataOrBuilder
instanceKlass com/teamdev/jxbrowser/internal/rpc/RpcResponseOrBuilder
instanceKlass  @bci com/st/library/analyticscore/initialization/configuration/ConfigurationHolder toString ()Ljava/lang/String; 34 <appendix> form vmentry <vmtarget> ; # java/lang/invoke/LambdaForm$MH+0x0000000800899800
instanceKlass com/teamdev/jxbrowser/internal/platform/win/MessageLoopHelper
instanceKlass com/teamdev/jxbrowser/internal/rpc/RpcProto
instanceKlass com/teamdev/jxbrowser/internal/rpc/ServiceChannel$1
instanceKlass com/teamdev/jxbrowser/internal/rpc/RpcLogging
instanceKlass com/teamdev/jxbrowser/internal/rpc/Id
instanceKlass com/teamdev/jxbrowser/internal/rpc/RpcRequestIdOrBuilder
instanceKlass com/teamdev/jxbrowser/internal/rpc/RequestDataOrBuilder
instanceKlass com/teamdev/jxbrowser/internal/rpc/StreamDataOrBuilder
instanceKlass com/teamdev/jxbrowser/internal/rpc/RpcRequestOrBuilder
instanceKlass com/teamdev/jxbrowser/deps/com/google/protobuf/RpcUtil$1
instanceKlass com/teamdev/jxbrowser/deps/com/google/protobuf/RpcUtil
instanceKlass com/teamdev/jxbrowser/internal/rpc/ApplyLicenseResponseOrBuilder
instanceKlass com/teamdev/jxbrowser/deps/com/google/protobuf/DescriptorProtos$MethodOptionsOrBuilder
instanceKlass com/teamdev/jxbrowser/deps/com/google/protobuf/DescriptorProtos$MethodDescriptorProtoOrBuilder
instanceKlass com/teamdev/jxbrowser/deps/com/google/protobuf/DescriptorProtos$ServiceOptionsOrBuilder
instanceKlass com/teamdev/jxbrowser/deps/com/google/protobuf/DescriptorProtos$OneofOptionsOrBuilder
instanceKlass com/teamdev/jxbrowser/ui/internal/rpc/GeometryProto
instanceKlass com/teamdev/jxbrowser/ui/ScrollTypeProto
instanceKlass com/teamdev/jxbrowser/ui/MouseButtonProto
instanceKlass com/teamdev/jxbrowser/ui/KeyLocationProto
instanceKlass com/teamdev/jxbrowser/ui/event/internal/rpc/UiEventsProto
instanceKlass com/teamdev/jxbrowser/ui/KeyCodeProto
instanceKlass com/teamdev/jxbrowser/internal/rpc/ShortcutProto
instanceKlass com/teamdev/jxbrowser/media/MediaTypeProto
instanceKlass com/teamdev/jxbrowser/menu/internal/rpc/MenuProto
instanceKlass com/teamdev/jxbrowser/internal/licensing/LicensesProto
instanceKlass com/teamdev/jxbrowser/deps/com/google/protobuf/WrappersProto
instanceKlass com/teamdev/jxbrowser/deps/com/google/protobuf/EmptyProto
instanceKlass com/teamdev/jxbrowser/internal/rpc/EngineProto
instanceKlass  @bci com/teamdev/jxbrowser/internal/rpc/transport/CommonThreadCallExecutor execute (Lcom/teamdev/jxbrowser/deps/com/google/protobuf/Message;Lcom/teamdev/jxbrowser/internal/rpc/ServiceMethod;)Lcom/teamdev/jxbrowser/deps/com/google/protobuf/Message; 24 <appendix> member <vmtarget> ; # com/teamdev/jxbrowser/internal/rpc/transport/CommonThreadCallExecutor$$Lambda+0x00000008008894b0
instanceKlass com/teamdev/jxbrowser/internal/rpc/transport/SharedMemoryController
instanceKlass com/teamdev/jxbrowser/internal/rpc/transport/CommonThreadResponseConsumer
instanceKlass com/teamdev/jxbrowser/internal/rpc/transport/CommonThreadCallExecutor
instanceKlass com/teamdev/jxbrowser/internal/rpc/transport/RpcCallExecutor
instanceKlass  @bci com/teamdev/jxbrowser/engine/internal/EngineImpl newInstance (Lcom/teamdev/jxbrowser/engine/EngineOptions;)Lcom/teamdev/jxbrowser/engine/internal/EngineImpl; 495 <appendix> member <vmtarget> ; # com/teamdev/jxbrowser/engine/internal/EngineImpl$$Lambda+0x00000008008889d0
instanceKlass com/teamdev/jxbrowser/deps/com/google/protobuf/RpcCallback
instanceKlass com/teamdev/jxbrowser/internal/rpc/ServiceMethod
instanceKlass  @bci com/teamdev/jxbrowser/engine/internal/StackTrace toString ()Ljava/lang/String; 28 <appendix> member <vmtarget> ; # com/teamdev/jxbrowser/engine/internal/StackTrace$$Lambda+0x0000000800887ac0
instanceKlass  @bci com/teamdev/jxbrowser/engine/internal/StackTrace toString ()Ljava/lang/String; 17 <appendix> argL0 ; # com/teamdev/jxbrowser/engine/internal/StackTrace$$Lambda+0x0000000800887888
instanceKlass com/teamdev/jxbrowser/internal/licensing/LicenseOrBuilder
instanceKlass  @bci com/teamdev/jxbrowser/engine/internal/EngineImpl newInstance (Lcom/teamdev/jxbrowser/engine/EngineOptions;)Lcom/teamdev/jxbrowser/engine/internal/EngineImpl; 438 <appendix> member <vmtarget> ; # com/teamdev/jxbrowser/engine/internal/EngineImpl$$Lambda+0x0000000800886b08
instanceKlass com/teamdev/jxbrowser/engine/internal/StackTrace
instanceKlass com/teamdev/jxbrowser/internal/rpc/EngineIdOrBuilder
instanceKlass com/teamdev/jxbrowser/internal/rpc/ServiceChannel
instanceKlass  @bci com/teamdev/jxbrowser/engine/internal/EngineImpl newInstance (Lcom/teamdev/jxbrowser/engine/EngineOptions;)Lcom/teamdev/jxbrowser/engine/internal/EngineImpl; 399 <appendix> argL0 ; # com/teamdev/jxbrowser/engine/internal/EngineImpl$$Lambda+0x0000000800885998
instanceKlass com/teamdev/jxbrowser/internal/rpc/EngineFactoryStub
instanceKlass com/teamdev/jxbrowser/internal/rpc/Service
instanceKlass  @bci com/teamdev/jxbrowser/internal/rpc/transport/ConnectionServer$AcceptConnections run ()V 58 <appendix> member <vmtarget> ; # com/teamdev/jxbrowser/internal/rpc/transport/ConnectionServer$AcceptConnections$$Lambda+0x0000000800885348
instanceKlass com/teamdev/jxbrowser/internal/rpc/ServiceConnectionImpl$StubFactory
instanceKlass com/teamdev/jxbrowser/deps/com/google/protobuf/RpcChannel
instanceKlass com/teamdev/jxbrowser/internal/rpc/transport/ConnectionChecker
instanceKlass com/teamdev/jxbrowser/internal/rpc/transport/RpcCallback
instanceKlass com/teamdev/jxbrowser/internal/rpc/stream/StreamObserver
instanceKlass com/teamdev/jxbrowser/deps/com/google/protobuf/RpcController
instanceKlass com/teamdev/jxbrowser/internal/rpc/ServiceConnectionImpl
instanceKlass com/teamdev/jxbrowser/internal/rpc/ServiceConnection
instanceKlass com/teamdev/jxbrowser/deps/com/google/protobuf/EmptyOrBuilder
instanceKlass com/teamdev/jxbrowser/internal/rpc/Protobuf
instanceKlass  @bci com/teamdev/jxbrowser/event/internal/ObservableHelper notifyObservers (Lcom/teamdev/jxbrowser/event/Event;)V 63 <appendix> member <vmtarget> ; # com/teamdev/jxbrowser/event/internal/ObservableHelper$$Lambda+0x0000000800883358
instanceKlass com/teamdev/jxbrowser/internal/rpc/IdentifiersProto
instanceKlass  @bci com/teamdev/jxbrowser/internal/rpc/transport/ConnectionServer$AcceptConnections acceptConnection (Ljava/net/Socket;)Lcom/teamdev/jxbrowser/internal/rpc/transport/Connection; 49 <appendix> member <vmtarget> ; # com/teamdev/jxbrowser/internal/rpc/transport/ConnectionServer$AcceptConnections$$Lambda+0x0000000800882f38
instanceKlass com/teamdev/jxbrowser/internal/rpc/event/ConnectionClosed
instanceKlass com/teamdev/jxbrowser/internal/rpc/ConnectionIdOrBuilder
instanceKlass  @bci com/teamdev/jxbrowser/internal/RpcThreadImpl <init> (Lcom/teamdev/jxbrowser/internal/rpc/transport/SharedMemoryTransport;)V 52 <appendix> member <vmtarget> ; # com/teamdev/jxbrowser/internal/RpcThreadImpl$$Lambda+0x0000000800881828
instanceKlass com/teamdev/jxbrowser/internal/rpc/transport/RpcThread$TaskRunner
instanceKlass com/teamdev/jxbrowser/internal/rpc/transport/RpcThread
instanceKlass com/teamdev/jxbrowser/internal/rpc/transport/RpcConnection
instanceKlass com/teamdev/jxbrowser/internal/rpc/ConnectionType$1
instanceKlass com/teamdev/jxbrowser/internal/rpc/stream/StreamChannel
instanceKlass com/teamdev/jxbrowser/internal/rpc/transport/SharedMemoryTransport
instanceKlass com/teamdev/jxbrowser/internal/rpc/transport/SharedMemoryObserver
instanceKlass com/teamdev/jxbrowser/internal/rpc/ConnectionCreatedOrBuilder
instanceKlass  @bci com/teamdev/jxbrowser/internal/rpc/transport/ConnectionServer$AcceptConnections run ()V 32 <appendix> argL0 ; # com/teamdev/jxbrowser/internal/rpc/transport/ConnectionServer$AcceptConnections$$Lambda+0x000000080087a418
instanceKlass com/st/ipmodeconfigmanager/xmlManager/ipmode/IPModeFileManage$FileParser
instanceKlass sun/net/www/protocol/http/HttpURLConnection$10
instanceKlass com/st/ipmodeconfigmanager/util/XmlFileManage
instanceKlass com/st/microxplorer/plugins/thirdparty/db/solver/getter/component/ComponentApiVersionGetter
instanceKlass com/st/components/pdscmanager/xml/apis/Api
instanceKlass com/st/microxplorer/plugins/thirdparty/db/solver/getter/device/DeviceFpuGetter
instanceKlass com/st/microxplorer/plugins/thirdparty/db/solver/getter/device/DeviceTzGetter
instanceKlass com/st/components/pdscmanager/xml/requirements/Compiler
instanceKlass  @bci com/teamdev/jxbrowser/internal/ChromiumProcessLogger startLogging (Ljava/lang/Process;)V 5 <appendix> member <vmtarget> ; # com/teamdev/jxbrowser/internal/ChromiumProcessLogger$$Lambda+0x0000000800879ce8
instanceKlass com/st/ipmodeconfigmanager/util/SemaphoreTrue
instanceKlass com/teamdev/jxbrowser/internal/ChromiumProcessLogger
instanceKlass com/st/ipmodeconfigmanager/util/IMXSemaphore
instanceKlass com/st/microxplorer/plugins/thirdparty/db/solver/getter/device/DeviceVendorGetter
instanceKlass  @bci com/teamdev/jxbrowser/internal/ChromiumProcess startInternal (Lcom/teamdev/jxbrowser/engine/EngineOptions;)V 42 <appendix> member <vmtarget> ; # com/teamdev/jxbrowser/internal/ChromiumProcess$$Lambda+0x00000008008798c8
instanceKlass com/st/microxplorer/plugins/thirdparty/db/solver/matcher/DeviceVendorMatcher
instanceKlass com/st/microxplorer/plugins/thirdparty/db/solver/getter/toolchain/ToolchainCompilerGetter
instanceKlass com/st/microxplorer/plugins/thirdparty/db/solver/getter/toolchain/ToolchainAttributeGetter$1
instanceKlass com/st/microxplorer/plugins/thirdparty/db/solver/getter/toolchain/ToolchainAttributeGetter
instanceKlass com/st/microxplorer/plugins/thirdparty/db/solver/getter/device/DeviceSecureGetter
instanceKlass com/st/microxplorer/plugins/thirdparty/db/solver/getter/device/DeviceCoreGetter
instanceKlass com/st/microxplorer/plugins/thirdparty/db/solver/matcher/StrictInListMatcher
instanceKlass com/st/components/pdscmanager/xml/examples/ProjectComponent
instanceKlass com/st/components/pdscmanager/xml/examples/Attributes
instanceKlass com/st/components/pdscmanager/xml/examples/ProjectEnvironment
instanceKlass com/st/components/pdscmanager/xml/examples/ExampleBoard
instanceKlass com/st/components/pdscmanager/xml/examples/Example
instanceKlass  @bci com/teamdev/jxbrowser/internal/ChromiumProcess configGoogleApiKeys (Lcom/teamdev/jxbrowser/engine/EngineOptions;Ljava/lang/ProcessBuilder;)V 31 <appendix> member <vmtarget> ; # com/teamdev/jxbrowser/internal/ChromiumProcess$$Lambda+0x0000000800878a60
instanceKlass  @bci com/teamdev/jxbrowser/internal/ChromiumProcess configGoogleApiKeys (Lcom/teamdev/jxbrowser/engine/EngineOptions;Ljava/lang/ProcessBuilder;)V 18 <appendix> member <vmtarget> ; # com/teamdev/jxbrowser/internal/ChromiumProcess$$Lambda+0x0000000800878830
instanceKlass  @bci com/teamdev/jxbrowser/internal/ChromiumProcess configGoogleApiKeys (Lcom/teamdev/jxbrowser/engine/EngineOptions;Ljava/lang/ProcessBuilder;)V 5 <appendix> member <vmtarget> ; # com/teamdev/jxbrowser/internal/ChromiumProcess$$Lambda+0x0000000800878600
instanceKlass com/teamdev/jxbrowser/internal/platform/win/OsCompatibilityMode
instanceKlass com/teamdev/jxbrowser/engine/internal/AcceleratedLightweight
instanceKlass com/teamdev/jxbrowser/deps/com/google/common/collect/Platform
instanceKlass  @bci com/teamdev/jxbrowser/internal/ChromiumProcess commandLineArgs (Lcom/teamdev/jxbrowser/engine/EngineOptions;)Ljava/util/Collection; 559 <appendix> member <vmtarget> ; # com/teamdev/jxbrowser/internal/ChromiumProcess$$Lambda+0x0000000800877c00
instanceKlass com/teamdev/jxbrowser/internal/ui/HeadlessToolkits
instanceKlass  @bci com/teamdev/jxbrowser/internal/Files canWriteToDirectory (Ljava/lang/String;)Z 9 <adapter> ; # java/lang/invoke/LambdaForm$MH+0x0000000800877800
# instanceKlass java/lang/invoke/LambdaForm$DMH+0x0000000800877400
instanceKlass  @bci com/teamdev/jxbrowser/internal/Files canWriteToDirectory (Ljava/lang/String;)Z 9 <appendix> form vmentry <vmtarget> ; # java/lang/invoke/LambdaForm$MH+0x0000000800877000
instanceKlass  @bci com/teamdev/jxbrowser/internal/Files canWriteToDirectory (Ljava/lang/String;)Z 9 <appendix> form names 8 function resolvedHandle form vmentry <vmtarget> ; # java/lang/invoke/LambdaForm$DMH+0x0000000800876800
instanceKlass  @bci com/teamdev/jxbrowser/internal/Files canWriteToDirectory (Ljava/lang/String;)Z 9 <appendix> argL3 form vmentry <vmtarget> ; # java/lang/invoke/LambdaForm$MH+0x0000000800876400
instanceKlass  @bci com/teamdev/jxbrowser/internal/Files canWriteToDirectory (Ljava/lang/String;)Z 9 <appendix> form names 12 function resolvedHandle form vmentry <vmtarget> ; # java/lang/invoke/LambdaForm$DMH+0x0000000800875000
instanceKlass  @bci com/teamdev/jxbrowser/internal/Files canWriteToDirectory (Ljava/lang/String;)Z 9 <appendix> argL1 form vmentry <vmtarget> ; # java/lang/invoke/LambdaForm$MH+0x0000000800874c00
instanceKlass com/st/ipmodeconfigmanager/xmlManager/ipmode/IpModeCondition
instanceKlass  @bci com/teamdev/jxbrowser/internal/ChromiumProcess commandLineArgs (Lcom/teamdev/jxbrowser/engine/EngineOptions;)Ljava/util/Collection; 419 <appendix> member <vmtarget> ; # com/teamdev/jxbrowser/internal/ChromiumProcess$$Lambda+0x000000080086ba70
instanceKlass com/st/microxplorer/plugins/thirdparty/db/solver/getter/component/ComponentVersionGetter
instanceKlass  @bci com/teamdev/jxbrowser/internal/ChromiumProcessWin defaultCrashDumpDir ()Ljava/util/Optional; 12 <appendix> member <vmtarget> ; # com/teamdev/jxbrowser/internal/ChromiumProcessWin$$Lambda+0x000000080086b840
instanceKlass com/st/microxplorer/plugins/thirdparty/db/solver/matcher/VersionMatcher
instanceKlass com/st/microxplorer/plugins/thirdparty/db/solver/getter/component/ComponentSubGroupGetter
instanceKlass  @bci com/teamdev/jxbrowser/internal/ChromiumProcess commandLineArgs (Lcom/teamdev/jxbrowser/engine/EngineOptions;)Ljava/util/Collection; 381 <appendix> member <vmtarget> ; # com/teamdev/jxbrowser/internal/ChromiumProcess$$Lambda+0x000000080086b1d8
instanceKlass  @bci com/teamdev/jxbrowser/internal/ChromiumProcess supportedFeatures (Ljava/util/Set;)Lcom/teamdev/jxbrowser/deps/com/google/common/collect/ImmutableSet; 6 <appendix> member <vmtarget> ; # com/teamdev/jxbrowser/internal/ChromiumProcess$$Lambda+0x000000080086ad68
instanceKlass  @bci com/teamdev/jxbrowser/internal/ChromiumProcess commandLineArgs (Lcom/teamdev/jxbrowser/engine/EngineOptions;)Ljava/util/Collection; 149 <appendix> member <vmtarget> ; # com/teamdev/jxbrowser/internal/ChromiumProcess$$Lambda+0x000000080086ab38
instanceKlass  @bci com/teamdev/jxbrowser/internal/ChromiumProcess commandLineArgs (Lcom/teamdev/jxbrowser/engine/EngineOptions;)Ljava/util/Collection; 120 <appendix> member <vmtarget> ; # com/teamdev/jxbrowser/internal/ChromiumProcess$$Lambda+0x000000080086a908
instanceKlass  @bci com/teamdev/jxbrowser/internal/ChromiumLocale localeLanguage (Lcom/teamdev/jxbrowser/internal/ChromiumLanguage;)Ljava/lang/String; 28 <appendix> member <vmtarget> ; # com/teamdev/jxbrowser/internal/ChromiumLocale$$Lambda+0x000000080086a6d8
instanceKlass  @bci com/teamdev/jxbrowser/internal/ChromiumProcess commandLineArgs (Lcom/teamdev/jxbrowser/engine/EngineOptions;)Ljava/util/Collection; 93 <appendix> member <vmtarget> ; # com/teamdev/jxbrowser/internal/ChromiumProcess$$Lambda+0x000000080086a4a8
instanceKlass com/st/microxplorer/plugins/thirdparty/xml/XmlThirdPartyPack$1
instanceKlass com/st/ipmodeconfigmanager/util/XmlIPModeFileManage
instanceKlass com/st/ipmodeconfigmanager/xmlManager/ipconfig/Files
instanceKlass com/st/ipmodeconfigmanager/xmlManager/ipconfig/RefConfigFile
instanceKlass com/st/ipmodeconfigmanager/xmlManager/ipmode/Signal
instanceKlass com/st/ipmodeconfigmanager/xmlManager/ipmode/SignalLogicalOp
instanceKlass com/st/ipmodeconfigmanager/xmlManager/ipmode/Mode
instanceKlass com/st/ipmodeconfigmanager/xmlManager/ipmode/ModeLogicOperator
instanceKlass com/st/ipmodeconfigmanager/xmlManager/ipconfig/RefComponent$SubComponent
instanceKlass com/st/ipmodeconfigmanager/xmlManager/ipconfig/RefComponent
instanceKlass com/st/ipmodeconfigmanager/xmlManager/ipconfig/RefConfig$SimpleComponent
instanceKlass com/st/ipmodeconfigmanager/xmlManager/ipconfig/RefConfig
instanceKlass com/st/ipmodeconfigmanager/xmlManager/ipmode/RefSignal
instanceKlass com/st/ipmodeconfigmanager/xmlManager/ipmode/PossibleValue
instanceKlass com/st/ipmodeconfigmanager/xmlManager/ipmode/RefParameter
instanceKlass com/st/ipmodeconfigmanager/xmlManager/ipmode/Parameter
instanceKlass com/st/ipmodeconfigmanager/xmlManager/ipmode/RefMode$ConfigForMode
instanceKlass com/st/ipmodeconfigmanager/xmlManager/ipmode/RefMode
instanceKlass com/st/ipmodeconfigmanager/engine/Viewable
instanceKlass com/st/ipmodeconfigmanager/xmlManager/ipconfig/IPConfigFileManage
instanceKlass com/st/ipmodeconfigmanager/xmlManager/ipmode/IPModeFileManage
instanceKlass com/st/microxplorer/plugins/thirdparty/db/solver/getter/component/ComponentBundleGetter
instanceKlass com/st/components/pdscmanager/xml/common/Description
instanceKlass  @bci com/teamdev/jxbrowser/internal/PrivilegedActions doPrivileged (Ljava/lang/Runnable;)V 1 <appendix> member <vmtarget> ; # com/teamdev/jxbrowser/internal/PrivilegedActions$$Lambda+0x000000080086a000
instanceKlass com/teamdev/jxbrowser/internal/PrivilegedActions
instanceKlass  @bci com/teamdev/jxbrowser/internal/JniLibrary <init> (Lcom/teamdev/jxbrowser/internal/JniLibraryName;)V 21 <appendix> member <vmtarget> ; # com/teamdev/jxbrowser/internal/JniLibrary$$Lambda+0x000000080086fb00
instanceKlass com/teamdev/jxbrowser/internal/ChromiumSwitches
instanceKlass java/util/concurrent/Executors$RunnableAdapter
instanceKlass java/util/concurrent/FutureTask$WaitNode
instanceKlass java/util/concurrent/FutureTask
instanceKlass  @bci com/teamdev/jxbrowser/internal/ChromiumProcess startInternal (Lcom/teamdev/jxbrowser/engine/EngineOptions;)V 6 <appendix> member <vmtarget> ; # com/teamdev/jxbrowser/internal/ChromiumProcess$$Lambda+0x000000080086f0a8
instanceKlass  @bci com/teamdev/jxbrowser/engine/internal/EngineImpl newInstance (Lcom/teamdev/jxbrowser/engine/EngineOptions;)Lcom/teamdev/jxbrowser/engine/internal/EngineImpl; 143 <appendix> member <vmtarget> ; # com/teamdev/jxbrowser/engine/internal/EngineImpl$$Lambda+0x000000080086ee88
instanceKlass com/teamdev/jxbrowser/internal/event/ChromiumProcessTerminated
instanceKlass  @bci com/teamdev/jxbrowser/engine/internal/EngineImpl newInstance (Lcom/teamdev/jxbrowser/engine/EngineOptions;)Lcom/teamdev/jxbrowser/engine/internal/EngineImpl; 126 <appendix> member <vmtarget> ; # com/teamdev/jxbrowser/engine/internal/EngineImpl$$Lambda+0x000000080086ea58
instanceKlass com/teamdev/jxbrowser/internal/event/ChromiumProcessStartFailed
instanceKlass com/teamdev/jxbrowser/internal/event/ChromiumProcessEvent
instanceKlass  @bci com/teamdev/jxbrowser/internal/ChromiumProcess <init> (ILjava/nio/file/Path;)V 58 <appendix> argL0 ; # com/teamdev/jxbrowser/internal/ChromiumProcess$$Lambda+0x000000080086e438
instanceKlass  @bci com/teamdev/jxbrowser/engine/internal/EngineImpl newInstance (Lcom/teamdev/jxbrowser/engine/EngineOptions;)Lcom/teamdev/jxbrowser/engine/internal/EngineImpl; 80 <appendix> member <vmtarget> ; # com/teamdev/jxbrowser/engine/internal/EngineImpl$$Lambda+0x000000080086d4c0
instanceKlass com/teamdev/jxbrowser/event/Observer
instanceKlass com/teamdev/jxbrowser/internal/rpc/event/ConnectionCreated
instanceKlass com/teamdev/jxbrowser/internal/rpc/event/ConnectionEvent
instanceKlass  @bci com/teamdev/jxbrowser/internal/rpc/transport/ConnectionServer$AcceptConnections run ()V 0 <appendix> argL0 ; # com/teamdev/jxbrowser/internal/rpc/transport/ConnectionServer$AcceptConnections$$Lambda+0x000000080086cca0
instanceKlass java/util/concurrent/CountDownLatch
instanceKlass com/teamdev/jxbrowser/internal/rpc/transport/Connection
instanceKlass com/teamdev/jxbrowser/internal/rpc/transport/ConnectionServer$AcceptConnections
instanceKlass  @bci com/teamdev/jxbrowser/internal/rpc/transport/ConnectionServer <init> ()V 74 <appendix> member <vmtarget> ; # com/teamdev/jxbrowser/internal/rpc/transport/ConnectionServer$$Lambda+0x000000080086c230
instanceKlass java/net/ServerSocket
instanceKlass com/teamdev/jxbrowser/event/internal/SubscriptionImpl
instanceKlass com/teamdev/jxbrowser/event/internal/ObservableHelper
instanceKlass com/teamdev/jxbrowser/internal/rpc/transport/ConnectionServer
instanceKlass com/teamdev/jxbrowser/internal/Files
instanceKlass  @bci javax/swing/JComponent revalidate ()V 44 <appendix> member <vmtarget> ; # javax/swing/JComponent$$Lambda+0x00000008007fbb50
instanceKlass  @bci com/teamdev/jxbrowser/internal/NativeBinaryVerifier startLogging (Ljava/lang/Process;)V 22 <appendix> argL0 ; # com/teamdev/jxbrowser/internal/NativeBinaryVerifier$$Lambda+0x0000000800862f28
instanceKlass  @bci com/teamdev/jxbrowser/internal/NativeBinaryVerifier startLogging (Ljava/lang/String;Ljava/io/InputStream;Ljava/util/function/Consumer;)V 6 <appendix> member <vmtarget> ; # com/teamdev/jxbrowser/internal/NativeBinaryVerifier$$Lambda+0x0000000800862d08
instanceKlass  @bci com/teamdev/jxbrowser/internal/NativeBinaryVerifier startLogging (Ljava/lang/Process;)V 7 <appendix> argL0 ; # com/teamdev/jxbrowser/internal/NativeBinaryVerifier$$Lambda+0x0000000800862ae0
instanceKlass java/lang/ProcessImpl$2
instanceKlass java/util/concurrent/LinkedTransferQueue$DualNode
instanceKlass java/util/concurrent/TransferQueue
instanceKlass  @bci java/lang/ProcessHandleImpl lambda$static$1 ()Ljava/util/concurrent/Executor; 45 <appendix> member <vmtarget> ; # java/lang/ProcessHandleImpl$$Lambda+0x00000008007f9708
instanceKlass  @cpi java/lang/ProcessHandleImpl 436 form vmentry <vmtarget> ; # java/lang/invoke/LambdaForm$DMH+0x0000000800868c00
instanceKlass  @bci java/lang/ProcessHandleImpl <clinit> ()V 32 <appendix> argL0 ; # java/lang/ProcessHandleImpl$$Lambda+0x00000008007f94f0
instanceKlass java/lang/ProcessHandleImpl
instanceKlass java/lang/ProcessHandle
instanceKlass  @bci java/lang/ProcessHandleImpl lambda$static$1 ()Ljava/util/concurrent/Executor; 45 <appendix> form vmentry <vmtarget> ; # java/lang/invoke/LambdaForm$DMH+0x0000000800868400
instanceKlass  @bci java/lang/ProcessImpl <init> ([Ljava/lang/String;Ljava/lang/String;Ljava/lang/String;[JZZ)V 286 <appendix> member <vmtarget> ; # java/lang/ProcessImpl$$Lambda+0x00000008007f8e48
instanceKlass  @cpi java/lang/ProcessImpl 625 form vmentry <vmtarget> ; # java/lang/invoke/LambdaForm$DMH+0x0000000800868000
instanceKlass org/apache/commons/io/filefilter/IOFileFilter
instanceKlass org/apache/commons/io/FileUtils
instanceKlass  @bci com/st/microxplorer/plugins/thirdparty/ThirdPartyApiDb cleanupDatabaseFolder (Ljava/util/Map;)V 87 <appendix> argL0 ; # com/st/microxplorer/plugins/thirdparty/ThirdPartyApiDb$$Lambda+0x000000080052a578
instanceKlass  @bci com/st/microxplorer/plugins/thirdparty/ThirdPartyApiDb cleanupDatabaseFolder (Ljava/util/Map;)V 43 <appendix> argL0 ; # com/st/microxplorer/plugins/thirdparty/ThirdPartyApiDb$$Lambda+0x000000080052a360
instanceKlass  @bci com/st/microxplorer/plugins/thirdparty/ThirdPartyApiDb cleanupDatabaseFolder (Ljava/util/Map;)V 4 <appendix> argL0 ; # com/st/microxplorer/plugins/thirdparty/ThirdPartyApiDb$$Lambda+0x000000080052a148
instanceKlass  @cpi com/st/microxplorer/plugins/thirdparty/ThirdPartyApiDb 477 form vmentry <vmtarget> ; # java/lang/invoke/LambdaForm$DMH+0x0000000800861c00
instanceKlass com/st/microxplorer/plugins/thirdparty/engine/Engine$PackInfo
instanceKlass java/io/ObjectOutputStream$ReplaceTable
instanceKlass java/io/ObjectOutputStream$HandleTable
instanceKlass java/lang/Process
instanceKlass java/lang/ProcessBuilder
instanceKlass  @bci com/teamdev/jxbrowser/internal/xz/ResourceLocator loadResource (Ljava/lang/String;)Ljava/net/URL; 5 <appendix> member <vmtarget> ; # com/teamdev/jxbrowser/internal/xz/ResourceLocator$$Lambda+0x0000000800862000
instanceKlass com/teamdev/jxbrowser/deps/com/google/common/collect/ObjectArrays
instanceKlass  @bci com/teamdev/jxbrowser/internal/xz/ResourceLocator moduleLocator ()Lcom/teamdev/jxbrowser/internal/xz/ResourceLocator; 0 <appendix> argL0 ; # com/teamdev/jxbrowser/internal/xz/ResourceLocator$$Lambda+0x0000000800867a40
instanceKlass  @bci com/teamdev/jxbrowser/internal/xz/ResourceLocator legacyLocator ()Lcom/teamdev/jxbrowser/internal/xz/ResourceLocator; 0 <appendix> argL0 ; # com/teamdev/jxbrowser/internal/xz/ResourceLocator$$Lambda+0x0000000800867828
instanceKlass com/teamdev/jxbrowser/internal/xz/ResourceLocator
instanceKlass com/teamdev/jxbrowser/internal/xz/JavaResourceExtractor
instanceKlass  @bci java/util/Map$Entry comparingByKey ()Ljava/util/Comparator; 0 <appendix> argL0 ; # java/util/Map$Entry$$Lambda+0x00000008007f7848
instanceKlass com/teamdev/jxbrowser/internal/xz/ResourceExtractor
instanceKlass com/teamdev/jxbrowser/internal/NativeBinaryVerifier
instanceKlass sun/nio/ch/FileKey
instanceKlass sun/nio/ch/FileLockTable
instanceKlass java/nio/channels/FileLock
instanceKlass com/teamdev/jxbrowser/engine/internal/FileLock
instanceKlass  @bci com/st/microxplorer/plugins/power/ss/powerdashboard/view/View updateResultsTitle (ILjava/lang/Float;Ljava/lang/String;)V 7 <adapter> ; # java/lang/invoke/LambdaForm$MH+0x0000000800861000
# instanceKlass java/lang/invoke/LambdaForm$DMH+0x0000000800860c00
instanceKlass  @bci com/teamdev/jxbrowser/engine/ChromiumBinaries deliverTo (Ljava/nio/file/Path;Lcom/teamdev/jxbrowser/engine/BinariesDelivery;)V 116 <appendix> form vmentry <vmtarget> ; # java/lang/invoke/LambdaForm$DMH+0x0000000800860800
instanceKlass  @bci com/teamdev/jxbrowser/engine/ChromiumBinaries deliverTo (Ljava/nio/file/Path;Lcom/teamdev/jxbrowser/engine/BinariesDelivery;)V 116 <appendix> member <vmtarget> ; # com/teamdev/jxbrowser/engine/ChromiumBinaries$$Lambda+0x0000000800866ba8
instanceKlass  @bci com/teamdev/jxbrowser/engine/ChromiumBinaries deliverTo (Ljava/nio/file/Path;Lcom/teamdev/jxbrowser/engine/BinariesDelivery;)V 107 <appendix> member <vmtarget> ; # com/teamdev/jxbrowser/engine/ChromiumBinaries$$Lambda+0x0000000800866988
instanceKlass  @cpi com/teamdev/jxbrowser/engine/ChromiumBinaries 76 form vmentry <vmtarget> ; # java/lang/invoke/LambdaForm$DMH+0x0000000800860400
instanceKlass com/teamdev/jxbrowser/internal/BinaryVerifier
instanceKlass com/teamdev/jxbrowser/internal/BinariesIntegrity
instanceKlass  @bci com/teamdev/jxbrowser/deps/com/google/common/collect/CollectCollectors <clinit> ()V 75 <appendix> argL0 ; # com/teamdev/jxbrowser/deps/com/google/common/collect/CollectCollectors$$Lambda+0x0000000800866350
instanceKlass  @bci com/teamdev/jxbrowser/deps/com/google/common/collect/CollectCollectors <clinit> ()V 70 <appendix> argL0 ; # com/teamdev/jxbrowser/deps/com/google/common/collect/CollectCollectors$$Lambda+0x0000000800866110
instanceKlass  @bci com/teamdev/jxbrowser/deps/com/google/common/collect/CollectCollectors <clinit> ()V 65 <appendix> argL0 ; # com/teamdev/jxbrowser/deps/com/google/common/collect/CollectCollectors$$Lambda+0x0000000800865ee8
instanceKlass com/teamdev/jxbrowser/deps/com/google/common/collect/RangeGwtSerializationDependencies
instanceKlass com/teamdev/jxbrowser/deps/com/google/common/base/Predicate
instanceKlass  @bci com/teamdev/jxbrowser/deps/com/google/common/collect/CollectCollectors <clinit> ()V 60 <appendix> argL0 ; # com/teamdev/jxbrowser/deps/com/google/common/collect/CollectCollectors$$Lambda+0x0000000800865660
instanceKlass com/teamdev/jxbrowser/deps/com/google/common/collect/ImmutableRangeSet$Builder
instanceKlass com/teamdev/jxbrowser/deps/com/google/common/collect/SortedIterable
instanceKlass com/teamdev/jxbrowser/deps/com/google/common/collect/AbstractRangeSet
instanceKlass com/teamdev/jxbrowser/deps/com/google/common/collect/RangeSet
instanceKlass  @bci com/teamdev/jxbrowser/deps/com/google/common/collect/CollectCollectors <clinit> ()V 45 <appendix> argL0 ; # com/teamdev/jxbrowser/deps/com/google/common/collect/CollectCollectors$$Lambda+0x000000080085f1a8
instanceKlass  @bci com/teamdev/jxbrowser/deps/com/google/common/collect/CollectCollectors <clinit> ()V 40 <appendix> argL0 ; # com/teamdev/jxbrowser/deps/com/google/common/collect/CollectCollectors$$Lambda+0x000000080085ef68
instanceKlass  @bci com/teamdev/jxbrowser/deps/com/google/common/collect/CollectCollectors <clinit> ()V 35 <appendix> argL0 ; # com/teamdev/jxbrowser/deps/com/google/common/collect/CollectCollectors$$Lambda+0x000000080085ed40
instanceKlass  @cpi com/teamdev/jxbrowser/internal/reflect/Methods 56 form vmentry <vmtarget> ; # java/lang/invoke/LambdaForm$DMH+0x0000000800860000
instanceKlass  @bci com/teamdev/jxbrowser/deps/com/google/common/collect/CollectCollectors <clinit> ()V 30 <appendix> argL0 ; # com/teamdev/jxbrowser/deps/com/google/common/collect/CollectCollectors$$Lambda+0x000000080085eb28
instanceKlass  @bci com/teamdev/jxbrowser/deps/com/google/common/collect/CollectCollectors <clinit> ()V 15 <appendix> argL0 ; # com/teamdev/jxbrowser/deps/com/google/common/collect/CollectCollectors$$Lambda+0x000000080085e6b0
instanceKlass  @bci com/teamdev/jxbrowser/deps/com/google/common/collect/CollectCollectors <clinit> ()V 10 <appendix> argL0 ; # com/teamdev/jxbrowser/deps/com/google/common/collect/CollectCollectors$$Lambda+0x000000080085e470
instanceKlass  @bci com/teamdev/jxbrowser/deps/com/google/common/collect/CollectCollectors <clinit> ()V 5 <appendix> argL0 ; # com/teamdev/jxbrowser/deps/com/google/common/collect/CollectCollectors$$Lambda+0x000000080085e248
instanceKlass  @bci com/teamdev/jxbrowser/deps/com/google/common/collect/CollectCollectors <clinit> ()V 0 <appendix> argL0 ; # com/teamdev/jxbrowser/deps/com/google/common/collect/CollectCollectors$$Lambda+0x000000080085e030
instanceKlass com/teamdev/jxbrowser/deps/com/google/common/collect/CollectCollectors
instanceKlass  @bci com/teamdev/jxbrowser/internal/BinariesListing forCurrentPlatform ()Ljava/util/List; 125 <appendix> argL0 ; # com/teamdev/jxbrowser/internal/BinariesListing$$Lambda+0x000000080085dbe8
instanceKlass com/teamdev/jxbrowser/internal/SystemProperties
instanceKlass com/teamdev/jxbrowser/internal/ChromiumExecutable
instanceKlass com/teamdev/jxbrowser/internal/OfficialDelivery
instanceKlass com/teamdev/jxbrowser/engine/BinariesDelivery
instanceKlass com/teamdev/jxbrowser/engine/ChromiumBinaries
instanceKlass com/teamdev/jxbrowser/internal/JniLibrary
instanceKlass  @bci com/teamdev/jxbrowser/internal/UnsupportedSystemProperties validateSystemProperties ()V 33 <appendix> argL0 ; # com/teamdev/jxbrowser/internal/UnsupportedSystemProperties$$Lambda+0x000000080085bc78
instanceKlass  @bci com/teamdev/jxbrowser/internal/UnsupportedSystemProperties validateSystemProperties ()V 18 <appendix> member <vmtarget> ; # com/teamdev/jxbrowser/internal/UnsupportedSystemProperties$$Lambda+0x000000080085ba28
instanceKlass com/teamdev/jxbrowser/internal/UnsupportedSystemProperties
instanceKlass com/teamdev/jxbrowser/deps/com/google/common/collect/Iterables
instanceKlass com/teamdev/jxbrowser/deps/com/google/common/collect/Sets
instanceKlass com/teamdev/jxbrowser/deps/com/google/protobuf/SmallSortedMap$Entry
instanceKlass com/teamdev/jxbrowser/deps/com/google/protobuf/FieldSet$1
instanceKlass com/teamdev/jxbrowser/deps/com/google/protobuf/WireFormat$1
instanceKlass com/teamdev/jxbrowser/deps/com/google/protobuf/MessageReflection$1
instanceKlass com/teamdev/jxbrowser/deps/com/google/protobuf/SmallSortedMap$EntryIterator
instanceKlass com/teamdev/jxbrowser/deps/com/google/protobuf/GeneratedMessageV3$ExtendableMessage$ExtensionWriter
instanceKlass com/teamdev/jxbrowser/deps/com/google/protobuf/ByteString$CodedBuilder
instanceKlass com/teamdev/jxbrowser/deps/com/google/protobuf/Writer
instanceKlass com/teamdev/jxbrowser/deps/com/google/protobuf/ByteOutput
instanceKlass com/teamdev/jxbrowser/deps/com/google/protobuf/ExtensionRegistry$1
instanceKlass com/teamdev/jxbrowser/deps/com/google/protobuf/UnknownFieldSet$Field$Builder
instanceKlass com/teamdev/jxbrowser/deps/com/google/protobuf/UnknownFieldSet$Field
instanceKlass com/teamdev/jxbrowser/deps/com/google/protobuf/ExtensionRegistry$DescriptorIntPair
instanceKlass com/teamdev/jxbrowser/deps/com/google/protobuf/MessageReflection
instanceKlass com/teamdev/jxbrowser/deps/com/google/protobuf/MessageReflection$ExtensionBuilderAdapter
instanceKlass com/teamdev/jxbrowser/deps/com/google/protobuf/UnknownFieldSet$Builder
instanceKlass com/teamdev/jxbrowser/deps/com/google/protobuf/FieldSet$Builder
instanceKlass com/teamdev/jxbrowser/deps/com/google/protobuf/GeneratedMessage$GeneratedExtension$1
instanceKlass com/teamdev/jxbrowser/deps/com/google/protobuf/GeneratedMessageV3$FieldAccessorTable$OneofAccessor
instanceKlass com/teamdev/jxbrowser/deps/com/google/protobuf/GeneratedMessageV3$FieldAccessorTable$FieldAccessor
instanceKlass com/teamdev/jxbrowser/deps/com/google/protobuf/GeneratedMessageV3$FieldAccessorTable
instanceKlass com/teamdev/jxbrowser/deps/com/google/protobuf/Descriptors$1
instanceKlass com/teamdev/jxbrowser/deps/com/google/protobuf/Descriptors$EnumValueDescriptor$2
instanceKlass com/teamdev/jxbrowser/deps/com/google/protobuf/Descriptors$EnumValueDescriptor$1
instanceKlass com/teamdev/jxbrowser/deps/com/google/protobuf/Descriptors$FieldDescriptor$1
instanceKlass com/teamdev/jxbrowser/deps/com/google/protobuf/Descriptors$NumberGetter
instanceKlass com/teamdev/jxbrowser/deps/com/google/protobuf/Descriptors
instanceKlass java/lang/foreign/MemorySegment
instanceKlass com/teamdev/jxbrowser/deps/com/google/protobuf/UnsafeUtil$1
instanceKlass com/teamdev/jxbrowser/deps/com/google/protobuf/UnsafeUtil$MemoryAccessor
instanceKlass com/teamdev/jxbrowser/deps/com/google/protobuf/UnsafeUtil
instanceKlass com/teamdev/jxbrowser/deps/com/google/protobuf/Utf8$Processor
instanceKlass com/teamdev/jxbrowser/deps/com/google/protobuf/Utf8
instanceKlass com/teamdev/jxbrowser/deps/com/google/protobuf/Descriptors$DescriptorPool
instanceKlass com/teamdev/jxbrowser/deps/com/google/protobuf/DescriptorProtos$FileOptions$OptimizeMode$1
instanceKlass com/teamdev/jxbrowser/deps/com/google/protobuf/DescriptorProtos$UninterpretedOptionOrBuilder
instanceKlass  @bci com/st/library/analyticscore/initialization/configuration/ConfigurationRetriever getFullHeader ()Ljava/lang/String; 15 <adapter> ; # java/lang/invoke/LambdaForm$MH+0x0000000800848800
instanceKlass  @bci com/st/library/analyticscore/initialization/configuration/ConfigurationRetriever getFullHeader ()Ljava/lang/String; 15 <appendix> form vmentry <vmtarget> ; # java/lang/invoke/LambdaForm$MH+0x0000000800848400
instanceKlass com/teamdev/jxbrowser/deps/com/google/protobuf/GeneratedMessageV3$1
instanceKlass  @bci com/st/library/analyticscore/initialization/configuration/ConfigurationRetriever getFullHeader ()Ljava/lang/String; 15 <appendix> form names 8 function resolvedHandle form vmentry <vmtarget> ; # java/lang/invoke/LambdaForm$DMH+0x0000000800847400
instanceKlass com/teamdev/jxbrowser/deps/com/google/protobuf/GeneratedMessageV3$Builder$BuilderParentImpl
instanceKlass  @bci com/st/library/analyticscore/initialization/configuration/ConfigurationRetriever getFullHeader ()Ljava/lang/String; 15 <appendix> argL3 form vmentry <vmtarget> ; # java/lang/invoke/LambdaForm$MH+0x0000000800847000
instanceKlass com/teamdev/jxbrowser/deps/com/google/protobuf/SmallSortedMap$EmptySet$2
instanceKlass com/teamdev/jxbrowser/deps/com/google/protobuf/SmallSortedMap$EmptySet$1
instanceKlass com/teamdev/jxbrowser/deps/com/google/protobuf/SmallSortedMap$EmptySet
instanceKlass  @bci com/st/library/analyticscore/initialization/configuration/ConfigurationRetriever getFullHeader ()Ljava/lang/String; 15 <appendix> form names 12 function resolvedHandle form vmentry <vmtarget> ; # java/lang/invoke/LambdaForm$DMH+0x0000000800845c00
instanceKlass  @bci com/st/library/analyticscore/initialization/configuration/ConfigurationRetriever getFullHeader ()Ljava/lang/String; 15 <appendix> argL1 form vmentry <vmtarget> ; # java/lang/invoke/LambdaForm$MH+0x0000000800845800
instanceKlass com/teamdev/jxbrowser/deps/com/google/protobuf/LazyFieldLite
# instanceKlass java/lang/invoke/LambdaForm$MH+0x0000000800844800
instanceKlass com/teamdev/jxbrowser/deps/com/google/protobuf/FieldSet
instanceKlass  @cpi com/teamdev/jxbrowser/internal/memory/SharedMemoryManager 87 form vmentry <vmtarget> ; # java/lang/invoke/LambdaForm$DMH+0x0000000800844000
instanceKlass com/teamdev/jxbrowser/deps/com/google/protobuf/MessageReflection$MergeTarget
instanceKlass com/teamdev/jxbrowser/deps/com/google/protobuf/SingleFieldBuilderV3
instanceKlass com/teamdev/jxbrowser/deps/com/google/protobuf/DescriptorProtos$EnumValueOptionsOrBuilder
instanceKlass com/teamdev/jxbrowser/deps/com/google/protobuf/DescriptorProtos$EnumDescriptorProto$EnumReservedRangeOrBuilder
instanceKlass com/teamdev/jxbrowser/deps/com/google/protobuf/DescriptorProtos$EnumValueDescriptorProtoOrBuilder
instanceKlass com/teamdev/jxbrowser/deps/com/google/protobuf/DescriptorProtos$EnumOptionsOrBuilder
instanceKlass com/teamdev/jxbrowser/deps/com/google/protobuf/DescriptorProtos$ExtensionRangeOptionsOrBuilder
instanceKlass com/teamdev/jxbrowser/deps/com/google/protobuf/DescriptorProtos$FieldDescriptorProto$Type$1
instanceKlass com/teamdev/jxbrowser/deps/com/google/protobuf/DescriptorProtos$FieldDescriptorProto$Label$1
instanceKlass com/teamdev/jxbrowser/deps/com/google/protobuf/Internal$EnumLiteMap
instanceKlass com/teamdev/jxbrowser/deps/com/google/protobuf/DescriptorProtos$FieldOptionsOrBuilder
instanceKlass com/teamdev/jxbrowser/deps/com/google/protobuf/DescriptorProtos$OneofDescriptorProtoOrBuilder
instanceKlass com/teamdev/jxbrowser/deps/com/google/protobuf/DescriptorProtos$DescriptorProto$ReservedRangeOrBuilder
instanceKlass com/teamdev/jxbrowser/deps/com/google/protobuf/DescriptorProtos$DescriptorProto$ExtensionRangeOrBuilder
instanceKlass com/teamdev/jxbrowser/deps/com/google/protobuf/DescriptorProtos$MessageOptionsOrBuilder
instanceKlass com/teamdev/jxbrowser/deps/com/google/protobuf/ByteString$2
instanceKlass com/teamdev/jxbrowser/deps/com/google/protobuf/ByteString$ArraysByteArrayCopier
instanceKlass com/teamdev/jxbrowser/deps/com/google/protobuf/Android
instanceKlass com/teamdev/jxbrowser/deps/com/google/protobuf/ByteString$ByteIterator
instanceKlass com/teamdev/jxbrowser/deps/com/google/protobuf/ByteString$ByteArrayCopier
instanceKlass com/teamdev/jxbrowser/deps/com/google/protobuf/ByteString
instanceKlass com/teamdev/jxbrowser/deps/com/google/protobuf/WireFormat
instanceKlass com/teamdev/jxbrowser/deps/com/google/protobuf/DescriptorProtos$DescriptorProtoOrBuilder
instanceKlass com/teamdev/jxbrowser/deps/com/google/protobuf/DescriptorProtos$EnumDescriptorProtoOrBuilder
instanceKlass com/teamdev/jxbrowser/deps/com/google/protobuf/DescriptorProtos$ServiceDescriptorProtoOrBuilder
instanceKlass com/teamdev/jxbrowser/deps/com/google/protobuf/DescriptorProtos$FieldDescriptorProtoOrBuilder
instanceKlass com/teamdev/jxbrowser/deps/com/google/protobuf/PrimitiveNonBoxingCollection
instanceKlass com/teamdev/jxbrowser/deps/com/google/protobuf/LazyStringList
instanceKlass com/teamdev/jxbrowser/deps/com/google/protobuf/ProtocolStringList
instanceKlass com/teamdev/jxbrowser/deps/com/google/protobuf/DescriptorProtos$FileOptionsOrBuilder
instanceKlass com/teamdev/jxbrowser/deps/com/google/protobuf/GeneratedMessageV3$ExtendableMessageOrBuilder
instanceKlass com/teamdev/jxbrowser/deps/com/google/protobuf/DescriptorProtos$SourceCodeInfoOrBuilder
instanceKlass com/teamdev/jxbrowser/deps/com/google/protobuf/DescriptorProtos$FileDescriptorProtoOrBuilder
instanceKlass com/teamdev/jxbrowser/deps/com/google/protobuf/CodedInputStream
instanceKlass com/teamdev/jxbrowser/deps/com/google/protobuf/Internal
instanceKlass com/teamdev/jxbrowser/deps/com/google/protobuf/DescriptorProtos
instanceKlass com/teamdev/jxbrowser/deps/com/google/protobuf/ProtocolMessageEnum
instanceKlass com/teamdev/jxbrowser/deps/com/google/protobuf/Internal$EnumLite
instanceKlass com/teamdev/jxbrowser/deps/com/google/protobuf/GeneratedMessage$ExtensionDescriptorRetriever
instanceKlass com/teamdev/jxbrowser/deps/com/google/protobuf/GeneratedMessage$BuilderParent
instanceKlass com/teamdev/jxbrowser/internal/rpc/OptionsProto
instanceKlass com/teamdev/jxbrowser/net/internal/rpc/SchemeProto
instanceKlass  @bci com/teamdev/jxbrowser/net/internal/NonInterceptableScheme contains (Lcom/teamdev/jxbrowser/net/Scheme;)Z 7 <appendix> member <vmtarget> ; # com/teamdev/jxbrowser/net/internal/NonInterceptableScheme$$Lambda+0x000000080082bd30
instanceKlass com/st/components/swing/JxBrowserEngine$InterceptJarRequestCallback
instanceKlass com/teamdev/jxbrowser/deps/com/google/common/collect/ImmutableCollection$Builder
instanceKlass com/teamdev/jxbrowser/internal/ChromiumLocale
instanceKlass com/teamdev/jxbrowser/internal/ChromiumLanguage
instanceKlass java/util/UUID$Holder
instanceKlass java/util/logging/StreamHandler$1
instanceKlass java/util/logging/Handler$1
instanceKlass java/util/logging/ErrorManager
instanceKlass jdk/internal/logger/SimpleConsoleLogger$Formatting
instanceKlass  @bci java/util/logging/SimpleFormatter <init> ()V 5 <appendix> argL0 ; # java/util/logging/SimpleFormatter$$Lambda+0x00000008007f5ec0
instanceKlass java/util/logging/Formatter
instanceKlass com/teamdev/jxbrowser/logging/Logger
instanceKlass com/teamdev/jxbrowser/net/internal/rpc/SchemeOrBuilder
instanceKlass com/teamdev/jxbrowser/dom/event/internal/rpc/EventTypeOrBuilder
instanceKlass com/teamdev/jxbrowser/internal/string/StringPreconditions
instanceKlass com/teamdev/jxbrowser/time/internal/TimeConverter
instanceKlass com/teamdev/jxbrowser/deps/com/google/protobuf/AbstractMessageLite$Builder
instanceKlass com/teamdev/jxbrowser/deps/com/google/protobuf/FieldSet$FieldDescriptorLite
instanceKlass com/teamdev/jxbrowser/deps/com/google/protobuf/Descriptors$GenericDescriptor
instanceKlass com/teamdev/jxbrowser/deps/com/google/protobuf/ExtensionRegistry$ExtensionInfo
instanceKlass com/teamdev/jxbrowser/deps/com/google/protobuf/ExtensionLite
instanceKlass com/teamdev/jxbrowser/deps/com/google/protobuf/ExtensionRegistryFactory
instanceKlass com/teamdev/jxbrowser/deps/com/google/protobuf/ExtensionRegistryLite
instanceKlass com/teamdev/jxbrowser/deps/com/google/protobuf/AbstractParser
instanceKlass com/teamdev/jxbrowser/deps/com/google/protobuf/UnknownFieldSet
instanceKlass com/teamdev/jxbrowser/deps/com/google/protobuf/Parser
instanceKlass com/teamdev/jxbrowser/deps/com/google/protobuf/Message$Builder
instanceKlass com/teamdev/jxbrowser/deps/com/google/protobuf/MessageLite$Builder
instanceKlass com/teamdev/jxbrowser/deps/com/google/protobuf/GeneratedMessageV3$BuilderParent
instanceKlass com/teamdev/jxbrowser/deps/com/google/protobuf/AbstractMessage$BuilderParent
instanceKlass com/teamdev/jxbrowser/deps/com/google/protobuf/Internal$IntList
instanceKlass com/teamdev/jxbrowser/deps/com/google/protobuf/Internal$DoubleList
instanceKlass com/teamdev/jxbrowser/deps/com/google/protobuf/Internal$BooleanList
instanceKlass com/teamdev/jxbrowser/deps/com/google/protobuf/Internal$FloatList
instanceKlass com/teamdev/jxbrowser/deps/com/google/protobuf/Internal$LongList
instanceKlass com/teamdev/jxbrowser/deps/com/google/protobuf/Internal$ProtobufList
instanceKlass com/teamdev/jxbrowser/deps/com/google/protobuf/Reader
instanceKlass com/teamdev/jxbrowser/deps/com/google/protobuf/AbstractMessageLite
instanceKlass com/teamdev/jxbrowser/time/internal/rpc/TimestampOrBuilder
instanceKlass com/teamdev/jxbrowser/deps/com/google/common/collect/PeekingIterator
instanceKlass com/teamdev/jxbrowser/deps/com/google/common/collect/Iterators
instanceKlass  @bci com/teamdev/jxbrowser/engine/internal/ClassPreLoader ensureRequiredClassesLoaded ()V 3 <appendix> argL0 ; # com/teamdev/jxbrowser/engine/internal/ClassPreLoader$$Lambda+0x000000080081c300
instanceKlass com/teamdev/jxbrowser/deps/com/google/common/math/IntMath$1
instanceKlass com/teamdev/jxbrowser/deps/com/google/common/math/MathPreconditions
instanceKlass com/teamdev/jxbrowser/deps/com/google/common/math/IntMath
instanceKlass com/teamdev/jxbrowser/deps/com/google/common/collect/ImmutableSet$SetBuilderImpl
instanceKlass com/teamdev/jxbrowser/net/Scheme
instanceKlass com/teamdev/jxbrowser/dom/event/EventType
instanceKlass com/teamdev/jxbrowser/time/Timestamp
instanceKlass com/teamdev/jxbrowser/engine/internal/ClassPreLoader
instanceKlass com/teamdev/jxbrowser/internal/IdMap
instanceKlass com/teamdev/jxbrowser/engine/internal/TempUserDataDirs
instanceKlass com/teamdev/jxbrowser/event/Subscription
instanceKlass com/teamdev/jxbrowser/permission/Permissions
instanceKlass com/teamdev/jxbrowser/net/proxy/Proxy
instanceKlass com/teamdev/jxbrowser/cookie/CookieStore
instanceKlass com/teamdev/jxbrowser/profile/Profiles
instanceKlass com/teamdev/jxbrowser/engine/EngineService
instanceKlass com/teamdev/jxbrowser/net/Network
instanceKlass com/teamdev/jxbrowser/spellcheck/SpellChecker
instanceKlass com/teamdev/jxbrowser/cache/HttpAuthCache
instanceKlass com/teamdev/jxbrowser/cache/HttpCache
instanceKlass com/teamdev/jxbrowser/zoom/ZoomLevels
instanceKlass com/teamdev/jxbrowser/download/Downloads
instanceKlass com/teamdev/jxbrowser/deps/com/google/protobuf/Message
instanceKlass com/teamdev/jxbrowser/deps/com/google/protobuf/MessageOrBuilder
instanceKlass com/teamdev/jxbrowser/deps/com/google/protobuf/MessageLite
instanceKlass com/teamdev/jxbrowser/deps/com/google/protobuf/MessageLiteOrBuilder
instanceKlass com/teamdev/jxbrowser/plugin/Plugins
instanceKlass com/teamdev/jxbrowser/profile/ProfileService
instanceKlass com/teamdev/jxbrowser/internal/CloseableImpl
instanceKlass com/teamdev/jxbrowser/engine/Engine
instanceKlass  @bci com/teamdev/jxbrowser/os/Environment defaultChromiumDir ()Ljava/nio/file/Path; 26 <appendix> member <vmtarget> ; # com/teamdev/jxbrowser/os/Environment$$Lambda+0x0000000800815b30
instanceKlass com/teamdev/jxbrowser/internal/Version
instanceKlass com/teamdev/jxbrowser/os/Environment
instanceKlass com/teamdev/jxbrowser/engine/EngineOptions$Builder
instanceKlass com/teamdev/jxbrowser/engine/EngineOptions
instanceKlass com/teamdev/jxbrowser/deps/com/google/common/collect/Hashing
instanceKlass  @bci com/teamdev/jxbrowser/deps/com/google/common/base/Java8Usage performCheck ()Ljava/lang/String; 0 <appendix> argL0 ; # com/teamdev/jxbrowser/deps/com/google/common/base/Java8Usage$$Lambda+0x00000008008146c0
instanceKlass com/teamdev/jxbrowser/deps/com/google/common/base/Java8Usage
instanceKlass com/teamdev/jxbrowser/deps/com/google/common/base/Preconditions
instanceKlass com/teamdev/jxbrowser/deps/com/google/common/collect/AbstractMapEntry
instanceKlass com/teamdev/jxbrowser/deps/com/google/common/collect/CollectPreconditions
instanceKlass  @bci com/teamdev/jxbrowser/VersionInfo properties ()Ljava/util/Map; 43 <appendix> member <vmtarget> ; # com/teamdev/jxbrowser/VersionInfo$$Lambda+0x0000000800810b98
instanceKlass com/teamdev/jxbrowser/deps/com/google/common/collect/ImmutableMap$Builder
instanceKlass com/teamdev/jxbrowser/deps/com/google/common/collect/BiMap
instanceKlass com/teamdev/jxbrowser/deps/com/google/common/collect/UnmodifiableIterator
instanceKlass com/teamdev/jxbrowser/deps/com/google/common/collect/ImmutableMap
instanceKlass com/teamdev/jxbrowser/VersionInfo
instanceKlass com/st/components/swing/JxBrowserEngine$SingletonHolder
instanceKlass com/teamdev/jxbrowser/net/callback/InterceptUrlRequestCallback
instanceKlass com/teamdev/jxbrowser/callback/SyncCallback
instanceKlass com/st/components/swing/JxBrowserEngine
instanceKlass org/apache/commons/io/Charsets
instanceKlass com/teamdev/jxbrowser/net/callback/VerifyCertificateCallback$Response
instanceKlass com/teamdev/jxbrowser/net/callback/VerifyCertificateCallback$Params
instanceKlass com/teamdev/jxbrowser/browser/callback/SavePasswordCallback$Params
instanceKlass com/teamdev/jxbrowser/navigation/event/FrameLoadFinished
instanceKlass com/teamdev/jxbrowser/frame/Frame
instanceKlass com/teamdev/jxbrowser/dom/event/Event
instanceKlass com/teamdev/jxbrowser/browser/Browser
instanceKlass com/teamdev/jxbrowser/Closeable
instanceKlass com/teamdev/jxbrowser/engine/event/EngineClosed
instanceKlass com/teamdev/jxbrowser/navigation/Navigation
instanceKlass com/teamdev/jxbrowser/event/Observable
instanceKlass com/teamdev/jxbrowser/callback/Advisable
instanceKlass com/teamdev/jxbrowser/profile/Profile
instanceKlass com/teamdev/jxbrowser/browser/event/ConsoleMessageReceived
instanceKlass com/teamdev/jxbrowser/browser/event/BrowserEvent
instanceKlass com/teamdev/jxbrowser/browser/callback/InjectJsCallback$Response
instanceKlass com/teamdev/jxbrowser/browser/callback/InjectJsCallback$Params
instanceKlass com/teamdev/jxbrowser/navigation/event/NavigationFinished
instanceKlass com/teamdev/jxbrowser/navigation/event/NavigationEvent
instanceKlass com/teamdev/jxbrowser/engine/event/EngineCrashed
instanceKlass com/teamdev/jxbrowser/engine/event/EngineEvent
instanceKlass com/teamdev/jxbrowser/callback/AsyncCallbackAction
instanceKlass com/teamdev/jxbrowser/net/callback/AuthenticateCallback$Params
instanceKlass com/teamdev/jxbrowser/dom/Element
instanceKlass com/teamdev/jxbrowser/dom/Node
instanceKlass com/teamdev/jxbrowser/dom/event/EventTarget
instanceKlass com/teamdev/jxbrowser/dom/SearchContext
instanceKlass com/teamdev/jxbrowser/net/event/NetworkChanged
instanceKlass com/teamdev/jxbrowser/net/event/NetworkEvent
instanceKlass com/teamdev/jxbrowser/event/Event
instanceKlass com/st/microxplorer/plugins/projectmanager/util/OSValidator
instanceKlass org/apache/commons/collections4/map/AbstractHashedMap$HashEntry
instanceKlass org/apache/commons/collections4/KeyValue
instanceKlass org/apache/commons/collections4/MapIterator
instanceKlass org/apache/commons/collections4/IterableMap
instanceKlass org/apache/commons/collections4/IterableGet
instanceKlass org/apache/commons/collections4/Get
instanceKlass org/apache/commons/collections4/Put
instanceKlass com/st/microxplorer/plugins/projectmanager/security/securityInterface/IMxScratch
instanceKlass com/st/microxplorer/plugins/projectmanager/security/securityInterface/IRotMmtServices
instanceKlass com/st/microxplorer/plugins/projectmanager/security/BootPathManager
instanceKlass com/st/microxplorer/util/UserConstant
instanceKlass  @bci com/st/microxplorer/maingui/MainFrame initialization ()V 381 <appendix> argL0 ; # com/st/microxplorer/maingui/MainFrame$$Lambda+0x0000000800806cc0
instanceKlass javax/swing/JTable$4
instanceKlass javax/swing/JTable$2
instanceKlass javax/swing/JTable$Resizable3
instanceKlass javax/swing/JTable$Resizable2
instanceKlass sun/awt/im/InputMethodAdapter
instanceKlass java/awt/im/spi/InputMethod
instanceKlass java/awt/im/spi/InputMethodContext
instanceKlass java/awt/im/InputMethodRequests
instanceKlass java/awt/im/InputContext
instanceKlass com/st/microxplorer/maingui/MainPanel$28
instanceKlass com/st/microxplorer/maingui/MainPanel$27
instanceKlass com/st/microxplorer/maingui/MainPanel$26
instanceKlass com/st/microxplorer/maingui/MainPanel$25
instanceKlass com/st/microxplorer/maingui/MainPanel$24
instanceKlass com/st/microxplorer/maingui/MainPanel$23
instanceKlass com/st/microxplorer/maingui/MainPanel$22
instanceKlass com/st/microxplorer/maingui/MainPanel$21
instanceKlass com/st/microxplorer/maingui/MainPanel$20
instanceKlass com/st/microxplorer/maingui/MainPanel$19
instanceKlass com/st/microxplorer/maingui/MainPanel$18
instanceKlass com/st/microxplorer/maingui/MainPanel$17
instanceKlass com/st/microxplorer/maingui/MainPanel$16
instanceKlass com/st/microxplorer/maingui/MainPanel$15
instanceKlass com/st/microxplorer/maingui/MainPanel$14
instanceKlass com/st/microxplorer/maingui/MainPanel$13
instanceKlass com/st/microxplorer/maingui/MainPanel$12
instanceKlass com/st/microxplorer/maingui/MainPanel$11
instanceKlass com/st/microxplorer/maingui/MainPanel$10
instanceKlass com/st/microxplorer/maingui/MainPanel$9
instanceKlass com/st/microxplorer/maingui/MainPanel$8
instanceKlass com/st/microxplorer/maingui/MainPanel$7
instanceKlass com/st/microxplorer/maingui/MainPanel$6
instanceKlass com/st/microxplorer/maingui/MainPanel$5
instanceKlass com/st/microxplorer/maingui/MainPanel$4
instanceKlass com/st/microxplorer/maingui/MainPanel$3
instanceKlass com/st/microxplorer/maingui/MainPanel$2
instanceKlass com/st/microxplorer/maingui/HomePanel$2
instanceKlass com/st/microxplorer/maingui/HomeMainPanel$2
instanceKlass com/st/microxplorer/maingui/HomeMainPanel$1
instanceKlass  @bci com/st/microxplorer/maingui/HomeMainPanel <init> (Ljavax/swing/JPanel;Ljavax/swing/JPanel;Ljavax/swing/JPanel;Ljavax/swing/JPanel;Lcom/st/microxplorer/externaltools/STToolsPanel;)V 417 <appendix> member <vmtarget> ; # com/st/microxplorer/maingui/HomeMainPanel$$Lambda+0x0000000800800970
instanceKlass  @bci com/st/microxplorer/maingui/HomeMainPanel <init> (Ljavax/swing/JPanel;Ljavax/swing/JPanel;Ljavax/swing/JPanel;Ljavax/swing/JPanel;Lcom/st/microxplorer/externaltools/STToolsPanel;)V 366 <appendix> member <vmtarget> ; # com/st/microxplorer/maingui/HomeMainPanel$$Lambda+0x0000000800800750
instanceKlass  @cpi com/teamdev/jxbrowser/internal/rpc/transport/RpcThreadCallExecutor 36 form vmentry <vmtarget> ; # java/lang/invoke/LambdaForm$DMH+0x0000000800804400
instanceKlass java/awt/GridBagLayoutInfo
instanceKlass com/st/microxplorer/externaltools/STToolsPanel$1
# instanceKlass java/lang/invoke/LambdaForm$MH+0x0000000800804000
instanceKlass java/awt/GridLayout
instanceKlass com/st/microxplorer/util/ComparatorMD5DB
instanceKlass  @bci com/st/microxplorer/maingui/HomeAdPanel <init> ()V 916 <appendix> member <vmtarget> ; # com/st/microxplorer/maingui/HomeAdPanel$$Lambda+0x00000008007bc958
instanceKlass  @bci com/st/microxplorer/maingui/HomeAdPanel <init> ()V 906 <appendix> member <vmtarget> ; # com/st/microxplorer/maingui/HomeAdPanel$$Lambda+0x00000008007bc738
instanceKlass  @bci com/st/microxplorer/maingui/HomeAdPanel createAdToggleButtons ()V 111 <appendix> member <vmtarget> ; # com/st/microxplorer/maingui/HomeAdPanel$$Lambda+0x00000008007bc518
instanceKlass  @bci com/st/microxplorer/maingui/HomeAdPanel createAdToggleButtons ()V 101 <appendix> member <vmtarget> ; # com/st/microxplorer/maingui/HomeAdPanel$$Lambda+0x00000008007bc2f8
instanceKlass com/st/microxplorer/mcufinder/gui/selector/DetailPanel$5
instanceKlass com/st/microxplorer/mcufinder/gui/mcuselector/McuDetailPanel$1
instanceKlass com/st/microxplorer/mcufinder/gui/McuFinderGUIConstants
instanceKlass  @bci java/util/regex/Pattern ALL ()Ljava/util/regex/Pattern$CharPredicate; 0 <appendix> argL0 ; # java/util/regex/Pattern$$Lambda+0x00000008007f1888
instanceKlass com/st/microxplorer/maingui/HomeAdPanel$1
instanceKlass  @bci sun/util/locale/provider/JRELocaleProviderAdapter getTimeZoneNameProvider ()Ljava/util/spi/TimeZoneNameProvider; 8 <appendix> member <vmtarget> ; # sun/util/locale/provider/JRELocaleProviderAdapter$$Lambda+0x00000008007f1668
instanceKlass sun/util/locale/provider/TimeZoneNameUtility$TimeZoneNameGetter
instanceKlass org/json/JSONTokener
instanceKlass org/json/JSONObject$Null
instanceKlass org/json/JSONArray
instanceKlass org/json/JSONObject
instanceKlass sun/security/provider/ByteArrayAccess$LE
instanceKlass sun/net/www/http/KeepAliveEntry
instanceKlass sun/net/www/http/KeepAliveCache$1
instanceKlass sun/net/www/http/KeepAliveStreamCleaner$2
instanceKlass sun/net/www/http/KeepAliveStreamCleaner$1
instanceKlass sun/net/www/http/Hurryable
instanceKlass sun/net/www/HeaderParser
instanceKlass sun/net/www/protocol/http/AuthCacheValue
instanceKlass sun/security/ssl/TransportContext$NotifyHandshake$1
instanceKlass sun/security/ssl/TransportContext$NotifyHandshake
instanceKlass sun/security/internal/spec/TlsPrfParameterSpec
instanceKlass sun/security/internal/spec/TlsKeyMaterialSpec
instanceKlass sun/security/internal/spec/TlsKeyMaterialParameterSpec
instanceKlass sun/security/ssl/SSLTrafficKeyDerivation$LegacyTrafficKeyDerivation
instanceKlass com/sun/crypto/provider/TlsMasterSecretGenerator$TlsMasterSecretKey
instanceKlass sun/security/internal/interfaces/TlsMasterSecret
instanceKlass sun/security/internal/spec/TlsMasterSecretParameterSpec
instanceKlass sun/security/ssl/SSLMasterKeyDerivation$LegacyMasterKeyDerivation
instanceKlass sun/security/ssl/SSLMasterKeyDerivation$1
instanceKlass sun/security/ssl/ECDHKeyExchange$1
instanceKlass sun/security/ssl/ECDHClientKeyExchange$ECDHEClientKeyExchangeProducer
instanceKlass sun/security/ssl/ECDHClientKeyExchange$ECDHEClientKeyExchangeConsumer
instanceKlass sun/security/ssl/ECDHClientKeyExchange$ECDHClientKeyExchangeProducer
instanceKlass sun/security/ssl/ECDHClientKeyExchange$ECDHClientKeyExchangeConsumer
instanceKlass sun/security/ssl/ECDHClientKeyExchange
instanceKlass java/security/spec/ECPublicKeySpec
instanceKlass sun/security/ssl/ECDHKeyExchange$ECDHECredentials
instanceKlass sun/security/ssl/ECDHServerKeyExchange$ECDHServerKeyExchangeProducer
instanceKlass sun/security/ssl/ECDHServerKeyExchange$ECDHServerKeyExchangeConsumer
instanceKlass sun/security/ssl/ECDHServerKeyExchange
instanceKlass sun/security/util/HostnameChecker
# instanceKlass java/lang/invoke/LambdaForm$DMH+0x00000008007a9c00
instanceKlass jdk/internal/icu/impl/NormalizerImpl$ReorderingBuffer
# instanceKlass java/lang/invoke/LambdaForm$MH+0x00000008007a9800
# instanceKlass java/lang/invoke/LambdaForm$DMH+0x00000008007a9400
# instanceKlass java/lang/invoke/LambdaForm$DMH+0x00000008007a9000
instanceKlass sun/security/x509/RFC822Name
instanceKlass sun/security/pkcs12/PKCS12KeyStore$Entry
instanceKlass sun/security/util/IOUtils
instanceKlass sun/security/util/AnchorCertificates$1
instanceKlass sun/security/util/AnchorCertificates
instanceKlass sun/security/ssl/SSLAuthentication
instanceKlass sun/security/ssl/SSLKeyExchange$SSLKeyExECDHERSAOrPSS
instanceKlass sun/security/ssl/SSLKeyExchange$1
instanceKlass sun/security/ssl/SessionTicketExtension$SessionTicketSpec
instanceKlass sun/security/ssl/RenegoInfoExtension$RenegotiationInfoSpec
instanceKlass sun/security/ssl/HandshakeHash$T12HandshakeHash
instanceKlass java/awt/EventQueue$1AWTInvocationLock
instanceKlass sun/net/www/http/KeepAliveKey
instanceKlass sun/net/NetworkClient$1
instanceKlass sun/net/NetworkClient
instanceKlass javax/net/ssl/HandshakeCompletedListener
instanceKlass sun/net/www/protocol/http/HttpURLConnection$7
instanceKlass java/net/ResponseCache
instanceKlass sun/net/www/protocol/http/HttpURLConnection$3
instanceKlass java/net/CookieHandler
instanceKlass sun/net/www/protocol/http/HttpURLConnection$2
instanceKlass  @bci sun/net/www/protocol/http/AuthCacheImpl getAuthCacheFor (Ljava/net/Authenticator;)Lsun/net/www/protocol/http/AuthCacheImpl; 4 <appendix> argL0 ; # sun/net/www/protocol/http/AuthCacheImpl$$Lambda+0x00000008007e3e48
instanceKlass sun/net/www/protocol/http/AuthCacheImpl
instanceKlass sun/net/www/protocol/http/AuthCache
instanceKlass  @bci sun/net/www/protocol/http/HttpURLConnection getNetProperty (Ljava/lang/String;)Ljava/lang/String; 1 <appendix> member <vmtarget> ; # sun/net/www/protocol/http/HttpURLConnection$$Lambda+0x00000008007e37e0
instanceKlass javax/net/ssl/KeyManagerFactorySpi
instanceKlass  @bci javax/net/ssl/KeyManagerFactory getDefaultAlgorithm ()Ljava/lang/String; 0 <appendix> argL0 ; # javax/net/ssl/KeyManagerFactory$$Lambda+0x00000008007e1ca8
instanceKlass javax/net/ssl/KeyManagerFactory
instanceKlass  @bci sun/security/util/KeyStoreDelegator <init> (Ljava/lang/String;Ljava/lang/Class;Ljava/lang/String;Ljava/lang/Class;)V 4 <appendix> argL0 ; # sun/security/util/KeyStoreDelegator$$Lambda+0x00000008007e1888
instanceKlass sun/security/ssl/SSLContextImpl$DefaultManagersHolder$1
instanceKlass sun/security/ssl/SSLContextImpl$DefaultManagersHolder
instanceKlass  @bci javax/net/ssl/SSLSocketFactory getSecurityProperty (Ljava/lang/String;)Ljava/lang/String; 1 <appendix> member <vmtarget> ; # javax/net/ssl/SSLSocketFactory$$Lambda+0x00000008007e0100
instanceKlass javax/net/ssl/SSLSocketFactory$DefaultFactoryHolder
instanceKlass javax/net/ssl/HttpsURLConnection$DefaultHostnameVerifier
instanceKlass com/st/microxplorer/mcufinder/gui/WebUtils
instanceKlass com/st/microxplorer/externaltools/Constants
# instanceKlass java/lang/invoke/LambdaForm$MH+0x00000008007a8000
instanceKlass com/st/microxplorer/util/FileProperty
instanceKlass com/st/microxplorer/maingui/MainPanel$1
instanceKlass javax/accessibility/AccessibleExtendedComponent
instanceKlass javax/swing/plaf/basic/BasicTabbedPaneUI$ScrollableTabSupport
instanceKlass com/st/microxplorer/plugins/power/PowerPluginView$12
instanceKlass com/st/microxplorer/plugins/analytics/AnalyticsUserPreferences$3
instanceKlass com/st/microxplorer/plugins/analytics/AnalyticsUserPreferences$2
instanceKlass com/st/microxplorer/plugins/analytics/AnalyticsUserPreferences$1
instanceKlass com/st/microxplorer/plugins/analytics/AnalyticsUserPreferences$5
instanceKlass com/st/microxplorer/plugins/analytics/PrivacyPageHelper
instanceKlass com/st/microxplorer/plugins/analytics/AnalyticsUserPreferences$4
instanceKlass java/text/BreakIterator
instanceKlass javax/swing/text/GlyphView$GlyphPainter
instanceKlass javax/swing/text/html/CSSBorder$StrokePainter
instanceKlass javax/swing/text/html/CSSBorder$SolidPainter
instanceKlass javax/swing/text/html/CSSBorder$NullPainter
instanceKlass javax/swing/text/html/CSSBorder$BorderPainter
instanceKlass javax/swing/text/html/StyleSheet$BoxPainter
instanceKlass javax/swing/text/html/StyleSheet$SearchBuffer
instanceKlass javax/swing/text/html/MuxingAttributeSet
instanceKlass javax/swing/text/GapContent$UndoPosRef
instanceKlass javax/swing/text/DefaultStyledDocument$ElementBuffer$ElemChanges
instanceKlass javax/swing/text/DefaultStyledDocument$ElementSpec
instanceKlass javax/swing/text/html/parser/ContentModelState
instanceKlass javax/swing/text/html/parser/TagStack
instanceKlass javax/swing/text/html/parser/TagElement
instanceKlass javax/swing/text/html/parser/Parser
instanceKlass com/st/microxplorer/maingui/MainPanel$RunInThread
instanceKlass javax/swing/text/html/HTMLDocument$HTMLReader$TagAction
instanceKlass javax/swing/text/html/HTMLEditorKit$ParserCallback
instanceKlass javax/swing/text/html/parser/AttributeList
instanceKlass javax/swing/text/html/parser/ContentModel
instanceKlass javax/swing/text/html/parser/ParserDelegator$1
instanceKlass javax/swing/text/html/parser/Entity
instanceKlass javax/swing/text/html/parser/Element
instanceKlass javax/swing/text/html/parser/DTD
instanceKlass javax/swing/text/html/parser/DTDConstants
instanceKlass javax/swing/text/html/HTMLEditorKit$Parser
instanceKlass javax/swing/text/html/CSS$ShorthandMarginParser
instanceKlass javax/swing/text/html/CSS$LengthUnit
instanceKlass javax/swing/text/html/HTMLEditorKit$1
instanceKlass javax/swing/text/html/CSSParser
instanceKlass javax/swing/text/html/StyleSheet$CssParser
instanceKlass javax/swing/text/html/CSSParser$CSSParserCallback
instanceKlass javax/swing/text/html/StyleSheet$SelectorMapping
instanceKlass javax/swing/text/html/CSS$CssValue
instanceKlass javax/swing/text/html/CSS$Value
instanceKlass javax/swing/text/html/CSS$Attribute
instanceKlass javax/swing/text/html/CSS
instanceKlass javax/swing/text/html/HTML$Attribute
instanceKlass javax/swing/text/html/HTML
instanceKlass javax/swing/text/html/HTML$Tag
instanceKlass javax/swing/text/html/HTMLEditorKit$HTMLFactory
instanceKlass com/st/library/dynamicproxy/AbortIfNull
instanceKlass com/st/library/dynamicproxy/ContextValidator
instanceKlass com/st/microxplorer/plugins/analytics/AnalyticsUserPreferences
instanceKlass com/st/microxplorer/maingui/MainPanel$29
instanceKlass com/st/microxplorer/maingui/MenuBar$9
instanceKlass com/st/microxplorer/maingui/UserPreferencesView$5
instanceKlass com/st/microxplorer/maingui/UserPreferencesView$1
instanceKlass com/st/microxplorer/maingui/UserPreferencesView$4
instanceKlass java/awt/peer/DialogPeer
instanceKlass com/st/microxplorer/maingui/UserPreferencesView
instanceKlass com/st/microxplorer/plugins/tools/ToolsMainPanel$1
instanceKlass  @bci com/st/microxplorer/plugins/filemanager/iocCompare/IocComparePanel CreateUI2 (Z)Ljavax/swing/JPanel; 887 <appendix> member <vmtarget> ; # com/st/microxplorer/plugins/filemanager/iocCompare/IocComparePanel$$Lambda+0x0000000800798440
instanceKlass  @bci com/st/microxplorer/plugins/filemanager/iocCompare/IocComparePanel CreateUI2 (Z)Ljavax/swing/JPanel; 832 <appendix> member <vmtarget> ; # com/st/microxplorer/plugins/filemanager/iocCompare/IocComparePanel$$Lambda+0x0000000800798220
instanceKlass  @bci com/st/microxplorer/plugins/filemanager/iocCompare/IocComparePanel CreateUI2 (Z)Ljavax/swing/JPanel; 746 <appendix> member <vmtarget> ; # com/st/microxplorer/plugins/filemanager/iocCompare/IocComparePanel$$Lambda+0x0000000800798000
instanceKlass  @bci com/st/microxplorer/plugins/filemanager/iocCompare/IocComparePanel CreateUI2 (Z)Ljavax/swing/JPanel; 680 <appendix> member <vmtarget> ; # com/st/microxplorer/plugins/filemanager/iocCompare/IocComparePanel$$Lambda+0x0000000800797dc8
instanceKlass  @bci com/st/microxplorer/plugins/filemanager/iocCompare/IocComparePanel CreateUI2 (Z)Ljavax/swing/JPanel; 614 <appendix> member <vmtarget> ; # com/st/microxplorer/plugins/filemanager/iocCompare/IocComparePanel$$Lambda+0x0000000800797ba8
instanceKlass  @bci com/st/microxplorer/plugins/filemanager/iocCompare/IocComparePanel CreateUI2 (Z)Ljavax/swing/JPanel; 438 <appendix> member <vmtarget> ; # com/st/microxplorer/plugins/filemanager/iocCompare/IocComparePanel$$Lambda+0x0000000800797988
instanceKlass com/st/microxplorer/plugins/filemanager/iocCompare/IocComparePanel$2
instanceKlass  @bci org/sqlite/jdbc3/JDBC3ResultSet safeGetColumnText (I)Ljava/lang/String; 9 <appendix> form vmentry <vmtarget> ; # java/lang/invoke/LambdaForm$DMH+0x000000080078dc00
instanceKlass  @bci com/st/microxplorer/plugins/filemanager/iocCompare/IocComparePanel CreateUI2 (Z)Ljavax/swing/JPanel; 216 <appendix> member <vmtarget> ; # com/st/microxplorer/plugins/filemanager/iocCompare/IocComparePanel$$Lambda+0x0000000800797540
instanceKlass  @cpi com/st/microxplorer/plugins/filemanager/iocCompare/IocComparePanel 1334 form vmentry <vmtarget> ; # java/lang/invoke/LambdaForm$DMH+0x000000080078d800
instanceKlass javax/swing/event/UndoableEditListener
instanceKlass javax/swing/text/DefaultCaret$1
instanceKlass javax/swing/text/AbstractDocument$UndoRedoDocumentEvent
instanceKlass javax/swing/event/DocumentEvent$ElementChange
instanceKlass  @bci javax/swing/border/TitledBorder installPropertyChangeListeners ()V 32 <appendix> member <vmtarget> ; # javax/swing/border/TitledBorder$$Lambda+0x000000080073d8b0
instanceKlass  @bci javax/swing/border/TitledBorder installPropertyChangeListeners ()V 10 <appendix> member <vmtarget> ; # javax/swing/border/TitledBorder$$Lambda+0x000000080073d690
instanceKlass  @bci com/st/microxplorer/plugins/filemanager/iocCompare/IocComparePanel initCommands ()V 37 <appendix> member <vmtarget> ; # com/st/microxplorer/plugins/filemanager/iocCompare/IocComparePanel$$Lambda+0x0000000800797320
instanceKlass  @bci com/st/microxplorer/plugins/filemanager/iocCompare/IocComparePanel initCommands ()V 22 <appendix> member <vmtarget> ; # com/st/microxplorer/plugins/filemanager/iocCompare/IocComparePanel$$Lambda+0x0000000800797100
instanceKlass  @bci com/st/microxplorer/plugins/filemanager/iocCompare/IocComparePanel initCommands ()V 7 <appendix> member <vmtarget> ; # com/st/microxplorer/plugins/filemanager/iocCompare/IocComparePanel$$Lambda+0x0000000800796ee0
instanceKlass org/apache/poi/ss/usermodel/Row
instanceKlass org/apache/poi/ss/usermodel/CellStyle
instanceKlass org/apache/poi/ss/usermodel/Workbook
instanceKlass com/st/microxplorer/plugins/filemanager/engine/SaveFileManager$1
instanceKlass com/st/microxplorer/plugins/filemanager/engine/SaveFileManager
instanceKlass com/st/microxplorer/plugins/filemanager/engine/OpenFileManager$1
instanceKlass com/st/microxplorer/plugins/filemanager/engine/OpenFileManager
instanceKlass com/st/microxplorer/plugins/pinoutandconfiguration/PinoutAndConfigurationView$13
instanceKlass com/st/microxplorer/plugins/updater/xml/UpdateType
# instanceKlass java/lang/invoke/LambdaForm$DMH+0x000000080078d400
# instanceKlass java/lang/invoke/LambdaForm$DMH+0x000000080078d000
instanceKlass  @bci com/st/microxplorer/plugins/updater/xml/packcontrol/PackControlFlags readFile (Ljava/lang/String;)Z 76 <adapter> ; # java/lang/invoke/LambdaForm$MH+0x000000080078cc00
instanceKlass  @bci com/st/microxplorer/plugins/updater/xml/packcontrol/PackControlFlags readFile (Ljava/lang/String;)Z 76 <appendix> form vmentry <vmtarget> ; # java/lang/invoke/LambdaForm$MH+0x000000080078c800
instanceKlass  @bci com/st/microxplorer/plugins/updater/xml/packcontrol/PackControlFlags readFile (Ljava/lang/String;)Z 76 <appendix> form names 6 function resolvedHandle form vmentry <vmtarget> ; # java/lang/invoke/LambdaForm$DMH+0x000000080078c000
instanceKlass  @bci com/st/microxplorer/plugins/updater/xml/packcontrol/PackControlFlags readFile (Ljava/lang/String;)Z 76 <appendix> argL3 form vmentry <vmtarget> ; # java/lang/invoke/LambdaForm$MH+0x000000080078bc00
# instanceKlass java/lang/invoke/LambdaForm$MH+0x000000080078b800
instanceKlass  @bci com/st/microxplorer/plugins/updater/xml/packcontrol/PackControlFlags readFile (Ljava/lang/String;)Z 76 <appendix> form names 10 function resolvedHandle form vmentry <vmtarget> ; # java/lang/invoke/LambdaForm$DMH+0x000000080078a800
instanceKlass  @bci com/st/microxplorer/plugins/updater/xml/packcontrol/PackControlFlags readFile (Ljava/lang/String;)Z 76 <appendix> argL1 form vmentry <vmtarget> ; # java/lang/invoke/LambdaForm$MH+0x000000080078a400
# instanceKlass java/lang/invoke/LambdaForm$MH+0x0000000800783c00
instanceKlass com/st/microxplorer/plugins/updater/xml/packcontrol/Flag
instanceKlass com/st/microxplorer/plugins/updater/xml/packcontrol/FlagList
instanceKlass com/st/microxplorer/plugins/updater/xml/packcontrol/Pack
instanceKlass com/st/microxplorer/plugins/pinoutandconfiguration/PinoutAndConfigurationView$1
instanceKlass sun/swing/MenuItemLayoutHelper$RectSize
instanceKlass com/st/microxplorer/plugins/pinoutandconfiguration/PinoutAndConfigurationView$2
instanceKlass com/st/microxplorer/plugins/pinoutandconfiguration/PinoutAndConfigurationView$4
# instanceKlass java/lang/invoke/LambdaForm$MH+0x0000000800783400
instanceKlass javax/swing/plaf/basic/BasicSplitPaneDivider$OneTouchActionHandler
instanceKlass com/st/microxplorer/plugins/pinoutandconfiguration/PinoutAndConfigurationView$3
instanceKlass com/st/microxplorer/plugins/updater/cli/UpdaterCli$14
instanceKlass com/st/microxplorer/plugins/updater/cli/UpdaterCli$13
instanceKlass com/st/microxplorer/plugins/updater/cli/UpdaterCli$12
instanceKlass com/st/microxplorer/plugins/updater/cli/UpdaterCli$11
instanceKlass com/st/microxplorer/plugins/updater/cli/UpdaterCli$10
instanceKlass com/st/microxplorer/plugins/updater/cli/UpdaterCli$9
instanceKlass com/st/microxplorer/plugins/updater/cli/UpdaterCli$8
instanceKlass com/st/microxplorer/plugins/updater/cli/UpdaterCli$7
instanceKlass com/st/microxplorer/plugins/updater/cli/UpdaterCli$6
instanceKlass com/st/microxplorer/plugins/updater/cli/UpdaterCli$5
instanceKlass com/st/microxplorer/plugins/updater/cli/UpdaterCli$4
instanceKlass com/st/microxplorer/plugins/updater/cli/UpdaterCli$3
instanceKlass com/st/microxplorer/plugins/updater/cli/UpdaterCli$2
instanceKlass com/st/microxplorer/plugins/updater/cli/UpdaterCli$1
instanceKlass com/st/microxplorer/plugins/updater/cli/UpdaterCli
instanceKlass sun/security/ssl/Alert$AlertConsumer
instanceKlass  @bci com/st/microxplorer/plugins/updater/engine/CheckConnectionManager getHttpFileSize (Ljava/lang/String;)J 163 <adapter> ; # java/lang/invoke/LambdaForm$MH+0x0000000800783000
# instanceKlass java/lang/invoke/LambdaForm$DMH+0x0000000800782c00
instanceKlass  @bci com/st/microxplorer/plugins/updater/engine/CheckConnectionManager getHttpFileSize (Ljava/lang/String;)J 163 <appendix> form vmentry <vmtarget> ; # java/lang/invoke/LambdaForm$MH+0x0000000800782800
instanceKlass  @bci com/st/microxplorer/plugins/updater/engine/CheckConnectionManager getHttpFileSize (Ljava/lang/String;)J 163 <appendix> argL3 form vmentry <vmtarget> ; # java/lang/invoke/LambdaForm$MH+0x0000000800782000
# instanceKlass java/lang/invoke/LambdaForm$MH+0x0000000800781c00
instanceKlass  @bci com/st/microxplorer/plugins/updater/engine/CheckConnectionManager getHttpFileSize (Ljava/lang/String;)J 163 <appendix> argL1 form vmentry <vmtarget> ; # java/lang/invoke/LambdaForm$MH+0x0000000800780c00
# instanceKlass java/lang/invoke/LambdaForm$MH+0x0000000800780400
instanceKlass org/apache/http/entity/HttpEntityWrapper
instanceKlass org/apache/http/conn/EofSensorWatcher
instanceKlass org/apache/http/impl/execchain/HttpResponseProxy
instanceKlass org/apache/http/message/TokenParser
instanceKlass org/apache/http/HeaderElement
instanceKlass org/apache/http/NameValuePair
instanceKlass org/apache/http/message/BasicHeaderValueParser
instanceKlass org/apache/http/message/HeaderValueParser
instanceKlass org/apache/http/message/BasicHeaderElementIterator
instanceKlass org/apache/http/message/BasicHeaderIterator
instanceKlass org/apache/http/message/BasicTokenIterator
instanceKlass org/apache/http/entity/AbstractHttpEntity
instanceKlass org/apache/http/message/BufferedHeader
instanceKlass org/apache/http/message/BasicStatusLine
instanceKlass org/apache/http/protocol/HTTP
instanceKlass org/apache/http/message/ParserCursor
instanceKlass org/apache/http/FormattedHeader
instanceKlass org/apache/http/message/BasicListHeaderIterator
instanceKlass org/apache/http/impl/auth/HttpAuthenticator$1
instanceKlass org/apache/http/conn/ssl/DefaultHostnameVerifier$1
instanceKlass org/apache/http/conn/ssl/SubjectName
instanceKlass org/apache/http/conn/util/InetAddressUtils
instanceKlass com/sun/crypto/provider/GaloisCounterMode$EncryptOp
instanceKlass sun/security/ssl/SSLBasicKeyDerivation$SecretSizeSpec
instanceKlass sun/security/ssl/SSLBasicKeyDerivation
instanceKlass sun/security/ssl/Finished$1
instanceKlass sun/security/ssl/Finished$T13VerifyDataGenerator
instanceKlass sun/security/ssl/Finished$T12VerifyDataGenerator
instanceKlass sun/security/ssl/Finished$T10VerifyDataGenerator
instanceKlass sun/security/ssl/Finished$S30VerifyDataGenerator
instanceKlass sun/security/ssl/Finished$VerifyDataGenerator
instanceKlass sun/security/rsa/MGF1
instanceKlass sun/security/ssl/X509Authentication$X509Credentials
instanceKlass sun/security/ssl/SSLConfiguration$1
instanceKlass javax/net/ssl/SSLParameters
instanceKlass sun/security/validator/SymantecTLSPolicy
instanceKlass sun/security/validator/CADistrustPolicy$2
instanceKlass java/security/cert/PKIXCertPathValidatorResult
instanceKlass java/security/cert/CertPathValidatorResult
instanceKlass sun/security/rsa/RSAPadding
instanceKlass sun/security/rsa/RSACore
instanceKlass java/security/interfaces/RSAPrivateCrtKey
instanceKlass java/security/interfaces/RSAPrivateKey
instanceKlass sun/security/util/SignatureUtil
instanceKlass java/security/interfaces/DSAPublicKey
instanceKlass java/security/interfaces/DSAKey
instanceKlass sun/security/provider/certpath/CertPathConstraintsParameters
instanceKlass sun/security/util/ConstraintsParameters
instanceKlass sun/security/provider/certpath/PKIXMasterCertPathValidator
instanceKlass sun/security/provider/certpath/PolicyNodeImpl
instanceKlass java/security/cert/PolicyNode
instanceKlass sun/security/util/DisabledAlgorithmConstraints$CertPathHolder
instanceKlass  @bci sun/security/x509/X509CertImpl getFingerprint (Ljava/lang/String;Lsun/security/util/Debug;)Ljava/lang/String; 7 <appendix> member <vmtarget> ; # sun/security/x509/X509CertImpl$$Lambda+0x0000000800734928
instanceKlass sun/security/util/UntrustedCertificates$1
instanceKlass sun/security/util/UntrustedCertificates
instanceKlass java/security/cert/X509CertSelector
instanceKlass java/security/cert/CertSelector
instanceKlass sun/security/provider/certpath/PKIX$ValidatorParams
instanceKlass sun/security/provider/certpath/PKIX
instanceKlass java/security/cert/CertPath
instanceKlass java/security/cert/CertPathValidatorSpi
instanceKlass java/security/cert/CertPathValidator
instanceKlass java/security/cert/PKIXCertPathChecker
instanceKlass java/security/cert/CertPathChecker
instanceKlass java/security/Timestamp
instanceKlass sun/security/ssl/SSLAlgorithmConstraints$SupportedSignatureAlgorithmConstraints
instanceKlass jdk/internal/icu/impl/Norm2AllModes$NFKCSingleton
instanceKlass jdk/internal/icu/text/NormalizerBase$ModeImpl
instanceKlass jdk/internal/icu/text/NormalizerBase$NFKDModeImpl
instanceKlass jdk/internal/icu/text/NormalizerBase$1
instanceKlass java/text/Normalizer
instanceKlass sun/security/pkcs/SignerInfo
instanceKlass sun/security/pkcs/PKCS9Attribute
instanceKlass sun/security/x509/AVAKeyword
instanceKlass java/security/cert/PKIXParameters
instanceKlass java/security/cert/CertPathParameters
instanceKlass sun/security/provider/certpath/CertPathHelper
instanceKlass java/security/cert/TrustAnchor
instanceKlass sun/security/x509/NetscapeCertTypeExtension$MapEntry
instanceKlass sun/security/validator/EndEntityChecker
instanceKlass sun/security/validator/Validator
instanceKlass javax/net/ssl/SSLEngine
instanceKlass sun/security/util/MemoryCache$CacheEntry
instanceKlass sun/security/x509/AccessDescription
instanceKlass sun/security/util/Cache$EqualByteArray
instanceKlass sun/security/ssl/CertificateMessage$CertificateEntry
instanceKlass sun/security/ssl/ServerNameExtension$SHServerNamesSpec
instanceKlass com/sun/crypto/provider/GaloisCounterMode$DecryptOp
instanceKlass com/sun/crypto/provider/GaloisCounterMode$GCMOperation
instanceKlass com/sun/crypto/provider/GHASH
instanceKlass com/sun/crypto/provider/GCM
instanceKlass com/sun/crypto/provider/GaloisCounterMode$GCMEngine
instanceKlass javax/crypto/spec/GCMParameterSpec
instanceKlass sun/security/ssl/ChangeCipherSpec$T13ChangeCipherSpecConsumer
instanceKlass sun/security/ssl/ChangeCipherSpec$T10ChangeCipherSpecProducer
instanceKlass sun/security/ssl/ChangeCipherSpec$T10ChangeCipherSpecConsumer
instanceKlass sun/security/ssl/ChangeCipherSpec
instanceKlass javax/crypto/spec/IvParameterSpec
instanceKlass sun/security/ssl/SSLTrafficKeyDerivation$T13TrafficKeyDerivation
instanceKlass sun/security/ssl/SSLTrafficKeyDerivation$1
instanceKlass sun/security/ssl/SSLTrafficKeyDerivation$T13TrafficKeyDerivationGenerator
instanceKlass sun/security/ssl/SSLTrafficKeyDerivation$T12TrafficKeyDerivationGenerator
instanceKlass sun/security/ssl/SSLTrafficKeyDerivation$T10TrafficKeyDerivationGenerator
instanceKlass sun/security/ssl/SSLTrafficKeyDerivation$S30TrafficKeyDerivationGenerator
instanceKlass sun/security/ssl/SSLKeyDerivationGenerator
instanceKlass sun/security/ssl/SSLSecretDerivation
instanceKlass javax/crypto/MacSpi
instanceKlass javax/crypto/Mac
instanceKlass sun/security/ssl/HKDF
instanceKlass  @bci javax/crypto/spec/SecretKeySpec <clinit> ()V 0 <appendix> argL0 ; # javax/crypto/spec/SecretKeySpec$$Lambda+0x0000000800777898
instanceKlass jdk/internal/access/JavaxCryptoSpecAccess
instanceKlass javax/crypto/spec/SecretKeySpec
instanceKlass  @bci sun/security/ec/XDHKeyAgreement engineDoPhase (Ljava/security/Key;Z)Ljava/security/Key; 70 <appendix> argL0 ; # sun/security/ec/XDHKeyAgreement$$Lambda+0x0000000800729748
instanceKlass  @bci sun/security/ec/XDHKeyAgreement initImpl (Ljava/security/Key;)V 66 <appendix> argL0 ; # sun/security/ec/XDHKeyAgreement$$Lambda+0x0000000800729530
instanceKlass  @bci sun/security/ec/XDHKeyAgreement initImpl (Ljava/security/Key;)V 38 <appendix> argL0 ; # sun/security/ec/XDHKeyAgreement$$Lambda+0x00000008007292f8
instanceKlass  @bci sun/security/ec/XDHKeyAgreement initImpl (Ljava/security/Key;)V 22 <appendix> argL0 ; # sun/security/ec/XDHKeyAgreement$$Lambda+0x00000008007290c0
instanceKlass javax/crypto/SecretKey
instanceKlass javax/crypto/KeyAgreementSpi
instanceKlass sun/security/ssl/KAKeyDerivation
instanceKlass sun/security/ssl/XDHKeyExchange$XDHEKAGenerator
instanceKlass sun/security/ssl/XDHKeyExchange
instanceKlass  @bci sun/security/ec/XDHKeyFactory generatePublicImpl (Ljava/security/spec/KeySpec;)Ljava/security/PublicKey; 65 <appendix> argL0 ; # sun/security/ec/XDHKeyFactory$$Lambda+0x0000000800728c50
instanceKlass  @bci sun/security/ec/XDHKeyFactory generatePublicImpl (Ljava/security/spec/KeySpec;)Ljava/security/PublicKey; 51 <appendix> argL0 ; # sun/security/ec/XDHKeyFactory$$Lambda+0x0000000800728a18
instanceKlass java/security/spec/XECPublicKeySpec
instanceKlass sun/security/ssl/XDHKeyExchange$XDHECredentials
instanceKlass sun/security/ssl/NamedGroupCredentials
instanceKlass sun/security/ssl/KeyShareExtension$SHKeyShareSpec
instanceKlass sun/security/ssl/HandshakeHash$CloneableHash
instanceKlass sun/security/ssl/HandshakeHash$T13HandshakeHash
instanceKlass sun/security/ssl/SupportedVersionsExtension$SHSupportedVersionsSpec
instanceKlass sun/security/ssl/TransportContext$1
instanceKlass sun/security/ssl/Plaintext
instanceKlass sun/security/ssl/OutputRecord$T13PaddingHolder
instanceKlass sun/security/ssl/KeyShareExtension$CHKeyShareSpec
instanceKlass sun/security/util/math/IntegerModuloP$MultiplicativeInverser$Secp256R1
instanceKlass sun/security/ec/ECOperations$PointMultiplier$Default
instanceKlass sun/security/ec/ECOperations$PointMultiplier$Secp256R1GeneratorMultiplier$P256
instanceKlass sun/security/ec/ECOperations$PointMultiplier$Secp256R1GeneratorMultiplier
instanceKlass sun/security/ec/ECOperations$PointMultiplier
instanceKlass  @bci sun/security/ec/ECPrivateKeyImpl calculatePublicKey ()Ljava/security/PublicKey; 9 <appendix> argL0 ; # sun/security/ec/ECPrivateKeyImpl$$Lambda+0x0000000800726980
instanceKlass sun/security/util/ArrayUtil
instanceKlass java/security/interfaces/ECPrivateKey
instanceKlass sun/security/ec/ECOperations
instanceKlass sun/security/ssl/ECDHKeyExchange$ECDHEPossession
instanceKlass sun/security/ssl/KeyShareExtension$KeyShareEntry
instanceKlass sun/security/ssl/XDHKeyExchange$1
instanceKlass sun/security/pkcs/PKCS8Key
instanceKlass sun/security/util/InternalPrivateKey
instanceKlass java/security/interfaces/XECPrivateKey
instanceKlass java/security/interfaces/XECPublicKey
instanceKlass java/security/interfaces/XECKey
instanceKlass java/security/KeyPair
instanceKlass java/math/MutableBigInteger
instanceKlass sun/security/util/math/IntegerModuloP$MultiplicativeInverser$Default
instanceKlass sun/security/util/math/IntegerModuloP$MultiplicativeInverser
instanceKlass sun/security/util/math/MutableIntegerModuloP
instanceKlass sun/security/jca/JCAUtil$CachedSecureRandomHolder
instanceKlass sun/security/ec/XECOperations
instanceKlass sun/security/ec/XECParameters
instanceKlass  @bci sun/security/ec/XDHKeyPairGenerator initialize (Ljava/security/spec/AlgorithmParameterSpec;Ljava/security/SecureRandom;)V 0 <appendix> argL0 ; # sun/security/ec/XDHKeyPairGenerator$$Lambda+0x0000000800725748
instanceKlass sun/security/ssl/XDHKeyExchange$XDHEPossession
instanceKlass sun/security/ssl/ECDHKeyExchange$ECDHEXDHKAGenerator
instanceKlass sun/security/ssl/ECDHKeyExchange$ECDHEKAGenerator
instanceKlass sun/security/ssl/ECDHKeyExchange$ECDHKAGenerator
instanceKlass sun/security/ssl/ECDHKeyExchange$ECDHEPossessionGenerator
instanceKlass sun/security/ssl/ECDHKeyExchange
instanceKlass sun/security/ssl/DHKeyExchange$DHEKAGenerator
instanceKlass sun/security/ssl/DHKeyExchange$DHEPossessionGenerator
instanceKlass sun/security/ssl/DHKeyExchange
instanceKlass sun/security/ssl/RSAKeyExchange$RSAKAGenerator
instanceKlass sun/security/ssl/RSAKeyExchange$EphemeralRSAPossessionGenerator
instanceKlass sun/security/ssl/RSAKeyExchange
instanceKlass sun/security/ssl/SSLKeyExchange$T13KeyAgreement
instanceKlass sun/security/ssl/SSLKeyAgreement
instanceKlass sun/security/ssl/SSLPossessionGenerator
instanceKlass sun/security/ssl/SSLKeyExchange
instanceKlass sun/security/ssl/SSLHandshakeBinding
instanceKlass sun/security/ssl/SSLKeyAgreementGenerator
instanceKlass sun/security/ssl/PskKeyExchangeModesExtension$PskKeyExchangeModesSpec
instanceKlass sun/security/ssl/SupportedVersionsExtension$CHSupportedVersionsSpec
instanceKlass sun/security/ssl/SignatureAlgorithmsExtension$SignatureSchemesSpec
instanceKlass sun/security/ssl/ExtendedMasterSecretExtension$ExtendedMasterSecretSpec
instanceKlass sun/security/ssl/CertStatusExtension$CertStatusRequestV2Spec
instanceKlass sun/security/ssl/ECPointFormatsExtension$ECPointFormatsSpec
instanceKlass sun/security/ssl/SupportedGroupsExtension$SupportedGroupsSpec
instanceKlass sun/security/ssl/CertStatusExtension$CertStatusRequest
instanceKlass sun/security/ssl/CertStatusExtension$CertStatusRequestSpec
instanceKlass sun/security/ssl/ServerNameExtension$CHServerNamesSpec
instanceKlass sun/security/ssl/SSLExtension$SSLExtensionSpec
instanceKlass sun/security/ssl/SSLExtension$ClientExtensions
instanceKlass sun/security/ssl/PreSharedKeyExtension$SHPreSharedKeyStringizer
instanceKlass sun/security/ssl/PreSharedKeyExtension$SHPreSharedKeyAbsence
instanceKlass sun/security/ssl/PreSharedKeyExtension$SHPreSharedKeyConsumer
instanceKlass sun/security/ssl/PreSharedKeyExtension$SHPreSharedKeyProducer
instanceKlass sun/security/ssl/PreSharedKeyExtension$CHPreSharedKeyStringizer
instanceKlass sun/security/ssl/PreSharedKeyExtension$CHPreSharedKeyOnTradeAbsence
instanceKlass sun/security/ssl/PreSharedKeyExtension$CHPreSharedKeyUpdate
instanceKlass sun/security/ssl/PreSharedKeyExtension$CHPreSharedKeyOnLoadAbsence
instanceKlass sun/security/ssl/PreSharedKeyExtension$CHPreSharedKeyConsumer
instanceKlass sun/security/ssl/PreSharedKeyExtension$CHPreSharedKeyProducer
instanceKlass sun/security/ssl/PreSharedKeyExtension
instanceKlass sun/security/ssl/RenegoInfoExtension$RenegotiationInfoStringizer
instanceKlass sun/security/ssl/RenegoInfoExtension$SHRenegotiationInfoAbsence
instanceKlass sun/security/ssl/RenegoInfoExtension$SHRenegotiationInfoConsumer
instanceKlass sun/security/ssl/RenegoInfoExtension$SHRenegotiationInfoProducer
instanceKlass sun/security/ssl/RenegoInfoExtension$CHRenegotiationInfoAbsence
instanceKlass sun/security/ssl/RenegoInfoExtension$CHRenegotiationInfoConsumer
instanceKlass sun/security/ssl/RenegoInfoExtension$CHRenegotiationInfoProducer
instanceKlass sun/security/ssl/RenegoInfoExtension
instanceKlass sun/security/ssl/KeyShareExtension$HRRKeyShareStringizer
instanceKlass sun/security/ssl/KeyShareExtension$HRRKeyShareReproducer
instanceKlass sun/security/ssl/KeyShareExtension$HRRKeyShareConsumer
instanceKlass sun/security/ssl/KeyShareExtension$HRRKeyShareProducer
instanceKlass sun/security/ssl/KeyShareExtension$SHKeyShareStringizer
instanceKlass sun/security/ssl/KeyShareExtension$SHKeyShareAbsence
instanceKlass sun/security/ssl/KeyShareExtension$SHKeyShareConsumer
instanceKlass sun/security/ssl/KeyShareExtension$SHKeyShareProducer
instanceKlass sun/security/ssl/KeyShareExtension$CHKeyShareStringizer
instanceKlass sun/security/ssl/KeyShareExtension$CHKeyShareOnTradeAbsence
instanceKlass sun/security/ssl/KeyShareExtension$CHKeyShareConsumer
instanceKlass sun/security/ssl/KeyShareExtension$CHKeyShareProducer
instanceKlass sun/security/ssl/KeyShareExtension
instanceKlass sun/security/ssl/CertSignAlgsExtension$CertSignatureSchemesStringizer
instanceKlass sun/security/ssl/CertSignAlgsExtension$CRCertSignatureSchemesUpdate
instanceKlass sun/security/ssl/CertSignAlgsExtension$CRCertSignatureSchemesConsumer
instanceKlass sun/security/ssl/CertSignAlgsExtension$CRCertSignatureSchemesProducer
instanceKlass sun/security/ssl/CertSignAlgsExtension$CHCertSignatureSchemesUpdate
instanceKlass sun/security/ssl/CertSignAlgsExtension$CHCertSignatureSchemesConsumer
instanceKlass sun/security/ssl/CertSignAlgsExtension$CHCertSignatureSchemesProducer
instanceKlass sun/security/ssl/CertSignAlgsExtension
instanceKlass sun/security/ssl/CertificateAuthoritiesExtension$CertificateAuthoritiesStringizer
instanceKlass sun/security/ssl/CertificateAuthoritiesExtension$CRCertificateAuthoritiesConsumer
instanceKlass sun/security/ssl/CertificateAuthoritiesExtension$CRCertificateAuthoritiesProducer
instanceKlass sun/security/ssl/CertificateAuthoritiesExtension$CHCertificateAuthoritiesConsumer
instanceKlass sun/security/ssl/CertificateAuthoritiesExtension$CHCertificateAuthoritiesProducer
instanceKlass sun/security/ssl/CertificateAuthoritiesExtension
instanceKlass sun/security/ssl/PskKeyExchangeModesExtension$PskKeyExchangeModesStringizer
instanceKlass sun/security/ssl/PskKeyExchangeModesExtension$PskKeyExchangeModesOnTradeAbsence
instanceKlass sun/security/ssl/PskKeyExchangeModesExtension$PskKeyExchangeModesOnLoadAbsence
instanceKlass sun/security/ssl/PskKeyExchangeModesExtension$PskKeyExchangeModesConsumer
instanceKlass sun/security/ssl/PskKeyExchangeModesExtension$PskKeyExchangeModesProducer
instanceKlass sun/security/ssl/PskKeyExchangeModesExtension
instanceKlass sun/security/ssl/CookieExtension$CookieStringizer
instanceKlass sun/security/ssl/CookieExtension$HRRCookieReproducer
instanceKlass sun/security/ssl/CookieExtension$HRRCookieConsumer
instanceKlass sun/security/ssl/CookieExtension$HRRCookieProducer
instanceKlass sun/security/ssl/CookieExtension$CHCookieUpdate
instanceKlass sun/security/ssl/CookieExtension$CHCookieConsumer
instanceKlass sun/security/ssl/CookieExtension$CHCookieProducer
instanceKlass sun/security/ssl/CookieExtension
instanceKlass sun/security/ssl/SupportedVersionsExtension$HRRSupportedVersionsReproducer
instanceKlass sun/security/ssl/SupportedVersionsExtension$HRRSupportedVersionsConsumer
instanceKlass sun/security/ssl/SupportedVersionsExtension$HRRSupportedVersionsProducer
instanceKlass sun/security/ssl/SupportedVersionsExtension$SHSupportedVersionsStringizer
instanceKlass sun/security/ssl/SupportedVersionsExtension$SHSupportedVersionsConsumer
instanceKlass sun/security/ssl/SupportedVersionsExtension$SHSupportedVersionsProducer
instanceKlass sun/security/ssl/SupportedVersionsExtension$CHSupportedVersionsStringizer
instanceKlass sun/security/ssl/SupportedVersionsExtension$CHSupportedVersionsConsumer
instanceKlass sun/security/ssl/SupportedVersionsExtension$CHSupportedVersionsProducer
instanceKlass sun/security/ssl/SupportedVersionsExtension
instanceKlass sun/security/ssl/SignatureAlgorithmsExtension$SignatureSchemesStringizer
instanceKlass sun/security/ssl/SignatureAlgorithmsExtension$CRSignatureSchemesUpdate
instanceKlass sun/security/ssl/SignatureAlgorithmsExtension$CRSignatureSchemesAbsence
instanceKlass sun/security/ssl/SignatureAlgorithmsExtension$CRSignatureSchemesConsumer
instanceKlass sun/security/ssl/SignatureAlgorithmsExtension$CRSignatureSchemesProducer
instanceKlass sun/security/ssl/SignatureAlgorithmsExtension$CHSignatureSchemesOnTradeAbsence
instanceKlass sun/security/ssl/SignatureAlgorithmsExtension$CHSignatureSchemesUpdate
instanceKlass sun/security/ssl/SignatureAlgorithmsExtension$CHSignatureSchemesOnLoadAbsence
instanceKlass sun/security/ssl/SignatureAlgorithmsExtension$CHSignatureSchemesConsumer
instanceKlass sun/security/ssl/SignatureAlgorithmsExtension$CHSignatureSchemesProducer
instanceKlass sun/security/ssl/SignatureAlgorithmsExtension
instanceKlass sun/security/ssl/SessionTicketExtension$SessionTicketStringizer
instanceKlass sun/security/ssl/SessionTicketExtension$T12SHSessionTicketConsumer
instanceKlass sun/security/ssl/SessionTicketExtension$T12SHSessionTicketProducer
instanceKlass sun/security/ssl/SessionTicketExtension$T12CHSessionTicketConsumer
instanceKlass sun/security/ssl/SessionTicketExtension$T12CHSessionTicketProducer
instanceKlass sun/security/ssl/SessionTicketExtension
instanceKlass sun/security/ssl/ExtendedMasterSecretExtension$ExtendedMasterSecretStringizer
instanceKlass sun/security/ssl/ExtendedMasterSecretExtension$SHExtendedMasterSecretAbsence
instanceKlass sun/security/ssl/ExtendedMasterSecretExtension$SHExtendedMasterSecretConsumer
instanceKlass sun/security/ssl/ExtendedMasterSecretExtension$SHExtendedMasterSecretProducer
instanceKlass sun/security/ssl/ExtendedMasterSecretExtension$CHExtendedMasterSecretAbsence
instanceKlass sun/security/ssl/ExtendedMasterSecretExtension$CHExtendedMasterSecretConsumer
instanceKlass sun/security/ssl/ExtendedMasterSecretExtension$CHExtendedMasterSecretProducer
instanceKlass sun/security/ssl/ExtendedMasterSecretExtension
instanceKlass  @bci sun/security/ssl/AlpnExtension <clinit> ()V 100 <appendix> argL0 ; # sun/security/ssl/AlpnExtension$$Lambda+0x000000080075de58
instanceKlass sun/security/ssl/AlpnExtension$AlpnStringizer
instanceKlass sun/security/ssl/AlpnExtension$SHAlpnAbsence
instanceKlass sun/security/ssl/AlpnExtension$SHAlpnConsumer
instanceKlass sun/security/ssl/AlpnExtension$SHAlpnProducer
instanceKlass sun/security/ssl/AlpnExtension$CHAlpnAbsence
instanceKlass sun/security/ssl/AlpnExtension$CHAlpnConsumer
instanceKlass sun/security/ssl/AlpnExtension$CHAlpnProducer
instanceKlass sun/security/ssl/AlpnExtension
instanceKlass sun/security/ssl/ECPointFormatsExtension$ECPointFormatsStringizer
instanceKlass sun/security/ssl/ECPointFormatsExtension$SHECPointFormatsConsumer
instanceKlass sun/security/ssl/ECPointFormatsExtension$CHECPointFormatsConsumer
instanceKlass sun/security/ssl/ECPointFormatsExtension$CHECPointFormatsProducer
instanceKlass sun/security/ssl/ECPointFormatsExtension
instanceKlass sun/security/ssl/SupportedGroupsExtension$EESupportedGroupsConsumer
instanceKlass sun/security/ssl/SupportedGroupsExtension$EESupportedGroupsProducer
instanceKlass sun/security/ssl/SupportedGroupsExtension$SupportedGroupsStringizer
instanceKlass sun/security/ssl/SupportedGroupsExtension$CHSupportedGroupsOnTradeAbsence
instanceKlass sun/security/ssl/SupportedGroupsExtension$CHSupportedGroupsConsumer
instanceKlass sun/security/ssl/SupportedGroupsExtension$CHSupportedGroupsProducer
instanceKlass sun/security/ssl/SupportedGroupsExtension
instanceKlass sun/security/ssl/CertStatusExtension$CertStatusRespStringizer
instanceKlass sun/security/ssl/CertStatusExtension$CertStatusRequestsStringizer
instanceKlass sun/security/ssl/CertStatusExtension$SHCertStatusReqV2Consumer
instanceKlass sun/security/ssl/CertStatusExtension$SHCertStatusReqV2Producer
instanceKlass sun/security/ssl/CertStatusExtension$CHCertStatusReqV2Consumer
instanceKlass sun/security/ssl/CertStatusExtension$CHCertStatusReqV2Producer
instanceKlass sun/security/ssl/CertStatusExtension$CertStatusRequestStringizer
instanceKlass sun/security/ssl/CertStatusExtension$CTCertStatusResponseConsumer
instanceKlass sun/security/ssl/CertStatusExtension$CTCertStatusResponseProducer
instanceKlass sun/security/ssl/CertStatusExtension$SHCertStatusReqConsumer
instanceKlass sun/security/ssl/CertStatusExtension$SHCertStatusReqProducer
instanceKlass sun/security/ssl/CertStatusExtension$CHCertStatusReqConsumer
instanceKlass sun/security/ssl/CertStatusExtension$CHCertStatusReqProducer
instanceKlass sun/security/ssl/CertStatusExtension
instanceKlass sun/security/ssl/MaxFragExtension$MaxFragLenStringizer
instanceKlass sun/security/ssl/MaxFragExtension$EEMaxFragmentLengthUpdate
instanceKlass sun/security/ssl/MaxFragExtension$EEMaxFragmentLengthConsumer
instanceKlass sun/security/ssl/MaxFragExtension$EEMaxFragmentLengthProducer
instanceKlass sun/security/ssl/MaxFragExtension$SHMaxFragmentLengthUpdate
instanceKlass sun/security/ssl/MaxFragExtension$SHMaxFragmentLengthConsumer
instanceKlass sun/security/ssl/MaxFragExtension$SHMaxFragmentLengthProducer
instanceKlass sun/security/ssl/MaxFragExtension$CHMaxFragmentLengthConsumer
instanceKlass sun/security/ssl/MaxFragExtension$CHMaxFragmentLengthProducer
instanceKlass sun/security/ssl/MaxFragExtension
instanceKlass sun/security/ssl/ServerNameExtension$EEServerNameConsumer
instanceKlass sun/security/ssl/ServerNameExtension$EEServerNameProducer
instanceKlass sun/security/ssl/ServerNameExtension$SHServerNamesStringizer
instanceKlass sun/security/ssl/ServerNameExtension$SHServerNameConsumer
instanceKlass sun/security/ssl/ServerNameExtension$SHServerNameProducer
instanceKlass sun/security/ssl/ServerNameExtension$CHServerNamesStringizer
instanceKlass sun/security/ssl/ServerNameExtension$CHServerNameConsumer
instanceKlass sun/security/ssl/SSLExtension$ExtensionConsumer
instanceKlass sun/security/ssl/ServerNameExtension$CHServerNameProducer
instanceKlass sun/security/ssl/ServerNameExtension
instanceKlass sun/security/ssl/SSLStringizer
instanceKlass sun/security/ssl/SSLExtensions
instanceKlass sun/security/ssl/SSLHandshake$HandshakeMessage
instanceKlass sun/security/ssl/RandomCookie
instanceKlass sun/security/util/KeyUtil
instanceKlass sun/security/ssl/SSLKeyDerivation
instanceKlass sun/security/ssl/SSLCredentials
instanceKlass sun/security/ssl/NamedGroupPossession
instanceKlass sun/security/ssl/SSLPossession
instanceKlass sun/security/ssl/HandshakeContext
instanceKlass jdk/internal/icu/impl/Trie2$UTrie2Header
instanceKlass jdk/internal/icu/impl/Trie2$1
instanceKlass jdk/internal/icu/impl/Trie2$ValueMapper
instanceKlass jdk/internal/icu/impl/Trie2
instanceKlass jdk/internal/icu/impl/UCharacterProperty$IsAcceptable
instanceKlass jdk/internal/icu/impl/UCharacterProperty$IntProperty
instanceKlass jdk/internal/icu/impl/UCharacterProperty
instanceKlass jdk/internal/icu/impl/Trie
instanceKlass jdk/internal/icu/text/StringPrep$StringPrepTrieImpl
instanceKlass jdk/internal/icu/impl/Trie$DataManipulate
instanceKlass jdk/internal/icu/impl/StringPrepDataReader
instanceKlass jdk/internal/icu/text/StringPrep
instanceKlass java/net/IDN
instanceKlass javax/net/ssl/SNIServerName
instanceKlass sun/security/ssl/SessionId
instanceKlass java/security/spec/MGF1ParameterSpec
instanceKlass sun/security/ec/ParametersMap$1
instanceKlass  @bci sun/security/ec/ed/EdDSAParameters <clinit> ()V 268 <appendix> argL0 ; # sun/security/ec/ed/EdDSAParameters$$Lambda+0x0000000800724ba0
instanceKlass sun/security/ec/ed/EdDSAParameters$SHAKE256DigesterFactory
instanceKlass sun/security/ec/point/ProjectivePoint
instanceKlass  @bci sun/security/ec/ed/EdDSAParameters <clinit> ()V 117 <appendix> argL0 ; # sun/security/ec/ed/EdDSAParameters$$Lambda+0x00000008007241f8
instanceKlass sun/security/ec/ed/EdDSAParameters$Digester
instanceKlass sun/security/ec/ed/EdDSAParameters$SHA512DigesterFactory
instanceKlass sun/security/ec/point/ExtendedHomogeneousPoint
instanceKlass sun/security/ec/point/AffinePoint
instanceKlass sun/security/util/math/intpoly/IntegerPolynomial$Limb
instanceKlass sun/security/util/math/SmallValue
instanceKlass sun/security/ec/point/ImmutablePoint
instanceKlass sun/security/ec/point/MutablePoint
instanceKlass sun/security/ec/point/Point
instanceKlass sun/security/util/math/intpoly/IntegerPolynomial$Element
instanceKlass sun/security/util/math/ImmutableIntegerModuloP
instanceKlass sun/security/util/math/IntegerModuloP
instanceKlass sun/security/util/math/intpoly/IntegerPolynomial
instanceKlass sun/security/ec/ParametersMap
instanceKlass sun/security/ec/ed/EdECOperations
instanceKlass sun/security/ec/ed/EdDSAParameters$DigesterFactory
instanceKlass sun/security/util/math/IntegerFieldModuloP
instanceKlass sun/security/ec/ed/EdDSAParameters
instanceKlass  @bci sun/security/ec/ed/EdDSASignature <init> (Ljava/security/spec/NamedParameterSpec;)V 27 <appendix> argL0 ; # sun/security/ec/ed/EdDSASignature$$Lambda+0x00000008006bdf68
instanceKlass java/security/spec/EdDSAParameterSpec
instanceKlass sun/security/ec/ed/EdDSASignature$MessageAccumulator
instanceKlass javax/net/ssl/ExtendedSSLSession
instanceKlass javax/net/ssl/SSLSession
instanceKlass javax/crypto/spec/DHParameterSpec
instanceKlass sun/security/ssl/PredefinedDHParameterSpecs$1
instanceKlass sun/security/ssl/PredefinedDHParameterSpecs
instanceKlass sun/security/ssl/NamedGroup$SupportedGroups
instanceKlass sun/security/ssl/SSLConfiguration$CustomizedClientSignatureSchemes
instanceKlass javax/crypto/KeyGeneratorSpi
instanceKlass javax/crypto/KeyGenerator
instanceKlass sun/security/ssl/SSLConfiguration
instanceKlass sun/security/ssl/SSLCipher$SSLWriteCipher
instanceKlass sun/security/ssl/KeyUpdate$KeyUpdateProducer
instanceKlass sun/security/ssl/KeyUpdate$KeyUpdateConsumer
instanceKlass sun/security/ssl/KeyUpdate$KeyUpdateKickstartProducer
instanceKlass sun/security/ssl/KeyUpdate
instanceKlass sun/security/ssl/CertificateStatus$CertificateStatusAbsence
instanceKlass sun/security/ssl/HandshakeAbsence
instanceKlass sun/security/ssl/CertificateStatus$CertificateStatusProducer
instanceKlass sun/security/ssl/CertificateStatus$CertificateStatusConsumer
instanceKlass sun/security/ssl/CertificateStatus
instanceKlass sun/security/ssl/Finished$T13FinishedProducer
instanceKlass sun/security/ssl/Finished$T13FinishedConsumer
instanceKlass sun/security/ssl/Finished$T12FinishedProducer
instanceKlass sun/security/ssl/Finished$T12FinishedConsumer
instanceKlass sun/security/ssl/Finished
instanceKlass sun/security/ssl/ClientKeyExchange$ClientKeyExchangeProducer
instanceKlass sun/security/ssl/ClientKeyExchange$ClientKeyExchangeConsumer
instanceKlass sun/security/ssl/ClientKeyExchange
instanceKlass sun/security/ssl/CertificateVerify$T13CertificateVerifyProducer
instanceKlass sun/security/ssl/CertificateVerify$T13CertificateVerifyConsumer
instanceKlass sun/security/ssl/CertificateVerify$T12CertificateVerifyProducer
instanceKlass sun/security/ssl/CertificateVerify$T12CertificateVerifyConsumer
instanceKlass sun/security/ssl/CertificateVerify$T10CertificateVerifyProducer
instanceKlass sun/security/ssl/CertificateVerify$T10CertificateVerifyConsumer
instanceKlass sun/security/ssl/CertificateVerify$S30CertificateVerifyProducer
instanceKlass sun/security/ssl/CertificateVerify$S30CertificateVerifyConsumer
instanceKlass sun/security/ssl/CertificateVerify
instanceKlass sun/security/ssl/ServerHelloDone$ServerHelloDoneProducer
instanceKlass sun/security/ssl/ServerHelloDone$ServerHelloDoneConsumer
instanceKlass sun/security/ssl/ServerHelloDone
instanceKlass sun/security/ssl/CertificateRequest$T13CertificateRequestProducer
instanceKlass sun/security/ssl/CertificateRequest$T13CertificateRequestConsumer
instanceKlass sun/security/ssl/CertificateRequest$T12CertificateRequestProducer
instanceKlass sun/security/ssl/CertificateRequest$T12CertificateRequestConsumer
instanceKlass sun/security/ssl/CertificateRequest$T10CertificateRequestProducer
instanceKlass sun/security/ssl/CertificateRequest$T10CertificateRequestConsumer
instanceKlass sun/security/ssl/CertificateRequest
instanceKlass sun/security/ssl/ServerKeyExchange$ServerKeyExchangeProducer
instanceKlass sun/security/ssl/ServerKeyExchange$ServerKeyExchangeConsumer
instanceKlass sun/security/ssl/ServerKeyExchange
instanceKlass sun/security/ssl/CertificateMessage$T13CertificateProducer
instanceKlass sun/security/ssl/CertificateMessage$T13CertificateConsumer
instanceKlass sun/security/ssl/CertificateMessage$T12CertificateProducer
instanceKlass sun/security/ssl/CertificateMessage$T12CertificateConsumer
instanceKlass sun/security/ssl/CertificateMessage
instanceKlass sun/security/ssl/EncryptedExtensions$EncryptedExtensionsConsumer
instanceKlass sun/security/ssl/EncryptedExtensions$EncryptedExtensionsProducer
instanceKlass sun/security/ssl/EncryptedExtensions
instanceKlass sun/security/ssl/NewSessionTicket$T12NewSessionTicketProducer
instanceKlass sun/security/ssl/NewSessionTicket$T13NewSessionTicketProducer
instanceKlass sun/security/ssl/NewSessionTicket$T12NewSessionTicketConsumer
instanceKlass sun/security/ssl/NewSessionTicket$T13NewSessionTicketConsumer
instanceKlass sun/security/ssl/NewSessionTicket
instanceKlass sun/security/ssl/HelloVerifyRequest$HelloVerifyRequestProducer
instanceKlass sun/security/ssl/HelloVerifyRequest$HelloVerifyRequestConsumer
instanceKlass sun/security/ssl/HelloVerifyRequest
instanceKlass sun/security/ssl/ServerHello$T13HelloRetryRequestConsumer
instanceKlass sun/security/ssl/ServerHello$T13ServerHelloConsumer
instanceKlass sun/security/ssl/ServerHello$T12ServerHelloConsumer
instanceKlass sun/security/ssl/ServerHello$T13HelloRetryRequestReproducer
instanceKlass sun/security/ssl/ServerHello$T13HelloRetryRequestProducer
instanceKlass sun/security/ssl/ServerHello$T13ServerHelloProducer
instanceKlass sun/security/ssl/ServerHello$T12ServerHelloProducer
instanceKlass sun/security/ssl/ServerHello$ServerHelloConsumer
instanceKlass sun/security/ssl/ServerHello
instanceKlass sun/security/ssl/ClientHello$D13ClientHelloConsumer
instanceKlass sun/security/ssl/ClientHello$D12ClientHelloConsumer
instanceKlass sun/security/ssl/ClientHello$T13ClientHelloConsumer
instanceKlass sun/security/ssl/ClientHello$T12ClientHelloConsumer
instanceKlass sun/security/ssl/HandshakeConsumer
instanceKlass sun/security/ssl/ClientHello$ClientHelloProducer
instanceKlass sun/security/ssl/ClientHello$ClientHelloConsumer
instanceKlass sun/security/ssl/ClientHello$ClientHelloKickstartProducer
instanceKlass sun/security/ssl/ClientHello
instanceKlass sun/security/ssl/HelloRequest$HelloRequestProducer
instanceKlass sun/security/ssl/HelloRequest$HelloRequestConsumer
instanceKlass sun/security/ssl/HelloRequest$HelloRequestKickstartProducer
instanceKlass sun/security/ssl/SSLProducer
instanceKlass sun/security/ssl/HelloRequest
instanceKlass sun/security/ssl/HandshakeProducer
instanceKlass sun/security/ssl/SSLConsumer
instanceKlass sun/security/ssl/Authenticator$MacImpl
instanceKlass sun/security/ssl/Authenticator$MAC
instanceKlass sun/security/ssl/Authenticator
instanceKlass sun/security/ssl/SSLCipher$SSLReadCipher
instanceKlass sun/security/ssl/InputRecord
instanceKlass sun/security/ssl/SSLRecord
instanceKlass sun/security/ssl/Record
instanceKlass sun/security/ssl/TransportContext
instanceKlass sun/security/ssl/ConnectionContext
instanceKlass sun/security/ssl/HandshakeHash$CacheOnlyHash
instanceKlass sun/security/ssl/HandshakeHash$TranscriptHash
instanceKlass sun/security/ssl/HandshakeHash
instanceKlass sun/security/ssl/SSLTransport
instanceKlass sun/net/NetHooks
instanceKlass sun/net/spi/DefaultProxySelector$3
instanceKlass sun/net/spi/DefaultProxySelector$NonProxyInfo
instanceKlass sun/net/NetProperties$1
instanceKlass sun/net/NetProperties
instanceKlass sun/net/spi/DefaultProxySelector$1
instanceKlass java/net/Proxy
instanceKlass java/net/ProxySelector
instanceKlass java/net/SocksSocketImpl$3
instanceKlass java/net/InetSocketAddress$InetSocketAddressHolder
instanceKlass sun/nio/ch/ExtendedSocketOption$1
instanceKlass sun/nio/ch/ExtendedSocketOption
instanceKlass sun/nio/ch/OptionKey
instanceKlass sun/nio/ch/SocketOptionRegistry$LazyInitialization
instanceKlass sun/nio/ch/SocketOptionRegistry$RegistryKey
instanceKlass sun/nio/ch/SocketOptionRegistry
instanceKlass java/net/StandardSocketOptions$StdSocketOption
instanceKlass java/net/StandardSocketOptions
instanceKlass  @bci sun/nio/ch/NioSocketImpl closerFor (Ljava/io/FileDescriptor;Z)Ljava/lang/Runnable; 5 <appendix> member <vmtarget> ; # sun/nio/ch/NioSocketImpl$$Lambda+0x00000008006f8de8
instanceKlass jdk/net/ExtendedSocketOptions$2
instanceKlass jdk/net/ExtendedSocketOptions$PlatformSocketOptions
instanceKlass jdk/net/ExtendedSocketOptions$ExtSocketOption
instanceKlass java/net/SocketOption
instanceKlass jdk/net/ExtendedSocketOptions
instanceKlass sun/net/ext/ExtendedSocketOptions
instanceKlass sun/nio/ch/Net$1
instanceKlass java/net/ProtocolFamily
instanceKlass sun/nio/ch/Net
instanceKlass java/net/SocksConsts
instanceKlass sun/net/PlatformSocketImpl
instanceKlass java/net/SocketImpl
instanceKlass java/net/SocketOptions
instanceKlass org/apache/http/config/SocketConfig$Builder
instanceKlass org/apache/http/config/SocketConfig
instanceKlass org/apache/http/conn/routing/RouteTracker
instanceKlass org/apache/http/impl/execchain/ConnectionHolder
instanceKlass org/apache/http/conn/ConnectionReleaseTrigger
instanceKlass org/apache/http/impl/conn/CPoolProxy
instanceKlass org/apache/http/impl/conn/Wire
instanceKlass org/apache/http/impl/io/AbstractMessageParser
instanceKlass org/apache/http/util/CharArrayBuffer
instanceKlass org/apache/http/impl/io/AbstractMessageWriter
instanceKlass org/apache/http/impl/HttpConnectionMetricsImpl
instanceKlass org/apache/http/impl/io/SessionOutputBufferImpl
instanceKlass org/apache/http/util/ByteArrayBuffer
instanceKlass org/apache/http/config/MessageConstraints$Builder
instanceKlass org/apache/http/config/MessageConstraints
instanceKlass org/apache/http/impl/io/SessionInputBufferImpl
instanceKlass org/apache/http/io/BufferInfo
instanceKlass org/apache/http/impl/io/HttpTransportMetricsImpl
instanceKlass org/apache/http/io/HttpTransportMetrics
instanceKlass org/apache/http/io/SessionOutputBuffer
instanceKlass org/apache/http/io/SessionInputBuffer
instanceKlass org/apache/http/HttpConnectionMetrics
instanceKlass org/apache/http/config/ConnectionConfig$Builder
instanceKlass org/apache/http/config/ConnectionConfig
instanceKlass org/apache/http/impl/conn/PoolingHttpClientConnectionManager$1
instanceKlass org/apache/http/pool/AbstractConnPool$2
instanceKlass org/apache/http/util/Asserts
instanceKlass org/apache/http/impl/cookie/DefaultCookieSpec
instanceKlass org/apache/http/impl/cookie/BasicDomainHandler
instanceKlass org/apache/http/impl/cookie/RFC2109DomainHandler
instanceKlass org/apache/http/impl/cookie/RFC2965DiscardAttributeHandler
instanceKlass org/apache/http/impl/cookie/RFC2965CommentUrlAttributeHandler
instanceKlass org/apache/http/impl/cookie/AbstractCookieAttributeHandler
instanceKlass org/apache/http/impl/cookie/RFC2965PortAttributeHandler
instanceKlass org/apache/http/impl/cookie/PublicSuffixDomainFilter
instanceKlass org/apache/http/impl/cookie/RFC2965DomainAttributeHandler
instanceKlass org/apache/http/impl/cookie/RFC2965VersionAttributeHandler
instanceKlass org/apache/http/cookie/SetCookie
instanceKlass org/apache/http/cookie/Cookie
instanceKlass org/apache/http/impl/cookie/AbstractCookieSpec
instanceKlass org/apache/http/cookie/CookieOrigin
instanceKlass org/apache/http/message/BasicHeader
instanceKlass org/apache/http/client/utils/URIBuilder
instanceKlass org/apache/http/conn/routing/HttpRoute
instanceKlass org/apache/http/auth/AuthState
instanceKlass org/apache/http/protocol/HttpCoreContext
instanceKlass org/apache/http/protocol/BasicHttpContext
instanceKlass org/apache/http/message/BasicRequestLine
instanceKlass org/apache/http/params/HttpProtocolParams
instanceKlass org/apache/http/params/CoreProtocolPNames
instanceKlass org/apache/http/params/AbstractHttpParams
instanceKlass org/apache/http/params/HttpParamsNames
instanceKlass org/apache/http/HttpEntityEnclosingRequest
instanceKlass org/apache/http/HttpHost
instanceKlass org/apache/http/client/utils/URIUtils
instanceKlass org/apache/http/message/HeaderGroup
instanceKlass org/apache/http/params/HttpParams
instanceKlass org/apache/http/message/AbstractHttpMessage
instanceKlass org/apache/http/client/methods/AbortableHttpRequest
instanceKlass org/apache/http/client/methods/HttpExecutionAware
instanceKlass org/apache/http/conn/ClientConnectionManager
instanceKlass org/apache/http/impl/client/HttpClientBuilder$2
instanceKlass org/apache/http/cookie/CookieIdentityComparator
instanceKlass org/apache/http/impl/client/BasicCookieStore
instanceKlass org/apache/http/impl/cookie/IgnoreSpecProvider
instanceKlass org/apache/http/impl/cookie/NetscapeDraftSpecProvider
instanceKlass org/apache/http/impl/cookie/RFC6265CookieSpecProvider
instanceKlass org/apache/http/cookie/CookieSpec
instanceKlass org/apache/http/impl/cookie/BasicPathHandler
instanceKlass org/apache/http/cookie/CommonCookieAttributeHandler
instanceKlass org/apache/http/cookie/CookieAttributeHandler
instanceKlass org/apache/http/impl/cookie/DefaultCookieSpecProvider
instanceKlass org/apache/http/cookie/CookieSpecProvider
instanceKlass org/apache/http/impl/client/CookieSpecRegistries
instanceKlass org/apache/http/impl/auth/KerberosSchemeFactory
instanceKlass org/apache/http/impl/auth/SPNegoSchemeFactory
instanceKlass org/apache/http/impl/auth/NTLMSchemeFactory
instanceKlass org/apache/http/impl/auth/DigestSchemeFactory
instanceKlass org/apache/http/auth/AuthScheme
instanceKlass org/apache/http/impl/auth/BasicSchemeFactory
instanceKlass org/apache/http/auth/AuthSchemeProvider
instanceKlass org/apache/http/auth/AuthSchemeFactory
instanceKlass org/apache/http/impl/execchain/RedirectExec
instanceKlass org/apache/http/impl/client/DefaultRedirectStrategy
instanceKlass org/apache/http/impl/conn/DefaultRoutePlanner
instanceKlass org/apache/http/impl/execchain/RetryExec
instanceKlass org/apache/http/impl/client/DefaultHttpRequestRetryHandler
instanceKlass org/apache/http/impl/execchain/ProtocolExec
instanceKlass org/apache/http/client/entity/DeflateInputStreamFactory
instanceKlass org/apache/http/client/entity/GZIPInputStreamFactory
instanceKlass org/apache/http/client/entity/InputStreamFactory
instanceKlass org/apache/http/client/protocol/ResponseContentEncoding
instanceKlass org/apache/http/client/protocol/ResponseProcessCookies
instanceKlass org/apache/http/client/protocol/RequestAuthCache
instanceKlass org/apache/http/client/protocol/RequestAcceptEncoding
instanceKlass org/apache/http/client/protocol/RequestAddCookies
instanceKlass org/apache/http/protocol/ChainBuilder
instanceKlass org/apache/http/client/protocol/RequestExpectContinue
instanceKlass org/apache/http/client/protocol/RequestClientConnControl
instanceKlass org/apache/http/protocol/RequestContent
instanceKlass org/apache/http/client/protocol/RequestDefaultHeaders
instanceKlass org/apache/http/protocol/HttpProcessorBuilder
instanceKlass org/apache/http/conn/routing/BasicRouteDirector
instanceKlass org/apache/http/impl/auth/HttpAuthenticator
instanceKlass org/apache/http/client/methods/CloseableHttpResponse
instanceKlass org/apache/http/conn/routing/HttpRouteDirector
instanceKlass org/apache/http/HttpEntity
instanceKlass org/apache/http/conn/routing/RouteInfo
instanceKlass org/apache/http/impl/execchain/MainClientExec
instanceKlass org/apache/http/protocol/RequestUserAgent
instanceKlass org/apache/http/protocol/RequestTargetHost
instanceKlass org/apache/http/protocol/ImmutableHttpProcessor
instanceKlass org/apache/http/util/VersionInfo
instanceKlass org/apache/http/impl/client/DefaultUserTokenHandler
instanceKlass org/apache/http/client/AuthCache
instanceKlass org/apache/http/impl/client/AuthenticationStrategyImpl
instanceKlass org/apache/http/HeaderElementIterator
instanceKlass org/apache/http/impl/client/DefaultConnectionKeepAliveStrategy
instanceKlass org/apache/http/HeaderIterator
instanceKlass org/apache/http/TokenIterator
instanceKlass org/apache/http/impl/DefaultConnectionReuseStrategy
instanceKlass org/apache/http/impl/entity/StrictContentLengthStrategy
instanceKlass org/apache/http/impl/entity/LaxContentLengthStrategy
instanceKlass org/apache/http/impl/EnglishReasonPhraseCatalog
instanceKlass org/apache/http/ReasonPhraseCatalog
instanceKlass org/apache/http/HttpResponse
instanceKlass org/apache/http/impl/DefaultHttpResponseFactory
instanceKlass org/apache/http/StatusLine
instanceKlass org/apache/http/RequestLine
instanceKlass org/apache/http/Header
instanceKlass org/apache/http/message/BasicLineParser
instanceKlass org/apache/http/io/HttpMessageParser
instanceKlass org/apache/http/HttpResponseFactory
instanceKlass org/apache/http/message/LineParser
instanceKlass org/apache/http/impl/conn/DefaultHttpResponseParserFactory
instanceKlass org/apache/http/message/BasicLineFormatter
instanceKlass org/apache/http/io/HttpMessageWriter
instanceKlass org/apache/http/message/LineFormatter
instanceKlass org/apache/http/impl/io/DefaultHttpRequestWriterFactory
instanceKlass org/apache/http/impl/BHttpConnectionBase
instanceKlass org/apache/http/conn/ManagedHttpClientConnection
instanceKlass org/apache/http/HttpInetConnection
instanceKlass org/apache/http/HttpClientConnection
instanceKlass org/apache/http/HttpConnection
instanceKlass org/apache/http/entity/ContentLengthStrategy
instanceKlass org/apache/http/io/HttpMessageParserFactory
instanceKlass org/apache/http/io/HttpMessageWriterFactory
instanceKlass org/apache/http/impl/conn/ManagedHttpClientConnectionFactory
instanceKlass org/apache/http/conn/HttpConnectionFactory
instanceKlass org/apache/http/impl/conn/PoolingHttpClientConnectionManager$InternalConnectionFactory
instanceKlass org/apache/http/pool/RouteSpecificPool
instanceKlass org/apache/http/pool/PoolEntryCallback
instanceKlass org/apache/http/pool/AbstractConnPool
instanceKlass org/apache/http/pool/ConnPool
instanceKlass org/apache/http/impl/conn/PoolingHttpClientConnectionManager$ConfigData
instanceKlass org/apache/http/impl/conn/SystemDefaultDnsResolver
instanceKlass org/apache/http/impl/conn/DefaultSchemePortResolver
instanceKlass org/apache/http/conn/DnsResolver
instanceKlass org/apache/http/protocol/HttpContext
instanceKlass org/apache/http/impl/conn/DefaultHttpClientConnectionOperator
instanceKlass org/apache/http/config/Registry
instanceKlass org/apache/http/util/TextUtils
instanceKlass org/apache/http/conn/socket/PlainConnectionSocketFactory
instanceKlass org/apache/http/config/RegistryBuilder
instanceKlass org/apache/http/conn/HttpClientConnectionOperator
instanceKlass org/apache/http/pool/ConnFactory
instanceKlass org/apache/http/pool/PoolEntry
instanceKlass org/apache/http/conn/ConnectionRequest
instanceKlass org/apache/http/concurrent/Cancellable
instanceKlass org/apache/http/impl/conn/PoolingHttpClientConnectionManager
instanceKlass org/apache/http/pool/ConnPoolControl
instanceKlass javax/net/SocketFactory
instanceKlass  @bci sun/security/ssl/SSLContextImpl engineInit ([Ljavax/net/ssl/KeyManager;[Ljavax/net/ssl/TrustManager;Ljava/security/SecureRandom;)V 57 <appendix> argL0 ; # sun/security/ssl/SSLContextImpl$$Lambda+0x00000008006f4210
instanceKlass javax/net/ssl/X509ExtendedTrustManager
instanceKlass javax/net/ssl/X509TrustManager
instanceKlass javax/net/ssl/TrustManager
instanceKlass sun/security/mscapi/CKeyStore$1
instanceKlass sun/security/validator/TrustStoreUtil
instanceKlass sun/security/x509/DNSName
instanceKlass sun/security/x509/URIName
instanceKlass sun/security/x509/DistributionPoint
instanceKlass java/security/interfaces/ECPublicKey
instanceKlass sun/security/x509/GeneralName
instanceKlass sun/security/x509/GeneralNames
instanceKlass sun/security/x509/KeyIdentifier
instanceKlass sun/security/mscapi/CKeyStore$KeyEntry
instanceKlass java/util/jar/JarFile$ThreadTrackHolder
instanceKlass jdk/internal/event/EventHelper
instanceKlass sun/security/jca/JCAUtil
instanceKlass java/security/cert/PolicyQualifierInfo
instanceKlass sun/security/x509/CertificatePolicyId
instanceKlass sun/security/x509/PolicyInformation
instanceKlass sun/security/x509/OIDMap$OIDInfo
instanceKlass sun/security/x509/PKIXExtensions
instanceKlass sun/security/x509/OIDMap
instanceKlass sun/security/x509/Extension
instanceKlass java/security/cert/Extension
instanceKlass sun/security/x509/CertificateExtensions
instanceKlass sun/security/rsa/RSAUtil
instanceKlass java/security/interfaces/RSAPublicKey
instanceKlass java/security/interfaces/RSAKey
instanceKlass java/security/spec/PSSParameterSpec
instanceKlass java/security/spec/RSAPrivateKeySpec
instanceKlass java/security/spec/RSAPublicKeySpec
instanceKlass  @bci java/security/spec/EncodedKeySpec <clinit> ()V 0 <appendix> argL0 ; # java/security/spec/EncodedKeySpec$$Lambda+0x00000008006ed0a8
instanceKlass jdk/internal/access/JavaSecuritySpecAccess
instanceKlass java/security/spec/EncodedKeySpec
instanceKlass java/security/spec/KeySpec
instanceKlass sun/security/util/BitArray
instanceKlass sun/security/x509/X509Key
instanceKlass sun/security/x509/CertificateX509Key
instanceKlass sun/security/x509/CertificateValidity
instanceKlass sun/security/x509/AVA
instanceKlass sun/security/x509/RDN
instanceKlass javax/security/auth/x500/X500Principal
instanceKlass  @bci sun/security/x509/X500Name <clinit> ()V 153 <appendix> argL0 ; # sun/security/x509/X500Name$$Lambda+0x00000008006eb018
instanceKlass sun/security/x509/X500Name
instanceKlass sun/security/x509/GeneralNameInterface
instanceKlass sun/security/x509/CertificateAlgorithmId
instanceKlass sun/security/x509/SerialNumber
instanceKlass sun/security/x509/CertificateSerialNumber
instanceKlass sun/security/x509/CertificateVersion
instanceKlass sun/security/x509/X509CertInfo
instanceKlass sun/security/x509/AlgorithmId
instanceKlass sun/security/util/DerValue
instanceKlass sun/security/pkcs/ContentInfo
instanceKlass sun/security/util/DerInputStream
instanceKlass sun/security/pkcs/PKCS7
instanceKlass java/security/cert/CertificateFactorySpi
instanceKlass java/security/cert/CertificateFactory
instanceKlass sun/security/action/OpenFileInputStreamAction
instanceKlass  @bci sun/security/mscapi/CKeyStore <init> (Ljava/lang/String;I)V 20 <appendix> argL0 ; # sun/security/mscapi/CKeyStore$$Lambda+0x00000008006bc6f8
instanceKlass sun/security/mscapi/CKey
instanceKlass sun/security/util/Length
instanceKlass java/security/cert/X509Extension
instanceKlass com/sun/security/sasl/Provider$1
instanceKlass  @bci sun/security/provider/certpath/ldap/JdkLDAP <init> ()V 15 <appendix> member <vmtarget> ; # sun/security/provider/certpath/ldap/JdkLDAP$$Lambda+0x00000008006e6288
instanceKlass java/security/KeyStoreSpi
instanceKlass  @bci java/security/KeyStore getDefaultType ()Ljava/lang/String; 0 <appendix> argL0 ; # java/security/KeyStore$$Lambda+0x00000008006e58f8
instanceKlass java/security/KeyStore
instanceKlass sun/security/ssl/TrustStoreManager$TrustStoreDescriptor$1
instanceKlass sun/security/util/FilePaths
instanceKlass sun/security/ssl/TrustStoreManager$TrustStoreDescriptor
instanceKlass sun/security/ssl/TrustStoreManager$TrustAnchorManager
instanceKlass sun/security/ssl/TrustStoreManager
instanceKlass javax/net/ssl/TrustManagerFactorySpi
instanceKlass  @bci javax/net/ssl/TrustManagerFactory getDefaultAlgorithm ()Ljava/lang/String; 0 <appendix> argL0 ; # javax/net/ssl/TrustManagerFactory$$Lambda+0x00000008006e4420
instanceKlass javax/net/ssl/TrustManagerFactory
instanceKlass javax/net/ssl/X509ExtendedKeyManager
instanceKlass javax/net/ssl/X509KeyManager
instanceKlass javax/net/ssl/KeyManager
instanceKlass sun/security/util/Cache
instanceKlass sun/security/ssl/SSLSessionContextImpl
instanceKlass javax/net/ssl/SSLSessionContext
instanceKlass sun/security/ssl/EphemeralKeyManager$EphemeralKeyPair
instanceKlass sun/security/ssl/EphemeralKeyManager
instanceKlass sun/security/ssl/SSLContextImpl$CustomizedSSLProtocols
instanceKlass java/security/spec/NamedParameterSpec
instanceKlass sun/security/util/ECKeySizeParameterSpec
instanceKlass java/security/AlgorithmParametersSpi
instanceKlass java/security/AlgorithmParameters
instanceKlass sun/security/util/ECUtil
instanceKlass java/security/KeyPairGeneratorSpi
instanceKlass java/security/PrivateKey
instanceKlass javax/security/auth/Destroyable
instanceKlass java/security/PublicKey
instanceKlass java/security/KeyFactorySpi
instanceKlass java/security/KeyFactory
instanceKlass javax/crypto/KeyAgreement
instanceKlass java/security/interfaces/ECKey
instanceKlass java/security/Key
instanceKlass java/security/Signature$1
instanceKlass jdk/internal/access/JavaSecuritySignatureAccess
instanceKlass java/security/SignatureSpi
instanceKlass sun/security/ssl/JsseJce$EcAvailability
instanceKlass sun/security/ssl/SSLAlgorithmDecomposer$1
instanceKlass sun/security/ssl/Utilities
instanceKlass sun/security/ssl/JsseJce
instanceKlass sun/security/ssl/NamedGroup$XDHScheme
instanceKlass sun/security/ssl/NamedGroup$FFDHEScheme
instanceKlass sun/security/ssl/NamedGroup$ECDHEScheme
instanceKlass sun/security/ssl/NamedGroup$NamedGroupScheme
instanceKlass sun/security/ssl/SSLCipher$1
instanceKlass sun/security/ssl/SSLCipher$T13CC20P1305WriteCipherGenerator
instanceKlass sun/security/ssl/SSLCipher$T12CC20P1305WriteCipherGenerator
instanceKlass sun/security/ssl/SSLCipher$T13CC20P1305ReadCipherGenerator
instanceKlass sun/security/ssl/SSLCipher$T12CC20P1305ReadCipherGenerator
instanceKlass sun/security/ssl/SSLCipher$T13GcmWriteCipherGenerator
instanceKlass sun/security/ssl/SSLCipher$T13GcmReadCipherGenerator
instanceKlass sun/security/ssl/SSLCipher$T12GcmWriteCipherGenerator
instanceKlass sun/security/ssl/SSLCipher$T12GcmReadCipherGenerator
instanceKlass com/sun/crypto/provider/AESConstants
instanceKlass java/util/Vector$1
instanceKlass  @bci javax/crypto/JceSecurityManager <clinit> ()V 67 <appendix> argL0 ; # javax/crypto/JceSecurityManager$$Lambda+0x00000008006d8e48
instanceKlass  @bci javax/crypto/JceSecurityManager <clinit> ()V 49 <appendix> argL0 ; # javax/crypto/JceSecurityManager$$Lambda+0x00000008006d8c30
instanceKlass javax/crypto/JceSecurityManager
instanceKlass sun/security/ssl/SSLCipher$T11BlockWriteCipherGenerator
instanceKlass sun/security/ssl/SSLCipher$T11BlockReadCipherGenerator
instanceKlass com/sun/crypto/provider/PKCS5Padding
instanceKlass com/sun/crypto/provider/Padding
instanceKlass com/sun/crypto/provider/FeedbackCipher
instanceKlass com/sun/crypto/provider/SymmetricCipher
instanceKlass com/sun/crypto/provider/DESConstants
instanceKlass com/sun/crypto/provider/CipherCore
instanceKlass sun/security/ssl/SSLCipher$T10BlockWriteCipherGenerator
instanceKlass sun/security/ssl/SSLCipher$T10BlockReadCipherGenerator
instanceKlass javax/crypto/CipherSpi
instanceKlass javax/crypto/ProviderVerifier
instanceKlass javax/crypto/JceSecurity$3
instanceKlass javax/crypto/JceSecurity$2
instanceKlass java/util/Vector$Itr
instanceKlass javax/crypto/CryptoPolicyParser$CryptoPermissionEntry
instanceKlass javax/crypto/CryptoPolicyParser$GrantEntry
instanceKlass java/io/StreamTokenizer
instanceKlass javax/crypto/CryptoPolicyParser
instanceKlass sun/nio/fs/WindowsFileSystemProvider$1
instanceKlass javax/crypto/JceSecurity$1
instanceKlass javax/crypto/JceSecurity
instanceKlass sun/security/jca/ProviderList$ServiceList$1
instanceKlass sun/security/jca/ServiceId
instanceKlass javax/crypto/Cipher$Transform
instanceKlass javax/crypto/Cipher
instanceKlass sun/security/ssl/SSLCipher$StreamWriteCipherGenerator
instanceKlass sun/security/ssl/SSLCipher$StreamReadCipherGenerator
instanceKlass sun/security/ssl/SSLCipher$NullWriteCipherGenerator
instanceKlass sun/security/ssl/SSLCipher$WriteCipherGenerator
instanceKlass sun/security/ssl/SSLCipher$NullReadCipherGenerator
instanceKlass sun/security/ssl/SSLCipher$ReadCipherGenerator
instanceKlass sun/security/util/DisabledAlgorithmConstraints$Constraints$Holder
instanceKlass sun/security/util/DisabledAlgorithmConstraints$Constraint
instanceKlass sun/security/util/DisabledAlgorithmConstraints$Constraints
instanceKlass sun/security/util/AbstractAlgorithmConstraints$1
instanceKlass sun/security/util/AlgorithmDecomposer
instanceKlass sun/security/util/AbstractAlgorithmConstraints
instanceKlass sun/security/ssl/SSLAlgorithmConstraints
instanceKlass java/security/AlgorithmConstraints
instanceKlass sun/security/ssl/SSLLogger
instanceKlass  @bci sun/security/ssl/SunJSSE registerAlgorithms ()V 1 <appendix> member <vmtarget> ; # sun/security/ssl/SunJSSE$$Lambda+0x00000008006cd700
instanceKlass java/security/spec/ECFieldF2m
instanceKlass sun/security/util/ObjectIdentifier
instanceKlass sun/security/util/ByteArrayTagOrder
instanceKlass sun/security/util/ByteArrayLexOrder
instanceKlass sun/security/util/DerEncoder
instanceKlass java/security/spec/ECParameterSpec
instanceKlass java/security/spec/AlgorithmParameterSpec
instanceKlass java/security/spec/ECPoint
instanceKlass java/security/spec/EllipticCurve
instanceKlass java/security/spec/ECFieldFp
instanceKlass java/security/spec/ECField
instanceKlass sun/security/util/CurveDB
instanceKlass sun/security/ec/SunEC$1
instanceKlass sun/security/smartcardio/SunPCSC$1
instanceKlass com/sun/security/sasl/gsskerb/JdkSASL$1
instanceKlass  @bci sun/security/jgss/SunProvider <init> ()V 15 <appendix> member <vmtarget> ; # sun/security/jgss/SunProvider$$Lambda+0x00000008006b8b80
instanceKlass  @bci sun/security/pkcs11/SunPKCS11 register (Lsun/security/pkcs11/SunPKCS11$Descriptor;)V 27 <appendix> argL0 ; # sun/security/pkcs11/SunPKCS11$$Lambda+0x00000008006b8268
instanceKlass sun/security/pkcs11/SunPKCS11$Descriptor
instanceKlass javax/security/auth/callback/CallbackHandler
instanceKlass sun/security/mscapi/SunMSCAPI$2
instanceKlass sun/security/mscapi/SunMSCAPI$1
instanceKlass org/jcp/xml/dsig/internal/dom/XMLDSigRI$2
instanceKlass org/jcp/xml/dsig/internal/dom/XMLDSigRI$1
instanceKlass sun/security/jca/ProviderConfig$ProviderLoader
instanceKlass sun/security/jca/ProviderConfig$3
instanceKlass sun/security/rsa/SunRsaSignEntries
instanceKlass javax/net/ssl/SSLContextSpi
instanceKlass javax/net/ssl/SSLContext
instanceKlass org/apache/http/ssl/SSLContexts
instanceKlass org/apache/http/conn/ssl/AbstractVerifier
instanceKlass org/apache/http/conn/ssl/X509HostnameVerifier
instanceKlass java/net/Socket
instanceKlass org/apache/http/conn/ssl/SSLConnectionSocketFactory
instanceKlass org/apache/commons/logging/impl/Log4JLogger
instanceKlass org/apache/commons/logging/Log
instanceKlass org/apache/commons/logging/impl/LogFactoryImpl$3
instanceKlass org/apache/commons/logging/impl/LogFactoryImpl$1
instanceKlass org/apache/commons/logging/impl/LogFactoryImpl$2
instanceKlass org/apache/commons/logging/LogFactory$2
instanceKlass org/apache/commons/logging/LogFactory$3
instanceKlass org/apache/commons/logging/LogFactory$4
instanceKlass org/apache/commons/logging/impl/WeakHashtable$Referenced
instanceKlass org/apache/commons/logging/LogFactory$1
instanceKlass org/apache/commons/logging/LogFactory$6
instanceKlass org/apache/commons/logging/LogFactory
instanceKlass org/apache/http/conn/ssl/DefaultHostnameVerifier
instanceKlass org/apache/http/ProtocolVersion
instanceKlass org/apache/http/protocol/HttpRequestExecutor
instanceKlass org/apache/http/conn/util/PublicSuffixMatcher
instanceKlass org/apache/http/conn/util/PublicSuffixList
instanceKlass org/apache/http/Consts
instanceKlass org/apache/http/conn/util/PublicSuffixListParser
instanceKlass org/apache/http/conn/util/PublicSuffixMatcherLoader
instanceKlass org/apache/http/client/methods/Configurable
instanceKlass org/apache/http/client/CookieStore
instanceKlass org/apache/http/client/RedirectStrategy
instanceKlass org/apache/http/conn/routing/HttpRoutePlanner
instanceKlass org/apache/http/conn/SchemePortResolver
instanceKlass org/apache/http/client/HttpRequestRetryHandler
instanceKlass org/apache/http/impl/execchain/ClientExecChain
instanceKlass org/apache/http/config/Lookup
instanceKlass org/apache/http/protocol/HttpProcessor
instanceKlass org/apache/http/HttpResponseInterceptor
instanceKlass org/apache/http/HttpRequestInterceptor
instanceKlass org/apache/http/client/UserTokenHandler
instanceKlass org/apache/http/client/AuthenticationStrategy
instanceKlass org/apache/http/conn/ConnectionKeepAliveStrategy
instanceKlass org/apache/http/ConnectionReuseStrategy
instanceKlass org/apache/http/conn/socket/LayeredConnectionSocketFactory
instanceKlass org/apache/http/conn/socket/ConnectionSocketFactory
instanceKlass javax/net/ssl/HostnameVerifier
instanceKlass org/apache/http/impl/client/HttpClientBuilder
instanceKlass org/apache/http/impl/client/CloseableHttpClient
instanceKlass org/apache/http/client/HttpClient
instanceKlass org/apache/http/conn/HttpClientConnectionManager
instanceKlass org/apache/http/impl/client/HttpClients
instanceKlass org/apache/http/client/config/RequestConfig$Builder
instanceKlass org/apache/http/client/config/RequestConfig
instanceKlass org/apache/http/util/LangUtils
instanceKlass org/apache/http/auth/BasicUserPrincipal
instanceKlass org/apache/http/util/Args
instanceKlass org/apache/http/auth/UsernamePasswordCredentials
instanceKlass org/apache/http/auth/AuthScope
instanceKlass org/apache/http/impl/client/BasicCredentialsProvider
instanceKlass org/apache/http/client/methods/HttpUriRequest
instanceKlass org/apache/http/HttpRequest
instanceKlass org/apache/http/HttpMessage
instanceKlass org/apache/http/auth/Credentials
instanceKlass org/apache/http/client/CredentialsProvider
instanceKlass com/st/microxplorer/plugins/updater/engine/CheckConnectionManager
instanceKlass org/apache/commons/net/SocketClient
instanceKlass org/apache/commons/net/ftp/Configurable
instanceKlass java/net/Authenticator
instanceKlass com/st/microxplorer/plugins/updater/engine/ServerAccessManage
instanceKlass org/apache/commons/io/FilenameUtils
instanceKlass java/net/spi/URLStreamHandlerProvider
instanceKlass java/net/URL$1
instanceKlass java/net/URL$2
instanceKlass java/net/URL$ThreadTrackHolder
instanceKlass com/st/microxplorer/plugins/updater/xml/ThirdPartyIndex
instanceKlass com/st/microxplorer/plugins/updater/xml/manifest/ManifestFirmware
instanceKlass com/st/microxplorer/plugins/updater/xml/manifest/Manifest
instanceKlass com/st/microxplorer/plugins/updater/xml/manifest/ManifestRelease
instanceKlass com/st/microxplorer/plugins/updater/xml/Software$DataBaseRelease
instanceKlass com/st/microxplorer/plugins/updater/xml/OsSpecific
instanceKlass com/st/microxplorer/plugins/updater/xml/OS
instanceKlass com/st/microxplorer/plugins/updater/xml/UpdaterFile$SiteAccess
instanceKlass com/sun/org/apache/xml/internal/serializer/WriterChain
instanceKlass com/sun/org/apache/xerces/internal/util/XMLChar
instanceKlass com/sun/org/apache/xml/internal/serializer/ToStream$CharacterBuffer$GenericCharacters
instanceKlass com/sun/org/apache/xalan/internal/xsltc/trax/DOM2TO
instanceKlass javax/xml/transform/stax/StAXSource
instanceKlass javax/xml/transform/sax/SAXSource
instanceKlass sun/nio/cs/Surrogate
instanceKlass sun/nio/cs/Surrogate$Parser
instanceKlass com/sun/org/apache/xml/internal/serializer/NamespaceMappings$MappingRecord
instanceKlass com/sun/org/apache/xml/internal/serializer/NamespaceMappings
instanceKlass java/nio/charset/Charset$1
instanceKlass java/nio/charset/Charset$2
instanceKlass jdk/internal/misc/ThreadTracker
instanceKlass java/nio/charset/Charset$ThreadTrackHolder
instanceKlass java/nio/charset/Charset$ExtendedProviderHolder$1
instanceKlass java/nio/charset/Charset$ExtendedProviderHolder
instanceKlass  @bci jdk/xml/internal/SecuritySupport getResourceAsStream (Ljava/lang/String;)Ljava/io/InputStream; 1 <appendix> member <vmtarget> ; # jdk/xml/internal/SecuritySupport$$Lambda+0x00000008004ff6c8
instanceKlass com/sun/org/apache/xml/internal/serializer/Encodings$EncodingInfos
instanceKlass com/sun/org/apache/xml/internal/serializer/Encodings
instanceKlass com/sun/org/apache/xml/internal/serializer/ToStream$CharacterBuffer
instanceKlass com/sun/org/apache/xml/internal/serializer/EncodingInfo
instanceKlass com/sun/org/apache/xml/internal/serializer/ToStream$BoolStack
instanceKlass com/sun/org/apache/xml/internal/serializer/ElemContext
instanceKlass org/xml/sax/helpers/AttributesImpl
instanceKlass com/sun/org/apache/xml/internal/serializer/CharInfo$CharKey
instanceKlass com/sun/org/apache/xml/internal/serializer/CharInfo
instanceKlass com/sun/org/apache/xml/internal/serializer/SerializerBase
instanceKlass com/sun/org/apache/xml/internal/serializer/SerializerConstants
instanceKlass com/sun/org/apache/xml/internal/serializer/SerializationHandler
instanceKlass com/sun/org/apache/xml/internal/serializer/Serializer
instanceKlass com/sun/org/apache/xml/internal/serializer/DOMSerializer
instanceKlass com/sun/org/apache/xml/internal/serializer/XSLOutputAttributes
instanceKlass com/sun/org/apache/xml/internal/serializer/ExtendedLexicalHandler
instanceKlass com/sun/org/apache/xml/internal/serializer/ExtendedContentHandler
instanceKlass javax/xml/transform/dom/DOMResult
instanceKlass javax/xml/transform/stax/StAXResult
instanceKlass javax/xml/transform/sax/SAXResult
instanceKlass com/sun/org/apache/xalan/internal/xsltc/runtime/output/TransletOutputHandlerFactory
instanceKlass com/sun/org/apache/xml/internal/utils/XMLReaderManager
instanceKlass com/sun/org/apache/xml/internal/serializer/OutputPropertiesFactory
instanceKlass javax/xml/transform/Transformer
instanceKlass com/sun/org/apache/xalan/internal/xsltc/DOMCache
instanceKlass  @bci javax/xml/catalog/CatalogFeatures setProperties (Ljavax/xml/catalog/CatalogFeatures$Builder;)V 5 <appendix> member <vmtarget> ; # javax/xml/catalog/CatalogFeatures$$Lambda+0x00000008004f9560
instanceKlass javax/xml/catalog/CatalogMessages
instanceKlass javax/xml/catalog/Util
instanceKlass jdk/xml/internal/JdkXmlUtils
instanceKlass  @bci javax/xml/transform/FactoryFinder newInstance (Ljava/lang/Class;Ljava/lang/String;Ljava/lang/ClassLoader;Z)Ljava/lang/Object; 107 <appendix> member <vmtarget> ; # javax/xml/transform/FactoryFinder$$Lambda+0x00000008004f8278
instanceKlass jdk/xml/internal/JdkProperty
instanceKlass com/sun/org/apache/xalan/internal/utils/FeaturePropertyBase
instanceKlass jdk/xml/internal/JdkConstants
instanceKlass javax/xml/catalog/CatalogFeatures$Builder
instanceKlass javax/xml/catalog/CatalogFeatures
instanceKlass jdk/xml/internal/TransformErrorListener
instanceKlass javax/xml/transform/ErrorListener
instanceKlass com/sun/org/apache/xalan/internal/xsltc/compiler/SourceLoader
instanceKlass  @bci javax/xml/transform/FactoryFinder find (Ljava/lang/Class;Ljava/lang/String;)Ljava/lang/Object; 123 <appendix> member <vmtarget> ; # javax/xml/transform/FactoryFinder$$Lambda+0x00000008004f5f70
instanceKlass javax/xml/transform/FactoryFinder$1
instanceKlass  @bci javax/xml/transform/FactoryFinder find (Ljava/lang/Class;Ljava/lang/String;)Ljava/lang/Object; 24 <appendix> member <vmtarget> ; # javax/xml/transform/FactoryFinder$$Lambda+0x00000008004f5b28
instanceKlass javax/xml/transform/FactoryFinder
instanceKlass javax/xml/transform/TransformerFactory
instanceKlass javax/xml/transform/stream/StreamResult
instanceKlass javax/xml/transform/dom/DOMSource
instanceKlass java/util/Collections$ReverseComparator
instanceKlass com/st/microxplorer/plugins/updater/xml/Note
instanceKlass com/st/microxplorer/plugins/updater/util/AbstractXmlFileManage
instanceKlass com/st/microxplorer/plugins/updater/xml/PackageFile
instanceKlass com/st/microxplorer/plugins/updater/xml/FileInformation
instanceKlass com/st/microxplorer/plugins/updater/xml/ComputerFile
instanceKlass com/st/microxplorer/plugins/updater/xml/CheckUpdatesFile
instanceKlass com/st/microxplorer/plugins/updater/xml/packcontrol/Packs
instanceKlass com/st/microxplorer/plugins/updater/xml/packcontrol/PackControlFlags
instanceKlass com/st/microxplorer/plugins/updater/xml/UpdaterFile
instanceKlass  @bci java/lang/reflect/Executable sharedToString (IZ[Ljava/lang/Class;[Ljava/lang/Class;)Ljava/lang/String; 29 <appendix> argL0 ; # java/lang/reflect/Executable$$Lambda+0x00000008004c37f0
instanceKlass com/st/microxplorer/plugins/updater/util/WinRegistry
instanceKlass com/st/microxplorer/plugins/updater/util/Utils$9
instanceKlass com/st/microxplorer/plugins/updater/util/Utils$8
instanceKlass com/st/microxplorer/plugins/updater/util/Utils$7
instanceKlass com/st/microxplorer/plugins/updater/util/Utils$6
instanceKlass com/st/microxplorer/plugins/updater/util/Utils$5
instanceKlass com/st/microxplorer/plugins/updater/util/Utils$4
instanceKlass com/st/microxplorer/plugins/updater/util/Utils$3
instanceKlass com/st/microxplorer/plugins/updater/util/Utils$2
instanceKlass com/st/microxplorer/plugins/updater/util/Utils
instanceKlass com/st/microxplorer/plugins/updater/util/UserPreferencesManager
instanceKlass com/st/microxplorer/plugins/updater/util/ParameterSetting
instanceKlass com/st/microxplorer/plugins/updater/engine/MainUpdater$4
instanceKlass com/st/microxplorer/plugins/updater/engine/MainUpdater$3
instanceKlass com/st/microxplorer/plugins/updater/engine/MainUpdater$2
instanceKlass com/st/microxplorer/plugins/updater/engine/MainUpdater$1
instanceKlass com/st/microxplorer/plugin/IPluginWinMgrCallbacks
instanceKlass com/st/microxplorer/plugins/updater/xml/PackDescription
instanceKlass com/st/microxplorer/plugins/updater/gui/ILicenseAgreementAcceptance
instanceKlass com/st/microxplorer/plugins/updater/gui/IPdscErrorDisplay
instanceKlass com/st/microxplorer/plugins/updater/engine/MainUpdater
instanceKlass com/st/microxplorer/plugins/updater/engine/UpdaterConstants
instanceKlass com/st/microxplorer/plugins/updater/gui/GuiConstants
instanceKlass com/st/microxplorer/maingui/MicroXplorer$3
instanceKlass java/awt/GridBagLayout
instanceKlass com/st/microxplorer/plugins/ipmanager/gui/BlockDiagram$2
instanceKlass com/st/microxplorer/plugins/ipmanager/gui/IPsOverviews$IPperValue
instanceKlass com/st/microxplorer/plugins/ip/usbx/gui/UsbxConstants
instanceKlass com/st/microxplorer/plugins/ip/usart/gui/UsartConstants
instanceKlass com/st/microxplorer/plugins/ip/spi/gui/SpiConstants
instanceKlass com/st/microxplorer/plugins/ip/sai/gui/SaiConstants
instanceKlass  @bci com/st/microxplorer/plugins/ip/plateformsettings/gui/PlatformSettingsCli addCommands ()V 34 <appendix> member <vmtarget> ; # com/st/microxplorer/plugins/ip/plateformsettings/gui/PlatformSettingsCli$$Lambda+0x000000080066dc38
instanceKlass  @bci com/st/microxplorer/plugins/ip/plateformsettings/gui/PlatformSettingsCli addCommands ()V 20 <appendix> member <vmtarget> ; # com/st/microxplorer/plugins/ip/plateformsettings/gui/PlatformSettingsCli$$Lambda+0x000000080066da18
instanceKlass  @bci com/st/microxplorer/plugins/ip/plateformsettings/gui/PlatformSettingsCli addCommands ()V 6 <appendix> member <vmtarget> ; # com/st/microxplorer/plugins/ip/plateformsettings/gui/PlatformSettingsCli$$Lambda+0x000000080066d7f8
instanceKlass com/st/microxplorer/plugins/ip/plateformsettings/gui/PlatformSettingsCli
instanceKlass com/st/microxplorer/plugins/ip/plateformsettings/model/Resource
instanceKlass com/st/microxplorer/plugins/ip/plateformsettings/model/AbstractModel
instanceKlass com/st/microxplorer/plugins/ip/plateformsettings/model/Observable
instanceKlass com/st/microxplorer/plugins/ip/plateformsettings/model/Observer
instanceKlass com/st/microxplorer/plugins/ip/plateformsettings/controller/AbstractController
instanceKlass com/st/microxplorer/plugins/ipmanager/util/DuplicationUtils
instanceKlass com/st/microxplorer/plugins/ip/openamp/model/OpenampConstants
instanceKlass com/st/microxplorer/plugins/ip/nvic/NvicCellListener
instanceKlass com/st/microxplorer/mcu/UserDMARequest
instanceKlass com/st/microxplorer/plugins/ip/ipddr/gui/DdrConstants
instanceKlass com/st/microxplorer/plugins/ip/i3c/gui/I3cConstants
instanceKlass com/st/microxplorer/plugins/ip/i2s/gui/I2sConstants
instanceKlass com/st/microxplorer/plugins/ip/i2c/gui/I2cConstants
instanceKlass com/st/microxplorer/plugins/ip/gic/GicCellListener
instanceKlass com/st/microxplorer/plugins/ipmanager/generictreatment/model/ParamTabInterface
instanceKlass com/st/microxplorer/plugins/ip/fmc/FmcConstants
instanceKlass com/st/microxplorer/util/CommonComponent
instanceKlass com/st/microxplorer/plugins/ip/dma/GuiConstants
instanceKlass com/st/microxplorer/plugins/ip/dfsdm/gui/DfsdmConstants
instanceKlass com/st/microxplorer/plugins/ip/ddr_ctrl_phy/gui/Constants
instanceKlass com/st/microxplorer/util/CommonComponentProvider
instanceKlass com/st/microxplorer/plugins/ip/can/gui/CanConstants
instanceKlass com/st/microxplorer/plugins/ipmanager/generictreatment/model/ParamManager
instanceKlass com/st/microxplorer/plugins/ip/adc/gui/ADCConstants
instanceKlass com/l2fprod/common/propertysheet/PropertySheet
instanceKlass com/st/microxplorer/plugins/ipmanager/pluginmanagement/IPUIPlugin
instanceKlass com/st/microxplorer/plugins/ipmanager/pluginmanagement/PluginManager$1
instanceKlass com/st/microxplorer/plugins/ipmanager/pluginmanagement/PluginManager
instanceKlass com/st/microxplorer/plugins/ipmanager/pluginmanagement/ButtonStateConstants
instanceKlass com/st/microxplorer/plugins/ipmanager/pluginmanagement/IpPluginManagement
instanceKlass com/st/microxplorer/plugins/power/util/peripheral/PeripheralService
instanceKlass com/st/microxplorer/plugins/power/util/SharedServices
instanceKlass com/lowagie/text/Document
instanceKlass com/lowagie/text/DocListener
instanceKlass com/lowagie/text/ElementListener
instanceKlass com/st/microxplorer/plugins/power/PowerPluginView$2
instanceKlass com/st/microxplorer/plugins/power/PowerPluginView$1
instanceKlass com/st/microxplorer/plugins/power/util/Traces
instanceKlass com/st/microxplorer/plugins/power/PowerMsg
instanceKlass com/st/microxplorer/plugins/memorymap/gui/RegColor
instanceKlass java/awt/GridBagConstraints
instanceKlass com/st/microxplorer/plugins/memorymap/gui/ListenerEvent
instanceKlass com/st/microxplorer/plugins/memorymap/gui/ListenerRoot
instanceKlass javax/swing/JFormattedTextField$AbstractFormatter
instanceKlass com/st/microxplorer/stobjects/STTabbedPane$1
instanceKlass com/st/microxplorer/plugins/clock/ClockTreeView$1
instanceKlass javax/swing/ActionPropertyChangeListener
instanceKlass com/st/microxplorer/plugins/clock/utils/ImageLoader
instanceKlass com/st/microxplorer/plugins/clock/gui/ClockTreeUI
instanceKlass javax/swing/plaf/basic/BasicSplitPaneUI$Handler
instanceKlass javax/swing/plaf/basic/BasicSplitPaneUI$BasicHorizontalLayoutManager
instanceKlass javax/swing/plaf/basic/BasicSplitPaneDivider$DividerLayout
instanceKlass com/st/microxplorer/plugins/pinoutconfig/gui/PinOutPanel$6
instanceKlass com/st/microxplorer/plugins/pinoutconfig/gui/PinOutPanel$5
instanceKlass com/st/microxplorer/plugins/pinoutconfig/gui/PinOutPanel$4
instanceKlass com/st/microxplorer/plugins/pinoutconfig/gui/PinOutPanel$3
instanceKlass com/st/microxplorer/plugins/pinoutconfig/gui/PinOutPanel$2
instanceKlass com/st/microxplorer/plugins/pinoutconfig/gui/PinOutPanel$1
instanceKlass sun/java2d/loops/GraphicsPrimitive$GeneralBinaryOp
instanceKlass java/awt/image/FilteredImageSource
instanceKlass java/awt/image/ImageFilter
instanceKlass java/awt/image/PixelGrabber
instanceKlass sun/awt/image/OffScreenImageSource
instanceKlass com/st/microxplorer/plugins/pinoutconfig/gui/PinOutPanel$PinOutMouseListener
instanceKlass com/st/microxplorer/plugins/pinoutconfig/gui/PinOutPanel$ShowUserLabelActionListener
instanceKlass com/st/microxplorer/plugins/pinoutconfig/gui/FindPanel$1
instanceKlass com/st/microxplorer/ctxdoc/ToolTipSelection
instanceKlass com/st/microxplorer/plugins/pinoutconfig/gui/PinOutPanel$InputLabel$2
instanceKlass com/st/microxplorer/plugins/pinoutconfig/gui/PinOutPanel$InputLabel$1
# instanceKlass java/lang/invoke/LambdaForm$DMH+0x00000008005e0800
instanceKlass com/st/microxplorer/plugins/pinoutconfig/gui/PinOutPanel$19
instanceKlass com/st/microxplorer/plugins/pinoutconfig/gui/PinOutPanel$18
instanceKlass com/st/microxplorer/plugins/pinoutconfig/gui/PinOutPanel$17
instanceKlass com/st/microxplorer/plugins/pinoutconfig/gui/PinOutPanel$16
instanceKlass com/st/microxplorer/plugins/pinoutconfig/gui/PinOutPanel$15
instanceKlass com/st/microxplorer/plugins/pinoutconfig/gui/PinOutPanel$14
instanceKlass com/st/microxplorer/plugins/pinoutconfig/gui/PinOutPanel$13
instanceKlass com/st/microxplorer/plugins/pinoutconfig/engine/AbstractPackage
instanceKlass com/st/microxplorer/plugins/pinoutconfig/guiV5/PeripheralsSelectionPanel$DisableAllModesListener
instanceKlass com/st/microxplorer/plugins/pinoutconfig/guiV5/PeripheralsSelectionPanel$TabbedPaneListener
instanceKlass com/st/microxplorer/plugins/pinoutconfig/guiV5/SinglePeripheralPanel$1
# instanceKlass java/lang/invoke/LambdaForm$MH+0x00000008005e0400
instanceKlass com/st/microxplorer/plugins/pinoutconfig/gui/PeripheralSearchPanel$PeriphSearchActionListener
instanceKlass com/st/components/swing/AutocompleteComboBox$ComboMultiListener
instanceKlass com/st/components/swing/AutocompleteComboBox$4
instanceKlass com/st/components/swing/AutocompleteComboBox$2
instanceKlass javax/swing/plaf/basic/BasicComboBoxUI$DefaultKeySelectionManager
instanceKlass javax/swing/JComboBox$KeySelectionManager
instanceKlass javax/swing/plaf/basic/BasicComboBoxUI$Handler
instanceKlass javax/swing/plaf/basic/BasicComboBoxEditor
instanceKlass javax/swing/ComboBoxEditor
instanceKlass javax/swing/plaf/basic/BasicComboPopup$Handler
instanceKlass javax/swing/plaf/basic/BasicListUI$Handler
instanceKlass javax/swing/plaf/basic/BasicComboPopup$EmptyListModelClass
instanceKlass javax/swing/plaf/basic/ComboPopup
instanceKlass javax/swing/AncestorNotifier
instanceKlass javax/swing/JComboBox$1
instanceKlass javax/swing/AbstractListModel
instanceKlass javax/swing/MutableComboBoxModel
# instanceKlass java/lang/invoke/LambdaForm$DMH+0x00000008005e0000
instanceKlass com/st/components/util/StringSearchable
instanceKlass com/st/components/util/Searchable
instanceKlass com/st/microxplorer/plugins/pinoutconfig/guiV5/PeripheralsSelectionPanel$DynaInitCheckBoxListener
instanceKlass com/st/microxplorer/plugins/pinoutconfig/guiV5/PeripheralsSelectionPanel$PowerDomainCheckBoxListener
instanceKlass com/st/microxplorer/plugins/pinoutconfig/guiV5/PeripheralsSelectionPanel$1
instanceKlass com/st/microxplorer/plugins/pinoutconfig/guiV5/PeripheralsSelectionPanel$ContextCheckBoxListener
instanceKlass com/st/microxplorer/plugins/pinoutconfig/guiV5/PeripheralsSelectionPanel$OptionPopupMenuFocusListener
instanceKlass com/st/microxplorer/plugins/pinoutconfig/guiV5/PeripheralsSelectionPanel$OptionButtonActionListener
instanceKlass com/st/microxplorer/ctxdoc/PanelToolTipUI$6
instanceKlass com/st/microxplorer/ctxdoc/PanelToolTipUI$5
instanceKlass com/st/microxplorer/ctxdoc/PanelToolTipUI$1
instanceKlass com/st/microxplorer/ctxdoc/db/CtxDocDbReaderDefault$1
instanceKlass com/st/microxplorer/ctxdoc/db/CtxDocDbReader
instanceKlass com/st/microxplorer/ctxdoc/db/ICtxDocDbReader
instanceKlass com/st/microxplorer/ctxdoc/CtxDoc
instanceKlass com/st/microxplorer/ctxdoc/IPopupToolTip
instanceKlass com/st/microxplorer/peripheralpanel/IPContextTable$IPContextTableModelListener
instanceKlass com/st/microxplorer/plugins/pinoutconfig/guiV5/CategoriesPane$CollapseAllCategoriesListener
instanceKlass com/st/microxplorer/plugins/pinoutconfig/guiV5/CategoriesPane$ExpandAllCategoriesListener
instanceKlass com/st/microxplorer/plugins/pinoutconfig/gui/PeripheralFindDoer
instanceKlass com/st/microxplorer/plugins/lpbam/MulticonfigView$3
instanceKlass com/st/microxplorer/plugins/lpbam/LPBAMQueueSynoptic$SynopticMouseListener
instanceKlass com/st/microxplorer/plugins/lpbam/LPBAMQueueSynoptic$SynopticMouseMotionListener
instanceKlass com/st/microxplorer/plugins/lpbam/LPBAMQueueSynoptic$3
instanceKlass com/st/microxplorer/plugins/lpbam/LPBAMQueueSynoptic$2
instanceKlass com/st/microxplorer/plugins/lpbam/LPBAMQueueSynoptic$1
instanceKlass javax/swing/plaf/basic/BasicToolTipUI$PropertyChangeHandler
instanceKlass com/st/microxplorer/plugins/lpbam/LPBAMQueueSynoptic$UIFunction
instanceKlass  @bci java/awt/Dimension toString ()Ljava/lang/String; 15 <adapter> ; # java/lang/invoke/LambdaForm$MH+0x00000008005cb800
# instanceKlass java/lang/invoke/LambdaForm$DMH+0x00000008005cb400
instanceKlass  @bci java/awt/Dimension toString ()Ljava/lang/String; 15 <appendix> form vmentry <vmtarget> ; # java/lang/invoke/LambdaForm$MH+0x00000008005cb000
instanceKlass  @bci java/awt/Dimension toString ()Ljava/lang/String; 15 <appendix> form names 7 function resolvedHandle form vmentry <vmtarget> ; # java/lang/invoke/LambdaForm$DMH+0x00000008005ca800
instanceKlass  @bci java/awt/Dimension toString ()Ljava/lang/String; 15 <appendix> argL3 form vmentry <vmtarget> ; # java/lang/invoke/LambdaForm$MH+0x00000008005ca400
instanceKlass  @bci java/awt/Dimension toString ()Ljava/lang/String; 15 <appendix> form names 11 function resolvedHandle form vmentry <vmtarget> ; # java/lang/invoke/LambdaForm$DMH+0x00000008005c9000
instanceKlass  @bci java/awt/Dimension toString ()Ljava/lang/String; 15 <appendix> argL1 form vmentry <vmtarget> ; # java/lang/invoke/LambdaForm$MH+0x00000008005c8c00
instanceKlass javax/swing/text/Utilities
instanceKlass javax/swing/text/Segment
instanceKlass java/text/CharacterIterator
instanceKlass javax/swing/text/SegmentCache
instanceKlass javax/swing/SizeRequirements
instanceKlass com/st/microxplorer/plugins/lpbam/LPBAMFunctionSettings$3
instanceKlass com/st/microxplorer/plugins/lpbam/LPBAMFunctionSettings$2
instanceKlass com/st/microxplorer/plugins/lpbam/LPBAMFunctionSettings$1
instanceKlass com/st/microxplorer/plugins/lpbam/LPBAMConfigurationSettings$TaskPanePropertyChangeListener
instanceKlass org/jdesktop/swingx/JXTaskPane$1
instanceKlass org/jdesktop/swingx/plaf/basic/BasicTaskPaneUI$ChangeListener
instanceKlass org/jdesktop/swingx/plaf/basic/BasicTaskPaneUI$ContentPaneBorder
instanceKlass org/jdesktop/swingx/icon/EmptyIcon
instanceKlass org/jdesktop/swingx/plaf/basic/BasicTaskPaneUI$PaneBorder
instanceKlass org/jdesktop/swingx/plaf/basic/BasicTaskPaneUI$RepaintOnFocus
instanceKlass  @bci javax/swing/TimerQueue startIfNeeded ()V 33 <appendix> member <vmtarget> ; # javax/swing/TimerQueue$$Lambda+0x00000008004da3d0
instanceKlass javax/swing/TimerQueue
instanceKlass org/jdesktop/swingx/JXCollapsiblePane$AnimationListener
instanceKlass org/jdesktop/swingx/JXCollapsiblePane$AnimationParams
instanceKlass com/st/microxplorer/plugins/lpbam/LPBAMConfigurationSettings$4
instanceKlass com/st/microxplorer/plugins/lpbam/LPBAMConfigurationSettings$3
instanceKlass com/st/microxplorer/plugins/lpbam/LPBAMConfigurationSettings$2
instanceKlass javax/swing/JTree$TreeSelectionRedirector
instanceKlass javax/swing/DefaultCellEditor$EditorDelegate
instanceKlass javax/swing/tree/DefaultTreeCellEditor
instanceKlass javax/swing/JTree$TreeModelHandler
instanceKlass javax/swing/tree/AbstractLayoutCache$NodeDimensions
instanceKlass javax/swing/tree/AbstractLayoutCache
instanceKlass javax/swing/tree/RowMapper
instanceKlass  @bci sun/swing/SwingUtilities2 lambda$makeIcon$1 (ZLjava/lang/Class;Ljava/lang/Class;Ljava/lang/String;Ljavax/swing/UIDefaults;)Ljava/lang/Object; 7 <appendix> member <vmtarget> ; # sun/swing/SwingUtilities2$$Lambda+0x00000008004d4718
instanceKlass javax/swing/plaf/basic/BasicTreeUI$Handler
instanceKlass javax/swing/event/TreeModelListener
instanceKlass javax/swing/event/TreeExpansionListener
instanceKlass javax/swing/plaf/metal/MetalTreeUI$LineListener
instanceKlass javax/swing/tree/TreePath
instanceKlass javax/swing/tree/DefaultTreeSelectionModel
instanceKlass javax/swing/tree/TreeSelectionModel
instanceKlass com/st/microxplorer/plugins/lpbam/LPBAMConfigurationSettings$5
instanceKlass javax/swing/tree/DefaultTreeModel
instanceKlass javax/swing/tree/TreeCellRenderer
instanceKlass javax/swing/event/TreeSelectionListener
instanceKlass javax/swing/tree/TreeModel
instanceKlass javax/swing/tree/DefaultMutableTreeNode
instanceKlass javax/swing/tree/MutableTreeNode
instanceKlass java/awt/event/ContainerAdapter
instanceKlass org/jdesktop/swingx/VerticalLayout
instanceKlass org/jdesktop/swingx/painter/effects/AreaEffect
instanceKlass java/awt/image/BufferedImageOp
instanceKlass java/beans/VetoableChangeSupport
instanceKlass java/awt/GradientPaint
instanceKlass org/jdesktop/beans/AbstractBean
instanceKlass org/jdesktop/swingx/plaf/PainterUIResource
instanceKlass javax/swing/plaf/BorderUIResource
instanceKlass  @bci java/awt/Color toString ()Ljava/lang/String; 19 <adapter> ; # java/lang/invoke/LambdaForm$MH+0x00000008005b6c00
# instanceKlass java/lang/invoke/LambdaForm$DMH+0x00000008005b6800
instanceKlass  @bci java/awt/Color toString ()Ljava/lang/String; 19 <appendix> form vmentry <vmtarget> ; # java/lang/invoke/LambdaForm$MH+0x00000008005b6400
instanceKlass  @bci java/awt/Color toString ()Ljava/lang/String; 19 <appendix> form names 8 function resolvedHandle form vmentry <vmtarget> ; # java/lang/invoke/LambdaForm$DMH+0x00000008005b5c00
instanceKlass  @bci java/awt/Color toString ()Ljava/lang/String; 19 <appendix> argL3 form vmentry <vmtarget> ; # java/lang/invoke/LambdaForm$MH+0x00000008005b5800
instanceKlass  @bci java/awt/Component paramString ()Ljava/lang/String; 84 <appendix> argL4 form vmentry <vmtarget> ; # java/lang/invoke/LambdaForm$MH+0x00000008005b5400
instanceKlass  @bci java/awt/Color toString ()Ljava/lang/String; 19 <appendix> argL3 form names 7 function resolvedHandle form vmentry <vmtarget> ; # java/lang/invoke/LambdaForm$DMH+0x00000008005b5000
instanceKlass  @bci java/awt/Color toString ()Ljava/lang/String; 19 <appendix> form names 12 function resolvedHandle form vmentry <vmtarget> ; # java/lang/invoke/LambdaForm$DMH+0x00000008005b4000
instanceKlass  @bci java/awt/Color toString ()Ljava/lang/String; 19 <appendix> argL1 form vmentry <vmtarget> ; # java/lang/invoke/LambdaForm$MH+0x00000008005a9c00
instanceKlass org/jdesktop/swingx/util/Contract
instanceKlass org/jdesktop/swingx/plaf/DefaultsList
instanceKlass org/jdesktop/swingx/plaf/LookAndFeelAddons$UpdateAddon
instanceKlass org/jdesktop/swingx/plaf/UIManagerExt$UIDefaultsExt
instanceKlass org/jdesktop/swingx/plaf/UIManagerExt
instanceKlass org/jdesktop/swingx/util/OS
instanceKlass org/jdesktop/swingx/plaf/LookAndFeelAddons
instanceKlass org/jdesktop/swingx/painter/Painter
instanceKlass org/jdesktop/swingx/plaf/AbstractComponentAddon
instanceKlass org/jdesktop/swingx/plaf/ComponentAddon
instanceKlass org/jdesktop/swingx/JXCollapsiblePane$CollapsiblePaneContainer
instanceKlass com/st/microxplorer/plugins/lpbam/QueueSettingsPanel$4
instanceKlass com/st/microxplorer/plugins/lpbam/QueueSettingsPanel$3
instanceKlass com/st/microxplorer/plugins/lpbam/QueueSettingsPanel$2
instanceKlass javax/swing/JTextField$ScrollRepainter
instanceKlass javax/swing/text/PlainView$1
instanceKlass javax/swing/text/PlainView$FPMethodItem
instanceKlass com/st/microxplorer/plugins/lpbam/QueueSettingsPanel$1
instanceKlass com/st/microxplorer/mcu/RefParameter
instanceKlass com/st/microxplorer/plugin/PluginManage$4
instanceKlass  @bci com/st/microxplorer/plugins/userauth/UserAuth initCommands ()V 42 <appendix> member <vmtarget> ; # com/st/microxplorer/plugins/userauth/UserAuth$$Lambda+0x00000008005a8ac0
instanceKlass  @bci com/st/microxplorer/plugins/userauth/UserAuth initCommands ()V 26 <appendix> member <vmtarget> ; # com/st/microxplorer/plugins/userauth/UserAuth$$Lambda+0x00000008005a88a0
instanceKlass com/st/microxplorer/plugins/userauth/UserAuth$3
instanceKlass com/st/microxplorer/plugins/userauth/UserauthConstants
instanceKlass com/st/microxplorer/plugins/updater/Updater$6
instanceKlass com/st/microxplorer/plugins/updater/util/UpdaterResources
instanceKlass  @bci com/st/microxplorer/plugins/updater/Updater initMenuToolBar ()V 357 <appendix> member <vmtarget> ; # com/st/microxplorer/plugins/updater/Updater$$Lambda+0x00000008005a7d10
instanceKlass com/st/microxplorer/plugins/updater/Updater$5
instanceKlass com/st/microxplorer/plugins/updater/Updater$4
instanceKlass com/st/microxplorer/plugins/updater/Updater$3
instanceKlass com/st/microxplorer/plugins/updater/Updater$2
instanceKlass com/st/microxplorer/plugins/updater/Updater$1
instanceKlass com/st/microxplorer/plugin/IPluginUserPreferencesChange
instanceKlass com/st/microxplorer/plugins/updater/xml/UpdtXmlConstants
instanceKlass com/st/microxplorer/plugins/updater/engine/EngineConstants
instanceKlass com/fasterxml/jackson/core/util/InternalJacksonUtil
# instanceKlass java/lang/invoke/LambdaForm$DMH+0x00000008005a4c00
# instanceKlass java/lang/invoke/LambdaForm$MH+0x00000008005a4800
# instanceKlass java/lang/invoke/LambdaForm$DMH+0x00000008005a4400
instanceKlass com/fasterxml/jackson/core/io/NumberInput
instanceKlass com/st/microxplorer/plugins/tutovideos/model/ExtraServerVideo
instanceKlass com/fasterxml/jackson/databind/annotation/JacksonStdImpl
instanceKlass com/fasterxml/jackson/databind/deser/ContextualKeyDeserializer
instanceKlass com/fasterxml/jackson/databind/util/LinkedNode
instanceKlass com/fasterxml/jackson/databind/deser/std/NumberDeserializers
instanceKlass com/fasterxml/jackson/databind/deser/BasicDeserializerFactory$ContainerDefaultMappings
instanceKlass com/fasterxml/jackson/databind/deser/impl/ReadableObjectId$Referring
instanceKlass com/fasterxml/jackson/databind/deser/impl/BeanPropertyMap
instanceKlass com/fasterxml/jackson/annotation/JsonAlias
instanceKlass com/fasterxml/jackson/databind/introspect/POJOPropertyBuilder$1
instanceKlass com/fasterxml/jackson/databind/introspect/POJOPropertyBuilder$4
instanceKlass com/fasterxml/jackson/databind/introspect/POJOPropertyBuilder$2
instanceKlass com/fasterxml/jackson/databind/deser/impl/NullsConstantProvider
instanceKlass com/fasterxml/jackson/databind/annotation/JsonTypeResolver
instanceKlass com/fasterxml/jackson/annotation/JsonIgnoreType
instanceKlass com/fasterxml/jackson/databind/util/IgnorePropertiesUtil
instanceKlass com/fasterxml/jackson/annotation/JsonIncludeProperties$Value
instanceKlass com/fasterxml/jackson/annotation/JsonIncludeProperties
instanceKlass com/fasterxml/jackson/annotation/JsonIgnoreProperties$Value
instanceKlass com/fasterxml/jackson/annotation/JsonIgnoreProperties
instanceKlass com/fasterxml/jackson/databind/deser/BeanDeserializerBuilder
instanceKlass com/fasterxml/jackson/databind/deser/impl/CreatorCollector
instanceKlass com/fasterxml/jackson/databind/type/TypeBindings$AsKey
instanceKlass com/fasterxml/jackson/databind/type/TypeBindings$TypeParamStash
instanceKlass com/st/microxplorer/plugins/tutovideos/model/TutoVideo
instanceKlass com/st/microxplorer/plugins/tutovideos/model/TutoVideoGetters
instanceKlass com/fasterxml/jackson/databind/PropertyMetadata
instanceKlass com/fasterxml/jackson/annotation/JsonPropertyDescription
instanceKlass com/fasterxml/jackson/annotation/JsonPropertyOrder
instanceKlass com/fasterxml/jackson/databind/annotation/JsonNaming
instanceKlass com/fasterxml/jackson/annotation/JacksonInject
instanceKlass com/fasterxml/jackson/databind/introspect/POJOPropertyBuilder$6
instanceKlass com/fasterxml/jackson/databind/introspect/POJOPropertyBuilder$5
instanceKlass com/fasterxml/jackson/databind/cfg/ConstructorDetector
instanceKlass com/fasterxml/jackson/annotation/JsonGetter
instanceKlass com/fasterxml/jackson/databind/introspect/AnnotatedMethodMap
instanceKlass com/fasterxml/jackson/annotation/JacksonAnnotationsInside
instanceKlass com/fasterxml/jackson/annotation/JacksonAnnotation
instanceKlass com/fasterxml/jackson/databind/introspect/AnnotatedMethodCollector$MethodBuilder
instanceKlass com/fasterxml/jackson/databind/introspect/MemberKey
instanceKlass com/fasterxml/jackson/databind/introspect/POJOPropertyBuilder$Linked
instanceKlass com/fasterxml/jackson/databind/AnnotationIntrospector$ReferenceProperty
instanceKlass com/fasterxml/jackson/databind/introspect/POJOPropertyBuilder$WithMember
instanceKlass com/fasterxml/jackson/annotation/JsonIgnore
instanceKlass com/fasterxml/jackson/annotation/JsonAutoDetect$1
instanceKlass com/fasterxml/jackson/annotation/JsonProperty
instanceKlass com/fasterxml/jackson/annotation/JsonSetter
instanceKlass com/fasterxml/jackson/annotation/JsonAnySetter
instanceKlass com/fasterxml/jackson/annotation/JsonAnyGetter
instanceKlass com/fasterxml/jackson/annotation/JsonValue
instanceKlass com/fasterxml/jackson/annotation/JsonKey
instanceKlass com/fasterxml/jackson/databind/introspect/AnnotatedFieldCollector$FieldBuilder
instanceKlass com/st/microxplorer/plugins/tutovideos/model/VideoServerDB
instanceKlass com/fasterxml/jackson/databind/introspect/TypeResolutionContext$Basic
instanceKlass com/fasterxml/jackson/databind/introspect/AnnotationMap
instanceKlass com/fasterxml/jackson/databind/introspect/CollectorBase
instanceKlass com/fasterxml/jackson/databind/introspect/PotentialCreators
instanceKlass com/fasterxml/jackson/core/JsonLocation
instanceKlass com/fasterxml/jackson/databind/deser/ValueInstantiator
instanceKlass com/fasterxml/jackson/databind/deser/impl/JDKValueInstantiators
instanceKlass com/fasterxml/jackson/databind/annotation/JsonValueInstantiator
instanceKlass com/fasterxml/jackson/databind/util/BeanUtil
instanceKlass com/fasterxml/jackson/databind/jsontype/impl/SubTypeValidator
instanceKlass java/net/SocketAddress
instanceKlass com/fasterxml/jackson/databind/deser/std/JdkDeserializers
instanceKlass com/fasterxml/jackson/databind/ext/Java7Handlers
instanceKlass com/fasterxml/jackson/databind/ext/OptionalHandlerFactory
instanceKlass com/fasterxml/jackson/databind/util/ArrayIterator
instanceKlass com/fasterxml/jackson/annotation/JsonIdentityInfo
instanceKlass com/fasterxml/jackson/annotation/JsonAutoDetect
instanceKlass com/fasterxml/jackson/databind/introspect/POJOPropertiesCollector
instanceKlass com/fasterxml/jackson/databind/util/internal/PrivateMaxEntriesMap$AddTask
instanceKlass com/fasterxml/jackson/databind/util/internal/PrivateMaxEntriesMap$WeightedValue
instanceKlass com/fasterxml/jackson/databind/type/ClassStack
instanceKlass com/fasterxml/jackson/core/util/JacksonFeatureSet
instanceKlass com/fasterxml/jackson/core/JsonStreamContext
instanceKlass com/fasterxml/jackson/core/json/ByteSourceJsonBootstrapper
instanceKlass com/fasterxml/jackson/core/util/TextBuffer
instanceKlass com/fasterxml/jackson/core/io/IOContext
instanceKlass com/fasterxml/jackson/core/util/BufferRecycler
instanceKlass com/fasterxml/jackson/core/util/BufferRecyclers
instanceKlass com/fasterxml/jackson/core/io/ContentReference
instanceKlass com/st/microxplorer/plugins/tutovideos/model/TutoVideoDB
instanceKlass com/fasterxml/jackson/databind/ser/BeanSerializerModifier
instanceKlass com/fasterxml/jackson/databind/ser/Serializers
instanceKlass com/fasterxml/jackson/databind/cfg/SerializerFactoryConfig
instanceKlass com/fasterxml/jackson/databind/ser/std/StdJdkSerializers
instanceKlass com/fasterxml/jackson/databind/ser/std/NumberSerializers
instanceKlass com/fasterxml/jackson/databind/deser/DeserializerCache
instanceKlass com/fasterxml/jackson/databind/KeyDeserializer
instanceKlass com/fasterxml/jackson/databind/deser/std/StdKeyDeserializers
instanceKlass com/fasterxml/jackson/databind/deser/KeyDeserializers
instanceKlass com/fasterxml/jackson/databind/deser/ValueInstantiators
instanceKlass com/fasterxml/jackson/databind/AbstractTypeResolver
instanceKlass com/fasterxml/jackson/databind/deser/BeanDeserializerModifier
instanceKlass com/fasterxml/jackson/databind/cfg/DeserializerFactoryConfig
instanceKlass com/fasterxml/jackson/databind/PropertyName
instanceKlass com/fasterxml/jackson/databind/deser/Deserializers
instanceKlass com/fasterxml/jackson/annotation/ObjectIdGenerator
instanceKlass com/fasterxml/jackson/databind/deser/ResolvableDeserializer
instanceKlass com/fasterxml/jackson/databind/deser/ValueInstantiator$Gettable
instanceKlass com/fasterxml/jackson/databind/deser/ContextualDeserializer
instanceKlass com/fasterxml/jackson/databind/JsonDeserializer
instanceKlass com/fasterxml/jackson/databind/deser/NullValueProvider
instanceKlass com/fasterxml/jackson/databind/ser/SerializerCache
instanceKlass com/fasterxml/jackson/databind/ser/ResolvableSerializer
instanceKlass com/fasterxml/jackson/databind/jsonschema/SchemaAware
instanceKlass com/fasterxml/jackson/databind/ser/ContextualSerializer
instanceKlass com/fasterxml/jackson/databind/JsonSerializer
instanceKlass com/fasterxml/jackson/databind/jsonFormatVisitors/JsonFormatVisitable
instanceKlass com/fasterxml/jackson/databind/node/JsonNodeFactory
instanceKlass com/fasterxml/jackson/databind/node/JsonNodeCreator
instanceKlass com/fasterxml/jackson/databind/cfg/ContextAttributes
instanceKlass com/fasterxml/jackson/databind/cfg/DatatypeFeature
instanceKlass com/fasterxml/jackson/databind/cfg/DatatypeFeatures$DefaultHolder
instanceKlass com/fasterxml/jackson/databind/cfg/DatatypeFeatures
instanceKlass com/fasterxml/jackson/core/util/DefaultPrettyPrinter$NopIndenter
instanceKlass com/fasterxml/jackson/core/util/Separators
instanceKlass com/fasterxml/jackson/core/util/DefaultPrettyPrinter$Indenter
instanceKlass com/fasterxml/jackson/core/util/DefaultPrettyPrinter
instanceKlass com/fasterxml/jackson/core/util/Instantiatable
instanceKlass com/fasterxml/jackson/databind/cfg/ConfigFeature
instanceKlass com/fasterxml/jackson/databind/cfg/ConfigOverride
instanceKlass com/fasterxml/jackson/annotation/JsonFormat$Features
instanceKlass com/fasterxml/jackson/annotation/JsonFormat$Value
instanceKlass com/fasterxml/jackson/core/PrettyPrinter
instanceKlass com/fasterxml/jackson/databind/cfg/CoercionConfig
instanceKlass com/fasterxml/jackson/databind/cfg/CoercionConfigs
instanceKlass com/fasterxml/jackson/databind/introspect/VisibilityChecker$Std
instanceKlass com/fasterxml/jackson/annotation/JsonSetter$Value
instanceKlass com/fasterxml/jackson/annotation/JsonInclude$Value
instanceKlass com/fasterxml/jackson/annotation/JacksonAnnotationValue
instanceKlass com/fasterxml/jackson/databind/cfg/ConfigOverrides
instanceKlass com/fasterxml/jackson/databind/introspect/AnnotatedClass$Creators
instanceKlass com/fasterxml/jackson/databind/introspect/AnnotationCollector$NoAnnotations
instanceKlass com/fasterxml/jackson/databind/util/Annotations
instanceKlass com/fasterxml/jackson/databind/introspect/AnnotationCollector
instanceKlass com/fasterxml/jackson/databind/introspect/AnnotatedClassResolver
instanceKlass com/fasterxml/jackson/databind/cfg/MapperConfig
instanceKlass com/fasterxml/jackson/databind/BeanDescription
instanceKlass com/fasterxml/jackson/databind/introspect/SimpleMixInResolver
instanceKlass com/fasterxml/jackson/databind/introspect/ClassIntrospector$MixInResolver
instanceKlass com/fasterxml/jackson/databind/util/RootNameLookup
instanceKlass com/fasterxml/jackson/core/sym/CharsToNameCanonicalizer$Bucket
instanceKlass com/fasterxml/jackson/core/sym/CharsToNameCanonicalizer$TableInfo
instanceKlass com/fasterxml/jackson/core/sym/CharsToNameCanonicalizer
instanceKlass com/fasterxml/jackson/core/ErrorReportConfiguration
instanceKlass com/fasterxml/jackson/core/StreamWriteConstraints
instanceKlass com/fasterxml/jackson/core/StreamReadConstraints
instanceKlass com/fasterxml/jackson/core/util/RecyclerPool$WithPool
instanceKlass com/fasterxml/jackson/core/util/RecyclerPool$ThreadLocalPoolBase
instanceKlass com/fasterxml/jackson/core/util/RecyclerPool
instanceKlass com/fasterxml/jackson/core/util/JsonRecyclerPools
instanceKlass com/fasterxml/jackson/core/sym/ByteQuadsCanonicalizer$TableInfo
instanceKlass com/fasterxml/jackson/core/sym/ByteQuadsCanonicalizer
instanceKlass com/fasterxml/jackson/core/io/CharTypes
instanceKlass com/fasterxml/jackson/core/io/JsonStringEncoder
instanceKlass com/fasterxml/jackson/core/io/SerializedString
instanceKlass com/fasterxml/jackson/core/util/JacksonFeature
instanceKlass com/fasterxml/jackson/core/async/ByteBufferFeeder
instanceKlass com/fasterxml/jackson/core/TSFBuilder
instanceKlass com/fasterxml/jackson/core/SerializableString
instanceKlass com/fasterxml/jackson/core/async/ByteArrayFeeder
instanceKlass com/fasterxml/jackson/core/async/NonBlockingInputFeeder
instanceKlass com/fasterxml/jackson/databind/cfg/DefaultCacheProvider
instanceKlass com/fasterxml/jackson/databind/cfg/CacheProvider
instanceKlass com/fasterxml/jackson/databind/introspect/AccessorNamingStrategy
instanceKlass com/fasterxml/jackson/core/Base64Variant
instanceKlass com/fasterxml/jackson/core/Base64Variants
instanceKlass com/fasterxml/jackson/databind/type/TypeBindings
instanceKlass com/fasterxml/jackson/databind/type/TypeParser
instanceKlass com/fasterxml/jackson/databind/type/TypeFactory
instanceKlass com/fasterxml/jackson/databind/cfg/BaseSettings
instanceKlass java/util/concurrent/atomic/AtomicReferenceArray
instanceKlass java/util/concurrent/atomic/AtomicLongArray
instanceKlass com/fasterxml/jackson/databind/util/internal/Linked
instanceKlass com/fasterxml/jackson/databind/util/internal/PrivateMaxEntriesMap$Builder
instanceKlass com/fasterxml/jackson/databind/util/LRUMap
instanceKlass com/fasterxml/jackson/databind/util/LookupCache
instanceKlass java/beans/ConstructorProperties
instanceKlass java/beans/Transient
instanceKlass com/fasterxml/jackson/databind/util/ClassUtil$Ctor
instanceKlass com/fasterxml/jackson/databind/util/ClassUtil
instanceKlass com/fasterxml/jackson/databind/ext/Java7Support
instanceKlass com/fasterxml/jackson/annotation/JsonMerge
instanceKlass com/fasterxml/jackson/databind/annotation/JsonDeserialize
instanceKlass com/fasterxml/jackson/annotation/JsonManagedReference
instanceKlass com/fasterxml/jackson/annotation/JsonBackReference
instanceKlass com/fasterxml/jackson/annotation/JsonUnwrapped
instanceKlass com/fasterxml/jackson/annotation/JsonRawValue
instanceKlass com/fasterxml/jackson/annotation/JsonTypeInfo
instanceKlass com/fasterxml/jackson/annotation/JsonFormat
instanceKlass com/fasterxml/jackson/annotation/JsonView
instanceKlass com/fasterxml/jackson/databind/annotation/JsonSerialize
instanceKlass com/fasterxml/jackson/databind/introspect/ConcreteBeanPropertyBase
instanceKlass com/fasterxml/jackson/databind/BeanProperty
instanceKlass com/fasterxml/jackson/databind/introspect/BeanPropertyDefinition
instanceKlass com/fasterxml/jackson/databind/util/Named
instanceKlass com/fasterxml/jackson/databind/introspect/TypeResolutionContext
instanceKlass com/fasterxml/jackson/databind/introspect/Annotated
instanceKlass com/fasterxml/jackson/databind/jsontype/PolymorphicTypeValidator
instanceKlass com/fasterxml/jackson/databind/introspect/AccessorNamingStrategy$Provider
instanceKlass com/fasterxml/jackson/databind/AnnotationIntrospector
instanceKlass com/fasterxml/jackson/databind/ser/SerializerFactory
instanceKlass com/fasterxml/jackson/databind/deser/DeserializerFactory
instanceKlass com/fasterxml/jackson/databind/jsontype/SubtypeResolver
instanceKlass com/fasterxml/jackson/core/TokenStreamFactory
instanceKlass com/fasterxml/jackson/core/type/ResolvedType
instanceKlass com/fasterxml/jackson/core/util/BufferRecycler$Gettable
instanceKlass com/fasterxml/jackson/databind/Module$SetupContext
instanceKlass com/fasterxml/jackson/databind/introspect/VisibilityChecker
instanceKlass com/fasterxml/jackson/databind/introspect/ClassIntrospector
instanceKlass com/fasterxml/jackson/core/JsonGenerator
instanceKlass com/fasterxml/jackson/databind/DatabindContext
instanceKlass com/fasterxml/jackson/databind/jsontype/TypeResolverBuilder
instanceKlass com/st/microxplorer/plugins/tutovideos/TutoVideosMain
instanceKlass com/st/microxplorer/plugins/tutovideos/TutoVideosPlugin$1
instanceKlass com/st/microxplorer/ctxdoc/viewers/CtxTutoBrowser
instanceKlass com/st/microxplorer/plugins/thirdparty/db/solver/Toolchain
instanceKlass com/st/microxplorer/plugins/thirdparty/engine/DatabaseStatusFileBackup
instanceKlass com/st/microxplorer/plugins/thirdparty/ThirdParty$1
instanceKlass com/st/microxplorer/plugins/thirdparty/engine/DatabaseStatusBackup
instanceKlass com/st/microxplorer/plugins/thirdparty/db/solver/getter/device/DeviceNameGetter
instanceKlass com/st/microxplorer/plugins/thirdparty/db/solver/getter/component/ComponentVariantGetter
instanceKlass com/st/microxplorer/plugins/thirdparty/db/solver/getter/component/ComponentGroupGetter
instanceKlass com/st/microxplorer/plugins/thirdparty/db/solver/getter/component/ComponentClassGetter
instanceKlass com/st/microxplorer/plugins/thirdparty/db/solver/getter/component/ComponentAttributeGetter$1
instanceKlass com/st/microxplorer/plugins/thirdparty/db/solver/getter/component/ComponentAttributeGetter
instanceKlass com/st/microxplorer/plugins/thirdparty/xml/XmlComponent
instanceKlass com/st/microxplorer/plugins/thirdparty/xml/Components
instanceKlass com/st/ipmodeconfigmanager/xml/FilterDevice
instanceKlass com/st/ipmodeconfigmanager/xml/MxPackages
instanceKlass com/st/ipmodeconfigmanager/xml/FilterComponent
instanceKlass com/st/ipmodeconfigmanager/engine/ConditionMgr$ConditionEntry
instanceKlass com/st/components/util/VersionDescriptor
instanceKlass com/st/microxplorer/plugins/thirdparty/xml/PackRequirement
instanceKlass com/st/microxplorer/plugins/thirdparty/db/solver/getter/device/DeviceFamilyGetter
instanceKlass com/st/microxplorer/plugins/thirdparty/db/solver/getter/device/DeviceAttributeGetter$1
instanceKlass com/st/microxplorer/plugins/thirdparty/db/solver/getter/device/DeviceAttributeGetter
instanceKlass com/st/microxplorer/plugins/thirdparty/db/solver/matcher/StrictMatcher
instanceKlass com/st/microxplorer/plugins/thirdparty/db/solver/matcher/WildcardMatcher
instanceKlass com/st/microxplorer/plugins/thirdparty/db/solver/matcher/ValueMatcherBuilder$1
instanceKlass com/st/microxplorer/plugins/thirdparty/db/solver/matcher/ValueMatcher
instanceKlass com/st/microxplorer/plugins/thirdparty/db/solver/matcher/ValueMatcherBuilder
instanceKlass com/st/microxplorer/plugins/thirdparty/db/solver/matcher/GenericMatcher
instanceKlass com/st/microxplorer/plugins/thirdparty/db/solver/condition/EvaluatedConditionItem
instanceKlass com/st/microxplorer/plugins/thirdparty/db/solver/condition/EvaluatedConditionItemBuilder
instanceKlass com/st/microxplorer/plugins/thirdparty/db/solver/checker/TestChecker
instanceKlass com/st/microxplorer/plugins/thirdparty/db/solver/condition/RealEvaluatedCondition
instanceKlass com/st/microxplorer/plugins/thirdparty/db/solver/condition/EvaluatedCondition
instanceKlass com/st/microxplorer/plugins/thirdparty/db/solver/ConditionSolver
instanceKlass com/st/microxplorer/plugins/thirdparty/xml/PackRestriction
instanceKlass com/st/microxplorer/plugins/thirdparty/db/solver/DummyConditionSolver
instanceKlass com/st/microxplorer/plugins/thirdparty/xml/XmlIntegratedPack$AdditionalChecker
instanceKlass com/st/microxplorer/plugins/thirdparty/db/solver/ConditionSolverInterface
instanceKlass com/st/ipmodeconfigmanager/engine/TaxonomyMgr
instanceKlass com/st/ipmodeconfigmanager/engine/ConditionMgr
instanceKlass com/st/components/pdscmanager/xml/components/Bundle
instanceKlass com/st/components/pdscmanager/xml/common/LibraryFile
instanceKlass com/st/components/pdscmanager/xml/utils/PdscXmlUtils
instanceKlass com/st/components/pdscmanager/xml/components/Component
instanceKlass com/st/components/pdscmanager/xml/conditions/Test
instanceKlass com/st/components/pdscmanager/xml/conditions/Condition
instanceKlass com/vdurmont/semver4j/Semver
instanceKlass com/st/components/pdscmanager/xml/requirements/VersionRange
instanceKlass com/st/components/pdscmanager/xml/requirements/Package
instanceKlass com/st/components/pdscmanager/xml/common/Release
instanceKlass org/apache/xerces/dom/DeepNodeListImpl
instanceKlass com/st/components/pdscmanager/xml/XmlFileManage
instanceKlass com/st/components/pdscmanager/xml/requirements/Requirements
instanceKlass com/st/components/pdscmanager/xml/PdscPackages
instanceKlass com/st/components/pdscmanager/xml/PdscXmlConstants
instanceKlass com/st/microxplorer/plugins/thirdparty/engine/PackLoader
instanceKlass  @bci com/st/microxplorer/plugins/thirdparty/ThirdPartyApiDb getIntegratedPacksFromMcuDb ()Ljava/util/List; 57 <appendix> argL0 ; # com/st/microxplorer/plugins/thirdparty/ThirdPartyApiDb$$Lambda+0x000000080051c250
instanceKlass com/st/microxplorer/plugins/thirdparty/xml/ThirdPartyDb
instanceKlass com/st/microxplorer/plugins/thirdparty/ThirdPartyApiDb
instanceKlass com/st/microxplorer/plugins/thirdparty/engine/Engine
instanceKlass java/util/HashMap$UnsafeHolder
instanceKlass java/io/SerialCallbackContext
instanceKlass java/io/ObjectStreamClass$ClassDataSlot
instanceKlass  @bci jdk/internal/reflect/MethodHandleLongFieldAccessorImpl getLong (Ljava/lang/Object;)J 11 <adapter> ; # java/lang/invoke/LambdaForm$MH+0x000000080051a800
# instanceKlass java/lang/invoke/LambdaForm$DMH+0x000000080051a400
instanceKlass java/io/ObjectStreamClass$5
instanceKlass java/io/ObjectStreamClass$4
instanceKlass java/io/ObjectStreamClass$3
instanceKlass java/io/ObjectStreamClass$MemberSignature
instanceKlass java/io/ObjectStreamClass$1
instanceKlass java/io/ObjectStreamClass$FieldReflector
instanceKlass java/io/ObjectStreamClass$FieldReflectorKey
instanceKlass jdk/internal/reflect/ClassDefiner$1
instanceKlass jdk/internal/reflect/ClassDefiner
instanceKlass jdk/internal/reflect/MethodAccessorGenerator$1
instanceKlass jdk/internal/reflect/Label$PatchInfo
instanceKlass jdk/internal/reflect/Label
instanceKlass jdk/internal/reflect/UTF8
instanceKlass jdk/internal/reflect/ClassFileAssembler
instanceKlass jdk/internal/reflect/ByteVectorImpl
instanceKlass jdk/internal/reflect/ByteVector
instanceKlass jdk/internal/reflect/ByteVectorFactory
instanceKlass jdk/internal/reflect/AccessorGenerator
instanceKlass jdk/internal/reflect/ClassFileConstants
instanceKlass java/io/ObjectStreamClass$2
instanceKlass java/io/ClassCache
instanceKlass java/io/ObjectStreamClass$Caches
instanceKlass java/io/ObjectStreamClass
instanceKlass  @bci java/io/ObjectInputFilter$Config <clinit> ()V 368 <appendix> argL0 ; # java/io/ObjectInputFilter$Config$$Lambda+0x00000008004c33d0
instanceKlass jdk/internal/access/JavaObjectInputFilterAccess
instanceKlass java/io/ObjectInputFilter$Config$BuiltinFilterFactory
instanceKlass  @bci java/io/ObjectInputFilter$Config <clinit> ()V 80 <appendix> argL0 ; # java/io/ObjectInputFilter$Config$$Lambda+0x00000008004c2d80
instanceKlass  @bci java/io/ObjectInputFilter$Config <clinit> ()V 56 <appendix> argL0 ; # java/io/ObjectInputFilter$Config$$Lambda+0x00000008004c2b68
instanceKlass java/io/ObjectInputFilter$Config
instanceKlass java/io/ObjectInputStream$ValidationList
instanceKlass java/io/ObjectInputStream$HandleTable$HandleList
instanceKlass java/io/ObjectInputStream$HandleTable
instanceKlass  @bci java/io/ObjectInputStream <clinit> ()V 100 <appendix> argL0 ; # java/io/ObjectInputStream$$Lambda+0x00000008004c1828
instanceKlass jdk/internal/access/JavaObjectInputStreamReadString
instanceKlass  @bci java/io/ObjectInputStream <clinit> ()V 92 <appendix> argL0 ; # java/io/ObjectInputStream$$Lambda+0x00000008004c1418
instanceKlass jdk/internal/access/JavaObjectInputStreamAccess
instanceKlass com/st/microxplorer/plugins/thirdparty/preferences/Preferences
instanceKlass com/st/microxplorer/plugins/thirdparty/model/EmptyThirdPartyModelManager
instanceKlass com/st/microxplorer/plugins/thirdparty/model/ThirdPartyModelManager
instanceKlass com/st/microxplorer/plugins/thirdparty/system/AbstractThirdPartySystem
instanceKlass com/st/microxplorer/plugins/thirdparty/AbstractThirdPartyCodeGen
instanceKlass com/st/microxplorer/plugins/thirdparty/AbstractThirdPartyUpdaterManager
instanceKlass com/st/microxplorer/plugins/thirdparty/ThirdPartyMcuManagerInterface
instanceKlass com/st/microxplorer/plugins/thirdparty/ThirdPartyIpManagerInterface
instanceKlass com/st/microxplorer/plugins/thirdparty/ThirdPartyPackRequestProcessorInterface
instanceKlass com/st/microxplorer/plugins/thirdparty/ThirdPartyDownloadManagerInterface
instanceKlass com/st/microxplorer/plugins/thirdparty/xml/XmlPack
instanceKlass com/st/microxplorer/plugins/thirdparty/engine/IntegrityCheckThread$IntegrityCheckStatusCallback
instanceKlass com/st/microxplorer/plugins/thirdparty/gui/view/Observer
instanceKlass com/st/microxplorer/plugins/projectmanager/ProjectManagerView$2
instanceKlass com/st/microxplorer/plugins/projectmanager/engine/MainProjectManager$21
instanceKlass com/st/microxplorer/plugins/projectmanager/engine/MainProjectManager$20
instanceKlass com/st/microxplorer/plugins/projectmanager/engine/MainProjectManager$19
instanceKlass com/st/microxplorer/plugins/projectmanager/engine/MainProjectManager$18
instanceKlass com/st/microxplorer/plugins/projectmanager/engine/MainProjectManager$17
instanceKlass com/st/microxplorer/plugins/projectmanager/engine/MainProjectManager$16
instanceKlass com/st/microxplorer/plugins/projectmanager/engine/MainProjectManager$15
instanceKlass com/st/microxplorer/plugins/projectmanager/engine/MainProjectManager$14
instanceKlass com/st/microxplorer/plugins/projectmanager/engine/MainProjectManager$13
instanceKlass com/st/microxplorer/plugins/projectmanager/engine/MainProjectManager$12
instanceKlass com/st/microxplorer/plugins/projectmanager/engine/MainProjectManager$11
instanceKlass com/st/microxplorer/plugins/projectmanager/engine/MainProjectManager$10
instanceKlass com/st/microxplorer/plugins/projectmanager/engine/MainProjectManager$9
instanceKlass com/st/microxplorer/plugins/projectmanager/engine/MainProjectManager$8
instanceKlass com/st/microxplorer/plugins/projectmanager/engine/MainProjectManager$7
instanceKlass com/st/microxplorer/plugins/projectmanager/engine/MainProjectManager$6
instanceKlass com/st/microxplorer/plugins/projectmanager/engine/MainProjectManager$5
instanceKlass com/st/microxplorer/plugins/projectmanager/engine/MainProjectManager$4
instanceKlass  @bci com/st/microxplorer/plugins/projectmanager/engine/MainProjectManager initCommands ()V 56 <appendix> member <vmtarget> ; # com/st/microxplorer/plugins/projectmanager/engine/MainProjectManager$$Lambda+0x0000000800507440
instanceKlass com/st/microxplorer/plugins/projectmanager/engine/MainProjectManager$3
instanceKlass com/st/microxplorer/plugins/projectmanager/engine/MainProjectManager$2
instanceKlass com/st/microxplorer/plugins/projectmanager/engine/MainProjectManager$1
instanceKlass com/st/microxplorer/plugins/projectmanager/engine/ReportBuilder
instanceKlass com/st/microxplorer/plugins/projectmanager/model/ConfigFileManager
instanceKlass com/st/microxplorer/plugins/projectmanager/model/ToolchainGenerator
instanceKlass com/st/microxplorer/plugins/projectmanager/engine/ProjectBuilder$9
instanceKlass com/st/microxplorer/plugins/projectmanager/engine/ProjectBuilder$8
instanceKlass com/st/microxplorer/plugins/projectmanager/engine/ProjectBuilder$7
instanceKlass com/st/microxplorer/plugins/projectmanager/engine/ProjectBuilder$6
instanceKlass com/st/microxplorer/plugins/projectmanager/gui/ProjectChoiceTab$23
instanceKlass com/st/microxplorer/plugins/projectmanager/gui/ProjectChoiceTab$22
instanceKlass com/st/microxplorer/plugins/projectmanager/gui/ProjectChoiceTab$21
instanceKlass com/st/microxplorer/plugins/projectmanager/gui/ProjectChoiceTab$20
instanceKlass com/st/microxplorer/plugins/projectmanager/gui/ProjectChoiceTab$18
instanceKlass com/st/microxplorer/plugins/projectmanager/gui/ProjectChoiceTab$17
instanceKlass com/st/microxplorer/plugins/projectmanager/gui/ProjectChoiceTab$16
instanceKlass com/st/microxplorer/plugins/projectmanager/gui/ProjectChoiceTab$15
instanceKlass com/st/microxplorer/plugins/projectmanager/gui/ProjectChoiceTab$14
instanceKlass com/st/microxplorer/plugins/projectmanager/gui/ProjectChoiceTab$13
instanceKlass com/st/microxplorer/plugins/projectmanager/gui/ProjectChoiceTab$12
instanceKlass com/st/microxplorer/plugins/projectmanager/gui/ProjectChoiceTab$11
instanceKlass com/st/microxplorer/plugins/projectmanager/gui/ProjectChoiceTab$10
instanceKlass com/st/microxplorer/plugins/projectmanager/gui/ProjectChoiceTab$9
instanceKlass com/st/microxplorer/plugins/projectmanager/gui/ProjectChoiceTab$8
instanceKlass com/st/microxplorer/plugins/projectmanager/gui/ProjectChoiceTab$7
instanceKlass com/st/microxplorer/plugins/projectmanager/gui/ProjectChoiceTab$6
instanceKlass com/st/microxplorer/plugins/projectmanager/gui/ProjectChoiceTab$5
instanceKlass com/st/microxplorer/plugins/projectmanager/gui/ProjectChoiceTab$4
instanceKlass com/st/microxplorer/plugins/projectmanager/engine/ProjectFilesGenerator
instanceKlass com/st/microxplorer/plugins/projectmanager/engine/ProjectBuilder
instanceKlass com/st/microxplorer/plugins/projectmanager/model/ProjectSettings
instanceKlass com/st/microxplorer/plugins/projectmanager/engine/MainProjectManager
instanceKlass com/st/microxplorer/plugins/projectmanager/ProjectManagerView$8
instanceKlass com/st/microxplorer/plugins/projectmanager/ProjectManagerView$7
instanceKlass com/st/microxplorer/plugins/projectmanager/ProjectManagerView$6
instanceKlass com/st/microxplorer/plugins/projectmanager/ProjectManagerView$5
instanceKlass com/st/microxplorer/plugins/projectmanager/ProjectManagerView$4
instanceKlass com/st/microxplorer/plugins/projectmanager/ProjectManagerView$3
instanceKlass com/st/microxplorer/plugins/projectmanager/ProjectManagerView$1
instanceKlass com/st/microxplorer/plugins/projectmanager/engine/EngineConstants
instanceKlass com/st/microxplorer/plugins/projectmanager/gui/GuiConstants
instanceKlass com/st/microxplorer/plugins/power/PowerPluginView$11
instanceKlass com/st/microxplorer/plugins/power/PowerPluginView$10
instanceKlass com/st/microxplorer/plugins/power/PowerPluginView$9
instanceKlass com/st/microxplorer/plugins/power/PowerPluginView$8
instanceKlass com/st/microxplorer/plugins/power/PowerPluginView$7
instanceKlass com/st/microxplorer/plugins/power/PowerPluginView$6
instanceKlass com/st/microxplorer/plugins/power/PowerPluginView$5
instanceKlass com/st/microxplorer/plugins/power/PowerPluginView$4
instanceKlass com/st/microxplorer/plugins/power/PowerPluginView$3
instanceKlass com/st/microxplorer/mcu/Mcu$PinoutConfig
instanceKlass com/st/microxplorer/mcu/Signal
instanceKlass jp/ac/kobe_u/cs/cream/Variable
instanceKlass com/st/microxplorer/mcu/PinoutRecombination
instanceKlass  @bci java/util/regex/CharPredicates ctype (I)Ljava/util/regex/Pattern$CharPredicate; 1 <appendix> member <vmtarget> ; # java/util/regex/CharPredicates$$Lambda+0x00000008004c0f98
instanceKlass  @bci java/util/regex/CharPredicates range (II)Ljava/util/regex/Pattern$CharPredicate; 2 <appendix> member <vmtarget> ; # java/util/regex/CharPredicates$$Lambda+0x00000008004c0d10
instanceKlass com/bestcode/mathparser/IsDouble
instanceKlass jdk/internal/icu/text/ReplaceableString
instanceKlass jdk/internal/icu/text/Replaceable
instanceKlass jdk/internal/icu/text/UCharacterIterator
instanceKlass jdk/internal/icu/text/NormalizerBase
instanceKlass jdk/internal/icu/text/NormalizerBase$Mode
instanceKlass sun/text/CollatorUtilities
instanceKlass java/text/CollationElementIterator
instanceKlass sun/text/ComposedCharIter
instanceKlass java/text/EntryPair
instanceKlass java/text/PatternEntry
instanceKlass java/text/PatternEntry$Parser
instanceKlass java/text/MergeCollation
instanceKlass jdk/internal/icu/lang/UCharacter
instanceKlass jdk/internal/icu/text/UTF16
instanceKlass jdk/internal/icu/impl/NormalizerImpl$UTF16Plus
instanceKlass jdk/internal/icu/util/CodePointTrie$Data
instanceKlass jdk/internal/icu/util/CodePointMap
instanceKlass jdk/internal/icu/util/VersionInfo
instanceKlass jdk/internal/icu/impl/ICUBinary$1
instanceKlass jdk/internal/icu/impl/ICUBinary
instanceKlass jdk/internal/icu/impl/Norm2AllModes$Norm2AllModesSingleton
instanceKlass jdk/internal/icu/impl/Norm2AllModes$NFCSingleton
instanceKlass jdk/internal/icu/impl/Norm2AllModes
instanceKlass jdk/internal/icu/text/Normalizer2
instanceKlass jdk/internal/icu/impl/NormalizerImpl$IsAcceptable
instanceKlass jdk/internal/icu/impl/ICUBinary$Authenticate
instanceKlass jdk/internal/icu/impl/NormalizerImpl
instanceKlass sun/text/UCompactIntArray
instanceKlass sun/text/IntHashtable
instanceKlass java/text/RBCollationTables$BuildAPI
instanceKlass java/text/RBTableBuilder
instanceKlass java/text/RBCollationTables
instanceKlass  @bci sun/util/locale/provider/JRELocaleProviderAdapter getCollatorProvider ()Ljava/text/spi/CollatorProvider; 8 <appendix> member <vmtarget> ; # sun/util/locale/provider/JRELocaleProviderAdapter$$Lambda+0x00000008003b9008
instanceKlass java/text/Collator
instanceKlass com/bestcode/util/QuickSort
instanceKlass com/st/microxplorer/mxsystem/MxSystem$DummyProgressBar
instanceKlass com/st/microxplorer/mcu/rtos/freertos/HeapUsageCalculator
instanceKlass org/glassfish/jaxb/runtime/DatatypeConverterImpl
instanceKlass jakarta/xml/bind/DatatypeConverterInterface
# instanceKlass java/lang/invoke/LambdaForm$MH+0x00000008004b4000
instanceKlass org/glassfish/jaxb/runtime/v2/runtime/unmarshaller/TagName
instanceKlass org/glassfish/jaxb/runtime/v2/runtime/unmarshaller/SAXConnector
instanceKlass org/apache/xerces/util/SecurityManager
instanceKlass org/glassfish/jaxb/core/v2/util/XmlFactory$1
instanceKlass org/glassfish/jaxb/core/v2/util/XmlFactory
instanceKlass org/glassfish/jaxb/runtime/v2/runtime/unmarshaller/UnmarshallingContext$State
instanceKlass org/glassfish/jaxb/runtime/v2/runtime/unmarshaller/Scope
instanceKlass jakarta/xml/bind/ValidationEventLocator
instanceKlass org/glassfish/jaxb/runtime/v2/runtime/unmarshaller/LocatorExWrapper
instanceKlass org/xml/sax/helpers/LocatorImpl
instanceKlass org/glassfish/jaxb/runtime/v2/runtime/Coordinator
instanceKlass org/glassfish/jaxb/runtime/v2/runtime/unmarshaller/XmlVisitor$TextPredictor
instanceKlass jakarta/xml/bind/helpers/DefaultValidationEventHandler
instanceKlass org/glassfish/jaxb/runtime/IDResolver
instanceKlass org/glassfish/jaxb/core/v2/runtime/unmarshaller/LocatorEx
instanceKlass jakarta/xml/bind/UnmarshallerHandler
instanceKlass org/glassfish/jaxb/runtime/v2/runtime/unmarshaller/XmlVisitor
instanceKlass jakarta/xml/bind/helpers/AbstractUnmarshallerImpl
instanceKlass jakarta/xml/bind/ValidationEventHandler
instanceKlass org/glassfish/jaxb/runtime/v2/runtime/NameList
instanceKlass org/glassfish/jaxb/runtime/v2/runtime/unmarshaller/ChildLoader
instanceKlass org/glassfish/jaxb/runtime/v2/runtime/property/ArrayERProperty$ReceiverImpl
instanceKlass org/glassfish/jaxb/runtime/v2/runtime/unmarshaller/StructureLoader$1
instanceKlass org/glassfish/jaxb/runtime/v2/runtime/property/UnmarshallerChain
instanceKlass jakarta/xml/bind/annotation/W3CDomHandler
instanceKlass jakarta/xml/bind/annotation/DomHandler
instanceKlass org/glassfish/jaxb/runtime/v2/model/runtime/RuntimeArrayInfo
instanceKlass org/glassfish/jaxb/runtime/v2/runtime/ElementBeanInfoImpl$1
instanceKlass org/glassfish/jaxb/runtime/v2/runtime/unmarshaller/Intercepter
instanceKlass jakarta/xml/bind/JAXBElement
instanceKlass org/glassfish/jaxb/runtime/v2/runtime/property/TagAndType
instanceKlass org/glassfish/jaxb/runtime/v2/runtime/JaxBeanInfo$1
instanceKlass org/glassfish/jaxb/runtime/v2/runtime/LifecycleMethods
instanceKlass org/glassfish/jaxb/runtime/v2/runtime/reflect/TransducedAccessor
instanceKlass org/glassfish/jaxb/runtime/v2/runtime/Name
instanceKlass org/glassfish/jaxb/runtime/v2/runtime/reflect/Utils$1
instanceKlass org/glassfish/jaxb/runtime/v2/runtime/reflect/Utils
instanceKlass org/glassfish/jaxb/runtime/v2/runtime/reflect/Lister$2
instanceKlass org/glassfish/jaxb/runtime/v2/runtime/reflect/ListIterator
instanceKlass org/glassfish/jaxb/runtime/v2/runtime/reflect/Lister
instanceKlass org/glassfish/jaxb/runtime/v2/runtime/property/Utils$1
instanceKlass org/glassfish/jaxb/runtime/v2/runtime/property/Utils
instanceKlass org/glassfish/jaxb/runtime/v2/runtime/property/PropertyFactory$1
instanceKlass org/glassfish/jaxb/runtime/v2/model/runtime/RuntimeMapPropertyInfo
instanceKlass org/glassfish/jaxb/runtime/v2/model/runtime/RuntimeReferencePropertyInfo
instanceKlass org/glassfish/jaxb/runtime/v2/runtime/property/PropertyFactory
instanceKlass org/glassfish/jaxb/runtime/v2/runtime/property/PropertyImpl
instanceKlass org/glassfish/jaxb/runtime/v2/runtime/property/Property
instanceKlass org/glassfish/jaxb/runtime/v2/runtime/property/StructureLoaderBuilder
instanceKlass org/glassfish/jaxb/runtime/v2/runtime/unmarshaller/Loader
instanceKlass jakarta/xml/bind/annotation/XmlEnumValue
instanceKlass org/glassfish/jaxb/core/v2/util/FlattenIterator
instanceKlass org/glassfish/jaxb/runtime/v2/model/runtime/RuntimeValuePropertyInfo
instanceKlass org/glassfish/jaxb/runtime/v2/model/impl/EnumConstantImpl
instanceKlass org/glassfish/jaxb/core/v2/model/core/EnumConstant
instanceKlass org/glassfish/jaxb/runtime/v2/model/runtime/RuntimeEnumLeafInfo
instanceKlass com/st/microxplorer/mcu/rtos/RtosApiDefinition$RtosDataFieldValue
instanceKlass com/st/microxplorer/mcu/rtos/RtosApiDefinition$EnabledCondition
instanceKlass com/st/microxplorer/mcu/rtos/RtosApiDefinition$RtosDataField
instanceKlass com/st/microxplorer/mcu/rtos/data/RtosUserConfiguration$RtosUserDataObjectSet
instanceKlass com/st/microxplorer/mcu/rtos/RtosApiDefinition$RtosData
instanceKlass jakarta/xml/bind/annotation/XmlSeeAlso
instanceKlass com/st/microxplorer/mcu/rtos/RtosApiDefinition$RtosDataGroup
instanceKlass com/st/microxplorer/mcu/rtos/RtosApiDefinition$RtosApiAttributes
instanceKlass org/glassfish/jaxb/core/v2/TODO
instanceKlass java/beans/Introspector$1
instanceKlass jdk/internal/access/JavaBeansAccess
instanceKlass java/beans/FeatureDescriptor
instanceKlass java/beans/Introspector
instanceKlass org/glassfish/jaxb/runtime/v2/model/runtime/RuntimeAttributePropertyInfo
instanceKlass org/glassfish/jaxb/runtime/v2/model/impl/GetterSetterPropertySeed
instanceKlass org/glassfish/jaxb/runtime/v2/model/annotation/MethodLocatable
instanceKlass  @bci org/glassfish/jaxb/runtime/v2/model/impl/ClassInfoImpl collectGetterSetters (Ljava/lang/Object;Ljava/util/Map;Ljava/util/Map;)V 201 <appendix> argL0 ; # org/glassfish/jaxb/runtime/v2/model/impl/ClassInfoImpl$$Lambda+0x000000080049baa0
instanceKlass org/glassfish/jaxb/core/v2/model/nav/ReflectionNavigator$5
instanceKlass jakarta/xml/bind/annotation/XmlSchemaTypes
instanceKlass org/glassfish/jaxb/core/v2/model/nav/ParameterizedTypeImpl
instanceKlass org/glassfish/jaxb/core/v2/model/nav/ReflectionNavigator$BinderArg
instanceKlass jakarta/xml/bind/annotation/adapters/XmlJavaTypeAdapters
instanceKlass org/glassfish/jaxb/runtime/v2/model/impl/Util
instanceKlass org/glassfish/jaxb/runtime/v2/model/runtime/RuntimeTypeRef
instanceKlass org/glassfish/jaxb/runtime/v2/model/impl/TypeRefImpl
instanceKlass org/glassfish/jaxb/core/v2/model/core/TypeRef
instanceKlass org/glassfish/jaxb/runtime/v2/model/impl/PropertyInfoImpl
instanceKlass org/glassfish/jaxb/runtime/v2/model/runtime/RuntimeElementPropertyInfo
instanceKlass org/glassfish/jaxb/runtime/v2/model/runtime/RuntimePropertyInfo
instanceKlass org/glassfish/jaxb/runtime/v2/model/impl/ClassInfoImpl$1
instanceKlass com/st/microxplorer/mcu/rtos/RtosApiDefinition$RtosApiDescription
instanceKlass org/glassfish/jaxb/runtime/v2/model/impl/FieldPropertySeed
instanceKlass org/glassfish/jaxb/runtime/v2/model/impl/RuntimeClassInfoImpl$RuntimePropertySeed
instanceKlass jakarta/xml/bind/annotation/XmlElement$DEFAULT
instanceKlass org/glassfish/jaxb/core/annotation/XmlLocation
instanceKlass org/glassfish/jaxb/core/v2/model/nav/ReflectionNavigator$3
instanceKlass  @bci java/lang/reflect/Proxy getProxyConstructor (Ljava/lang/Class;Ljava/lang/ClassLoader;[Ljava/lang/Class;)Ljava/lang/reflect/Constructor; 80 <appendix> argL0 ; # java/lang/reflect/Proxy$$Lambda+0x00000008003b6cc0
instanceKlass org/glassfish/jaxb/runtime/v2/model/annotation/SecureLoader
instanceKlass org/glassfish/jaxb/runtime/AccessorFactoryImpl
instanceKlass org/glassfish/jaxb/runtime/InternalAccessorFactory
instanceKlass jakarta/xml/bind/annotation/XmlAccessorOrder
instanceKlass org/glassfish/jaxb/core/api/impl/NameUtil
instanceKlass org/glassfish/jaxb/core/api/impl/NameConverter
instanceKlass java/lang/Package$1PackageInfoProxy
instanceKlass  @bci java/lang/Package getPackageInfo ()Ljava/lang/Class; 41 <appendix> member <vmtarget> ; # java/lang/Package$$Lambda+0x00000008003b68a0
instanceKlass  @bci org/glassfish/jaxb/runtime/v2/model/annotation/RuntimeInlineAnnotationReader getPackageAnnotation (Ljava/lang/Class;Ljava/lang/Class;Lorg/glassfish/jaxb/core/v2/model/annotation/Locatable;)Ljava/lang/annotation/Annotation; 18 <appendix> argL0 ; # org/glassfish/jaxb/runtime/v2/model/annotation/RuntimeInlineAnnotationReader$$Lambda+0x0000000800493ca8
instanceKlass org/glassfish/jaxb/core/annotation/OverrideAnnotationOf
instanceKlass jakarta/xml/bind/annotation/XmlMixed
instanceKlass jakarta/xml/bind/annotation/XmlAnyElement
instanceKlass jakarta/xml/bind/annotation/XmlElements
instanceKlass jakarta/xml/bind/annotation/XmlAnyAttribute
instanceKlass jakarta/xml/bind/annotation/XmlList
instanceKlass jakarta/xml/bind/annotation/XmlElementWrapper
instanceKlass jakarta/xml/bind/annotation/XmlAttachmentRef
instanceKlass jakarta/xml/bind/annotation/XmlMimeType
instanceKlass jakarta/xml/bind/annotation/XmlInlineBinaryData
instanceKlass jakarta/xml/bind/annotation/XmlIDREF
instanceKlass jakarta/xml/bind/annotation/XmlID
instanceKlass jakarta/xml/bind/annotation/adapters/XmlJavaTypeAdapter
instanceKlass org/glassfish/jaxb/runtime/v2/model/runtime/RuntimeNonElementRef
instanceKlass org/glassfish/jaxb/runtime/v2/runtime/reflect/Accessor
instanceKlass org/glassfish/jaxb/runtime/v2/runtime/unmarshaller/Receiver
instanceKlass org/glassfish/jaxb/runtime/AccessorFactory
instanceKlass org/glassfish/jaxb/runtime/v2/model/impl/PropertySeed
instanceKlass org/glassfish/jaxb/core/v2/model/core/MapPropertyInfo
instanceKlass org/glassfish/jaxb/core/v2/model/core/ValuePropertyInfo
instanceKlass org/glassfish/jaxb/core/v2/model/core/ElementPropertyInfo
instanceKlass org/glassfish/jaxb/core/v2/model/core/AttributePropertyInfo
instanceKlass org/glassfish/jaxb/core/v2/model/core/NonElementRef
instanceKlass org/glassfish/jaxb/core/v2/model/core/ReferencePropertyInfo
instanceKlass org/glassfish/jaxb/core/v2/model/core/PropertyInfo
instanceKlass org/glassfish/jaxb/core/v2/model/annotation/AnnotationSource
instanceKlass org/glassfish/jaxb/runtime/v2/model/runtime/RuntimeClassInfo
instanceKlass jakarta/xml/bind/annotation/XmlValue
instanceKlass jakarta/xml/bind/annotation/XmlType
instanceKlass jakarta/xml/bind/annotation/XmlTransient
instanceKlass jakarta/xml/bind/annotation/XmlSchemaType
instanceKlass jakarta/xml/bind/annotation/XmlEnum
instanceKlass jakarta/xml/bind/annotation/XmlElementRefs
instanceKlass jakarta/xml/bind/annotation/XmlElementRef
instanceKlass jakarta/xml/bind/annotation/XmlElementDecl
instanceKlass jakarta/xml/bind/annotation/XmlElement
instanceKlass jakarta/xml/bind/annotation/XmlAttribute
instanceKlass org/glassfish/jaxb/runtime/v2/model/annotation/Quick
instanceKlass org/glassfish/jaxb/runtime/v2/model/annotation/Init
instanceKlass org/glassfish/jaxb/runtime/v2/model/annotation/LocatableAnnotation
instanceKlass jakarta/xml/bind/annotation/XmlAccessorType
instanceKlass jakarta/xml/bind/annotation/XmlRootElement
instanceKlass jakarta/xml/bind/annotation/XmlRegistry
instanceKlass org/glassfish/jaxb/core/v2/model/core/Ref
instanceKlass org/glassfish/jaxb/runtime/api/CompositeStructure
instanceKlass org/glassfish/jaxb/runtime/v2/runtime/IllegalAnnotationsException$Builder
instanceKlass org/glassfish/jaxb/core/v2/runtime/RuntimeUtil
instanceKlass org/glassfish/jaxb/runtime/v2/model/impl/AnyTypeImpl
instanceKlass org/glassfish/jaxb/runtime/v2/model/impl/TypeInfoSetImpl$1
instanceKlass org/glassfish/jaxb/runtime/v2/model/impl/RuntimeBuiltinLeafInfoImpl$28
instanceKlass javax/xml/namespace/NamespaceContext
instanceKlass jakarta/activation/DataHandler
instanceKlass jakarta/activation/DataSource
instanceKlass jakarta/xml/bind/ValidationEvent
instanceKlass org/glassfish/jaxb/runtime/v2/runtime/output/Pcdata
instanceKlass javax/xml/datatype/DatatypeConstants$Field
instanceKlass javax/xml/datatype/DatatypeConstants
instanceKlass javax/xml/namespace/QName
instanceKlass org/glassfish/jaxb/runtime/v2/model/impl/RuntimeBuiltinLeafInfoImpl$1
instanceKlass org/glassfish/jaxb/runtime/v2/model/impl/LeafInfoImpl
instanceKlass org/glassfish/jaxb/runtime/v2/model/runtime/RuntimeBuiltinLeafInfo
instanceKlass org/glassfish/jaxb/core/v2/model/core/BuiltinLeafInfo
instanceKlass org/glassfish/jaxb/runtime/v2/model/runtime/RuntimeElementInfo
instanceKlass org/glassfish/jaxb/runtime/v2/model/runtime/RuntimeElement
instanceKlass org/glassfish/jaxb/runtime/v2/model/impl/TypeInfoImpl
instanceKlass org/glassfish/jaxb/runtime/v2/model/impl/TypeInfoSetImpl
instanceKlass org/glassfish/jaxb/runtime/v2/model/runtime/RuntimeTypeInfoSet
instanceKlass org/glassfish/jaxb/runtime/v2/model/impl/ModelBuilder$1
instanceKlass org/glassfish/jaxb/runtime/v2/model/impl/Utils$1
instanceKlass org/glassfish/jaxb/core/v2/model/nav/TypeVisitor
instanceKlass org/glassfish/jaxb/core/v2/runtime/Location
instanceKlass org/glassfish/jaxb/core/v2/model/nav/ReflectionNavigator
instanceKlass org/glassfish/jaxb/core/v2/model/nav/Navigator
instanceKlass org/glassfish/jaxb/runtime/v2/model/impl/Utils
instanceKlass org/glassfish/jaxb/core/WhiteSpaceProcessor
instanceKlass jakarta/xml/bind/annotation/XmlSchema
instanceKlass org/glassfish/jaxb/runtime/v2/runtime/Transducer
instanceKlass org/glassfish/jaxb/core/v2/model/core/ArrayInfo
instanceKlass org/glassfish/jaxb/core/v2/model/core/ClassInfo
instanceKlass org/glassfish/jaxb/core/v2/model/core/EnumLeafInfo
instanceKlass org/glassfish/jaxb/core/v2/model/core/ElementInfo
instanceKlass org/glassfish/jaxb/core/v2/model/core/Element
instanceKlass org/glassfish/jaxb/core/v2/model/core/RegistryInfo
instanceKlass org/glassfish/jaxb/runtime/v2/model/impl/ModelBuilder
instanceKlass org/glassfish/jaxb/core/v2/model/impl/ModelBuilderI
instanceKlass org/glassfish/jaxb/runtime/v2/runtime/NameBuilder
instanceKlass com/sun/istack/Pool$Impl
instanceKlass org/glassfish/jaxb/runtime/v2/util/QNameMap$Entry
instanceKlass org/glassfish/jaxb/runtime/v2/util/QNameMap
instanceKlass org/glassfish/jaxb/runtime/v2/runtime/JAXBContextImpl$6
instanceKlass org/glassfish/jaxb/runtime/api/Bridge
instanceKlass com/sun/istack/Pool
instanceKlass jakarta/xml/bind/Unmarshaller
instanceKlass jakarta/xml/bind/Binder
instanceKlass org/glassfish/jaxb/core/unmarshaller/InfosetScanner
instanceKlass jakarta/xml/bind/Marshaller
instanceKlass org/glassfish/jaxb/core/api/ErrorListener
instanceKlass org/glassfish/jaxb/core/v2/model/core/ErrorHandler
instanceKlass org/glassfish/jaxb/core/v2/model/core/TypeInfoSet
instanceKlass org/glassfish/jaxb/runtime/api/RawAccessor
instanceKlass jakarta/xml/bind/JAXBIntrospector
instanceKlass org/glassfish/jaxb/runtime/v2/runtime/AttributeAccessor
instanceKlass org/glassfish/jaxb/runtime/v2/runtime/JaxBeanInfo
instanceKlass org/glassfish/jaxb/runtime/v2/model/runtime/RuntimeLeafInfo
instanceKlass org/glassfish/jaxb/runtime/v2/model/runtime/RuntimeNonElement
instanceKlass org/glassfish/jaxb/runtime/v2/model/runtime/RuntimeTypeInfo
instanceKlass org/glassfish/jaxb/core/v2/model/core/LeafInfo
instanceKlass org/glassfish/jaxb/core/v2/model/core/MaybeElement
instanceKlass org/glassfish/jaxb/core/v2/model/core/NonElement
instanceKlass org/glassfish/jaxb/core/v2/model/core/TypeInfo
instanceKlass org/glassfish/jaxb/core/v2/model/annotation/Locatable
instanceKlass org/glassfish/jaxb/runtime/v2/model/annotation/AbstractInlineAnnotationReaderImpl
instanceKlass org/glassfish/jaxb/runtime/v2/runtime/JAXBContextImpl$JAXBContextBuilder
instanceKlass org/glassfish/jaxb/runtime/v2/util/TypeCast
instanceKlass org/glassfish/jaxb/runtime/v2/model/annotation/RuntimeAnnotationReader
instanceKlass org/glassfish/jaxb/core/v2/model/annotation/AnnotationReader
instanceKlass  @bci org/glassfish/jaxb/core/StackHelper lambda$getCallerClassName$0 (Ljava/util/stream/Stream;)Ljava/lang/String; 1 <appendix> argL0 ; # org/glassfish/jaxb/core/StackHelper$$Lambda+0x00000008004733e0
instanceKlass  @bci org/glassfish/jaxb/core/StackHelper getCallerClassName ()Ljava/lang/String; 3 <appendix> argL0 ; # org/glassfish/jaxb/core/StackHelper$$Lambda+0x00000008004731a8
instanceKlass org/glassfish/jaxb/core/StackHelper
instanceKlass org/glassfish/jaxb/core/Utils
instanceKlass org/glassfish/jaxb/core/v2/ClassFactory
instanceKlass org/glassfish/jaxb/runtime/v2/MUtils
instanceKlass org/glassfish/jaxb/runtime/v2/ContextFactory
instanceKlass jakarta/xml/bind/ModuleUtil
instanceKlass org/glassfish/jaxb/runtime/v2/JAXBContextFactory
instanceKlass jakarta/xml/bind/ServiceLoaderUtil
instanceKlass jakarta/xml/bind/JAXBContextFactory
instanceKlass jakarta/xml/bind/GetPropertyAction
instanceKlass java/util/logging/Logger$SystemLoggerHelper$1
instanceKlass java/util/logging/Logger$SystemLoggerHelper
instanceKlass jakarta/xml/bind/ServiceLoaderUtil$ExceptionHandler
instanceKlass jakarta/xml/bind/ContextFinder
instanceKlass jakarta/xml/bind/JAXBContext
instanceKlass com/st/microxplorer/mcu/rtos/RtosApiDefinition
instanceKlass org/apache/xerces/jaxp/validation/Util
instanceKlass org/apache/xerces/util/ErrorHandlerWrapper$1
instanceKlass org/apache/xerces/impl/xs/util/XSObjectListImpl$1
instanceKlass org/apache/xerces/impl/xs/opti/NamedNodeMapImpl
instanceKlass org/apache/xerces/impl/xs/identity/IdentityConstraint
instanceKlass org/apache/xerces/impl/xs/traversers/XSDAbstractParticleTraverser$ParticleArray
instanceKlass org/apache/xerces/xs/XSAnnotation
instanceKlass org/apache/xerces/impl/xs/traversers/XSDAbstractTraverser
instanceKlass org/apache/xerces/impl/xs/traversers/Container
instanceKlass org/apache/xerces/impl/xs/traversers/OneAttr
instanceKlass org/apache/xerces/impl/xs/XSAttributeDecl
instanceKlass org/apache/xerces/impl/xs/XSGroupDecl
instanceKlass org/apache/xerces/impl/xs/XSAttributeUseImpl
instanceKlass org/apache/xerces/xs/XSAttributeUse
instanceKlass org/apache/xerces/impl/xs/XSAttributeGroupDecl
instanceKlass org/apache/xerces/impl/xs/XSModelGroupImpl
instanceKlass org/apache/xerces/xs/XSModelGroup
instanceKlass org/apache/xerces/impl/xs/XSWildcardDecl
instanceKlass org/apache/xerces/xs/XSWildcard
instanceKlass org/apache/xerces/impl/xs/XSComplexTypeDecl
instanceKlass org/apache/xerces/xs/XSComplexTypeDefinition
instanceKlass org/apache/xerces/xs/XSAttributeDeclaration
instanceKlass org/apache/xerces/xs/XSNotationDeclaration
instanceKlass org/apache/xerces/xs/XSModelGroupDefinition
instanceKlass org/apache/xerces/xs/XSAttributeGroupDefinition
instanceKlass org/apache/xerces/xs/XSIDCDefinition
instanceKlass org/apache/xerces/xs/XSNamedMap
instanceKlass org/apache/xerces/impl/xs/util/XInt
instanceKlass org/apache/xerces/impl/xs/util/XIntPool
instanceKlass org/apache/xerces/impl/xs/SchemaGrammar
instanceKlass org/apache/xerces/xs/XSNamespaceItem
instanceKlass org/apache/xerces/xni/grammars/XSGrammar
instanceKlass org/apache/xerces/impl/xs/traversers/XSAttributeChecker
instanceKlass org/apache/xerces/impl/xs/traversers/XSDHandler$XSDKey
instanceKlass org/apache/xerces/util/DOMUtil
instanceKlass org/apache/xerces/impl/xs/SchemaSymbols
instanceKlass org/apache/xerces/impl/xs/opti/DefaultNode
instanceKlass org/apache/xerces/impl/ExternalSubsetResolver
instanceKlass org/apache/xerces/impl/xpath/regex/Token
instanceKlass org/apache/xerces/impl/xpath/regex/REUtil
instanceKlass org/apache/xerces/impl/xpath/regex/Op
instanceKlass org/apache/xerces/impl/xpath/regex/RegexParser
instanceKlass org/apache/xerces/impl/xpath/regex/RegularExpression
instanceKlass org/apache/xerces/impl/dv/xs/DecimalDV$XDecimal
instanceKlass org/apache/xerces/xs/datatypes/XSDecimal
instanceKlass org/apache/xerces/impl/dv/ValidatedInfo
instanceKlass org/apache/xerces/xs/XSValue
instanceKlass org/apache/xerces/impl/dv/XSFacets
instanceKlass org/apache/xerces/impl/dv/xs/XSSimpleTypeDecl$4
instanceKlass org/apache/xerces/impl/dv/xs/XSSimpleTypeDecl$1
instanceKlass org/apache/xerces/impl/dv/xs/AbstractDateTimeDV$DateTimeData
instanceKlass org/apache/xerces/xs/datatypes/XSDateTime
instanceKlass org/apache/xerces/impl/dv/xs/TypeValidator$1
instanceKlass org/apache/xerces/impl/dv/xs/TypeValidator
instanceKlass org/apache/xerces/xs/ShortList
instanceKlass org/apache/xerces/xs/StringList
instanceKlass org/apache/xerces/xs/datatypes/ObjectList
instanceKlass org/apache/xerces/xs/XSObjectList
instanceKlass org/apache/xerces/impl/dv/xs/XSSimpleTypeDecl
instanceKlass org/apache/xerces/impl/dv/XSSimpleType
instanceKlass org/apache/xerces/xs/XSSimpleTypeDefinition
instanceKlass org/apache/xerces/impl/dv/SchemaDVFactory
instanceKlass org/apache/xerces/util/XMLGrammarPoolImpl$Entry
instanceKlass org/apache/xerces/util/XMLGrammarPoolImpl
instanceKlass javax/xml/transform/stream/StreamSource
instanceKlass  @bci javax/xml/validation/SchemaFactoryFinder newFactory (Ljava/lang/String;)Ljavax/xml/validation/SchemaFactory; 24 <appendix> member <vmtarget> ; # javax/xml/validation/SchemaFactoryFinder$$Lambda+0x00000008003b4668
instanceKlass javax/xml/validation/SchemaFactoryFinder$1
instanceKlass org/apache/xerces/jaxp/validation/XMLSchemaFactory$XMLGrammarPoolWrapper
instanceKlass org/apache/xerces/util/DOMEntityResolverWrapper
instanceKlass org/apache/xerces/jaxp/validation/DraconianErrorHandler
instanceKlass org/apache/xerces/impl/xs/opti/SchemaDOMParser$BooleanStack
instanceKlass org/apache/xerces/impl/xs/opti/DefaultXMLDocumentHandler
instanceKlass org/apache/xerces/impl/xs/util/SimpleLocator
instanceKlass org/apache/xerces/util/SymbolHash$Entry
instanceKlass org/apache/xerces/util/SymbolHash
instanceKlass org/apache/xerces/impl/xs/traversers/XSDocumentInfo
instanceKlass org/apache/xerces/impl/xs/XSParticleDecl
instanceKlass org/apache/xerces/xs/XSParticle
instanceKlass org/apache/xerces/impl/xs/traversers/XSDHandler
instanceKlass org/apache/xerces/impl/xs/models/XSEmptyCM
instanceKlass org/apache/xerces/impl/xs/models/XSCMValidator
instanceKlass org/apache/xerces/impl/xs/models/CMBuilder
instanceKlass org/apache/xerces/impl/dtd/models/CMNode
instanceKlass org/apache/xerces/impl/xs/models/CMNodeFactory
instanceKlass org/apache/xerces/impl/xs/SubstitutionGroupHandler$OneSubGroup
instanceKlass org/apache/xerces/impl/xs/XSElementDecl
instanceKlass org/apache/xerces/xs/XSElementDeclaration
instanceKlass org/apache/xerces/xs/XSTerm
instanceKlass org/apache/xerces/impl/xs/SubstitutionGroupHandler
instanceKlass org/apache/xerces/impl/xs/XSGrammarBucket
instanceKlass org/apache/xerces/impl/xs/XSMessageFormatter
instanceKlass org/apache/xerces/util/DefaultErrorHandler
instanceKlass org/apache/xerces/xni/grammars/XMLSchemaDescription
instanceKlass org/apache/xerces/xs/XSModel
instanceKlass org/w3c/dom/DOMStringList
instanceKlass org/apache/xerces/impl/xs/XMLSchemaLoader
instanceKlass org/apache/xerces/xs/XSLoader
instanceKlass org/apache/xerces/impl/xs/XSElementDeclHelper
instanceKlass org/apache/xerces/xni/grammars/XMLGrammarLoader
instanceKlass org/apache/xerces/jaxp/validation/XSGrammarPoolContainer
instanceKlass javax/xml/validation/SchemaFactoryFinder$2
instanceKlass  @bci javax/xml/validation/SchemaFactoryFinder _newFactory (Ljava/lang/String;)Ljavax/xml/validation/SchemaFactory; 56 <appendix> argL0 ; # javax/xml/validation/SchemaFactoryFinder$$Lambda+0x00000008003b37b0
instanceKlass  @bci javax/xml/validation/SchemaFactoryFinder _newFactory (Ljava/lang/String;)Ljavax/xml/validation/SchemaFactory; 14 <appendix> member <vmtarget> ; # javax/xml/validation/SchemaFactoryFinder$$Lambda+0x00000008003b3590
instanceKlass javax/xml/validation/SchemaFactoryFinder
instanceKlass javax/xml/validation/SchemaFactory
instanceKlass org/apache/commons/lang3/StringUtils
instanceKlass com/st/microxplorer/mcu/rtos/api/SupportedApi
instanceKlass com/st/microxplorer/mcu/rtos/RtosManager
instanceKlass com/st/microxplorer/plugins/pinoutconfig/PinoutConfigView$2
instanceKlass com/st/microxplorer/plugins/pinoutconfig/PinoutConfigView$1
instanceKlass javax/swing/plaf/basic/BasicButtonUI$KeyHandler
instanceKlass javax/swing/plaf/metal/MetalIconFactory$CheckBoxIcon
instanceKlass javax/swing/plaf/basic/BasicBorders
instanceKlass com/st/microxplorer/plugins/pinoutconfig/PinoutConfigView$4
instanceKlass com/st/microxplorer/plugins/pinoutconfig/PinoutConfigView$3
instanceKlass com/st/microxplorer/plugins/pinoutconfig/PinoutConfigView$12
instanceKlass com/st/microxplorer/plugins/pinoutconfig/PinoutConfigView$11
instanceKlass com/st/microxplorer/plugins/pinoutconfig/PinoutConfigView$10
instanceKlass com/st/microxplorer/plugins/pinoutconfig/PinoutConfigView$9
instanceKlass com/st/microxplorer/plugins/pinoutconfig/PinoutConfigView$8
instanceKlass com/st/microxplorer/plugins/pinoutconfig/PinoutConfigView$7
instanceKlass com/st/microxplorer/plugins/pinoutconfig/PinoutConfigView$6
instanceKlass com/st/microxplorer/plugins/pinoutconfig/PinoutConfigView$5
instanceKlass com/st/microxplorer/plugins/pinoutconfig/gui/PinSearch
instanceKlass com/st/microxplorer/plugins/pinoutconfig/engine/UndoRedoManager$4
instanceKlass com/st/microxplorer/plugins/pinoutconfig/engine/UndoRedoManager$3
instanceKlass com/st/microxplorer/plugins/pinoutconfig/engine/UndoRedoManager
instanceKlass com/st/microxplorer/plugins/pinoutandconfiguration/PinoutAndConfigurationView$22
instanceKlass com/st/microxplorer/plugins/pinoutandconfiguration/PinoutAndConfigurationView$21
instanceKlass com/st/microxplorer/plugins/pinoutandconfiguration/PinoutAndConfigurationView$20
instanceKlass com/st/microxplorer/plugins/pinoutandconfiguration/PinoutAndConfigurationView$19
instanceKlass com/st/microxplorer/plugins/pinoutandconfiguration/PinoutAndConfigurationView$18
instanceKlass com/st/microxplorer/plugins/pinoutandconfiguration/PinoutAndConfigurationView$17
instanceKlass com/st/microxplorer/plugins/pinoutandconfiguration/PinoutAndConfigurationView$16
instanceKlass  @bci org/apache/log4j/Hierarchy getInstance (Lorg/apache/logging/log4j/spi/LoggerContext;Ljava/lang/String;Lorg/apache/log4j/Hierarchy$PrivateLoggerAdapter;)Lorg/apache/log4j/Logger; 8 <appendix> member <vmtarget> ; # org/apache/log4j/Hierarchy$$Lambda+0x0000000800446078
instanceKlass  @bci org/apache/log4j/Hierarchy getLoggersMap (Lorg/apache/logging/log4j/spi/LoggerContext;)Ljava/util/concurrent/ConcurrentMap; 10 <appendix> argL0 ; # org/apache/log4j/Hierarchy$$Lambda+0x0000000800445e40
instanceKlass org/apache/log4j/DefaultCategoryFactory
instanceKlass org/apache/log4j/or/DefaultRenderer
instanceKlass org/apache/log4j/or/ObjectRenderer
instanceKlass org/apache/log4j/or/RendererMap
instanceKlass org/apache/log4j/legacy/core/CategoryUtil
instanceKlass org/apache/log4j/spi/NOPLoggerRepository
instanceKlass org/apache/log4j/spi/DefaultRepositorySelector
instanceKlass org/apache/logging/log4j/spi/AbstractLoggerAdapter
instanceKlass org/apache/logging/log4j/spi/LoggerAdapter
instanceKlass org/apache/log4j/spi/LoggerFactory
instanceKlass org/apache/log4j/Hierarchy
instanceKlass org/apache/log4j/spi/ThrowableRendererSupport
instanceKlass org/apache/log4j/spi/RendererSupport
instanceKlass org/apache/log4j/spi/RepositorySelector
instanceKlass org/apache/log4j/spi/LoggerRepository
instanceKlass org/apache/log4j/LogManager
instanceKlass org/apache/log4j/Appender
instanceKlass org/apache/log4j/Priority
instanceKlass org/apache/log4j/Category
instanceKlass org/apache/log4j/spi/AppenderAttachable
instanceKlass com/st/microxplorer/plugins/lpbam/MulticonfigView$10
instanceKlass com/st/microxplorer/plugins/lpbam/MulticonfigView$7
instanceKlass com/st/microxplorer/plugins/lpbam/MulticonfigView$5
instanceKlass com/st/microxplorer/ctxdoc/ICtxDocContext
instanceKlass com/st/microxplorer/plugins/lpbam/LBAMConfigurationManagement
instanceKlass com/st/microxplorer/plugins/lpbam/MulticonfigViewConstant
instanceKlass com/st/microxplorer/plugins/ipmanager/IPPluginView$2
instanceKlass com/st/microxplorer/plugins/ipmanager/IPPluginView$1
instanceKlass com/st/microxplorer/plugins/projectmanager/engine/MainProjectManager$21
instanceKlass com/st/microxplorer/plugins/projectmanager/engine/MainProjectManager$20
instanceKlass com/st/microxplorer/plugins/projectmanager/engine/MainProjectManager$19
instanceKlass com/st/microxplorer/plugins/projectmanager/engine/MainProjectManager$18
instanceKlass com/st/microxplorer/plugins/projectmanager/engine/MainProjectManager$17
instanceKlass com/st/microxplorer/plugins/projectmanager/engine/MainProjectManager$16
instanceKlass com/st/microxplorer/plugins/projectmanager/engine/MainProjectManager$15
instanceKlass com/st/microxplorer/plugins/projectmanager/engine/MainProjectManager$14
instanceKlass com/st/microxplorer/plugins/projectmanager/engine/MainProjectManager$13
instanceKlass com/st/microxplorer/plugins/projectmanager/engine/MainProjectManager$12
instanceKlass com/st/microxplorer/plugins/projectmanager/engine/MainProjectManager$11
instanceKlass com/st/microxplorer/plugins/projectmanager/engine/MainProjectManager$10
instanceKlass com/st/microxplorer/plugins/projectmanager/engine/MainProjectManager$9
instanceKlass com/st/microxplorer/plugins/projectmanager/engine/MainProjectManager$8
instanceKlass com/st/microxplorer/plugins/projectmanager/engine/MainProjectManager$7
instanceKlass com/st/microxplorer/plugins/projectmanager/engine/MainProjectManager$6
instanceKlass com/st/microxplorer/plugins/projectmanager/engine/MainProjectManager$5
instanceKlass com/st/microxplorer/plugins/projectmanager/engine/MainProjectManager$4
instanceKlass  @bci com/st/microxplorer/plugins/projectmanager/engine/MainProjectManager initCommands ()V 56 <appendix> member <vmtarget> ; # com/st/microxplorer/plugins/projectmanager/engine/MainProjectManager$$Lambda+0x0000000800422360
instanceKlass com/st/microxplorer/plugins/projectmanager/engine/MainProjectManager$3
instanceKlass com/st/microxplorer/plugins/projectmanager/engine/MainProjectManager$2
instanceKlass com/st/microxplorer/plugins/projectmanager/engine/MainProjectManager$1
instanceKlass com/st/microxplorer/plugins/projectmanager/engine/ReportBuilder
instanceKlass com/st/microxplorer/util/ThirdPartySwApiManager
instanceKlass org/w3c/dom/traversal/NodeFilter
instanceKlass stm32Families/Families
instanceKlass freemarker/template/ObjectWrapper
instanceKlass com/st/microxplorer/plugins/projectmanager/model/ConfigFileManager
instanceKlass Util/Setting
instanceKlass Util/ISetting
instanceKlass result/Result
instanceKlass result/IResult
instanceKlass com/sun/org/apache/xpath/internal/jaxp/XPathImplUtil
instanceKlass javax/xml/xpath/XPath
instanceKlass  @bci javax/xml/xpath/XPathFactoryFinder newFactory (Ljava/lang/String;)Ljavax/xml/xpath/XPathFactory; 24 <appendix> member <vmtarget> ; # javax/xml/xpath/XPathFactoryFinder$$Lambda+0x00000008003b1028
instanceKlass jdk/xml/internal/XMLSecurityManager
instanceKlass jdk/xml/internal/JdkXmlFeatures
instanceKlass  @bci javax/xml/xpath/XPathFactoryFinder _newFactory (Ljava/lang/String;)Ljavax/xml/xpath/XPathFactory; 154 <appendix> argL0 ; # javax/xml/xpath/XPathFactoryFinder$$Lambda+0x00000008003aee38
instanceKlass javax/xml/xpath/XPathFactoryFinder$2
instanceKlass  @bci javax/xml/xpath/XPathFactoryFinder _newFactory (Ljava/lang/String;)Ljavax/xml/xpath/XPathFactory; 58 <appendix> argL0 ; # javax/xml/xpath/XPathFactoryFinder$$Lambda+0x00000008003ae9f0
instanceKlass  @bci javax/xml/xpath/XPathFactoryFinder _newFactory (Ljava/lang/String;)Ljavax/xml/xpath/XPathFactory; 16 <appendix> member <vmtarget> ; # javax/xml/xpath/XPathFactoryFinder$$Lambda+0x00000008003ae7d0
instanceKlass javax/xml/xpath/XPathFactoryFinder
instanceKlass  @bci jdk/xml/internal/SecuritySupport getContextClassLoader ()Ljava/lang/ClassLoader; 0 <appendix> argL0 ; # jdk/xml/internal/SecuritySupport$$Lambda+0x00000008003ae3a0
instanceKlass javax/xml/xpath/XPathFactory
instanceKlass builders/Builder
instanceKlass tool/Tool
instanceKlass stm32Families/DevicesDbFile
instanceKlass Util/Functions
instanceKlass javax/xml/transform/Result
instanceKlass generators/Generator
instanceKlass parsers/Parser
instanceKlass convertor/Convertor
instanceKlass  @bci com/st/microxplorer/plugins/projectmanager/model/ToolchainGenerator SearchJar ()Ljava/lang/String; 38 <appendix> form vmentry <vmtarget> ; # java/lang/invoke/LambdaForm$MH+0x0000000800425800
instanceKlass com/st/microxplorer/plugins/projectmanager/model/ToolchainGenerator
instanceKlass com/st/components/util/ParameterSetting
instanceKlass com/st/microxplorer/plugins/projectmanager/engine/ProjectBuilder$9
instanceKlass com/st/microxplorer/plugins/projectmanager/engine/ProjectBuilder$8
instanceKlass com/st/microxplorer/plugins/projectmanager/engine/ProjectBuilder$7
instanceKlass com/st/microxplorer/plugins/projectmanager/engine/ProjectBuilder$6
instanceKlass com/st/microxplorer/plugins/projectmanager/gui/ProjectChoiceTab$23
instanceKlass com/st/microxplorer/plugins/projectmanager/gui/ProjectChoiceTab$22
instanceKlass com/st/microxplorer/plugins/projectmanager/gui/ProjectChoiceTab$21
instanceKlass com/st/microxplorer/plugins/projectmanager/gui/ProjectChoiceTab$20
instanceKlass com/st/microxplorer/plugins/projectmanager/gui/ProjectChoiceTab$18
instanceKlass com/st/microxplorer/plugins/projectmanager/gui/ProjectChoiceTab$17
instanceKlass com/st/microxplorer/plugins/projectmanager/gui/ProjectChoiceTab$16
instanceKlass com/st/microxplorer/plugins/projectmanager/gui/ProjectChoiceTab$15
instanceKlass com/st/microxplorer/plugins/projectmanager/gui/ProjectChoiceTab$14
instanceKlass com/st/microxplorer/plugins/projectmanager/gui/ProjectChoiceTab$13
instanceKlass com/st/microxplorer/plugins/projectmanager/gui/ProjectChoiceTab$12
instanceKlass com/st/microxplorer/plugins/projectmanager/gui/ProjectChoiceTab$11
instanceKlass com/st/microxplorer/plugins/projectmanager/gui/ProjectChoiceTab$10
instanceKlass com/st/microxplorer/plugins/projectmanager/gui/ProjectChoiceTab$9
instanceKlass com/st/microxplorer/plugins/projectmanager/gui/ProjectChoiceTab$8
instanceKlass com/st/microxplorer/plugins/projectmanager/gui/ProjectChoiceTab$7
instanceKlass com/st/microxplorer/plugins/projectmanager/gui/ProjectChoiceTab$6
instanceKlass com/st/microxplorer/plugins/projectmanager/gui/ProjectChoiceTab$5
instanceKlass com/st/microxplorer/plugins/projectmanager/gui/ProjectChoiceTab$4
instanceKlass javax/swing/event/ListDataListener
instanceKlass javax/swing/ListCellRenderer
instanceKlass javax/swing/ComboBoxModel
instanceKlass javax/swing/ListModel
instanceKlass com/st/microxplorer/plugins/projectmanager/engine/ProjectFilesGenerator
instanceKlass com/st/microxplorer/plugin/IProgressBarMonitor
instanceKlass com/st/microxplorer/plugins/projectmanager/engine/ProjectBuilder
instanceKlass org/jdesktop/swingworker/SwingWorker
instanceKlass com/st/microxplorer/plugins/projectmanager/model/ProjectSettings
instanceKlass javax/swing/event/HyperlinkListener
instanceKlass com/st/microxplorer/plugins/projectmanager/engine/MainProjectManager
instanceKlass com/st/microxplorer/plugins/projectmanager/gui/GuiConstants
instanceKlass com/st/microxplorer/plugins/projectmanager/engine/EngineConstants
instanceKlass com/st/microxplorer/plugins/filemanager/engine/MainFileManager$1
instanceKlass com/st/microxplorer/plugins/filemanager/FileManagerView$1
instanceKlass com/st/microxplorer/plugins/filemanager/engine/MostRecentFilesMenu$2
instanceKlass com/st/microxplorer/plugins/filemanager/engine/MostRecentFilesMenu$1
instanceKlass com/st/microxplorer/plugins/filemanager/engine/MainFileManager
instanceKlass sun/awt/image/GifFrame
instanceKlass  @bci sun/awt/image/ImageWatched$WeakLink update (Ljava/awt/image/ImageObserver;Ljava/security/AccessControlContext;Ljava/awt/Image;IIIII)Z 21 <adapter> ; # java/lang/invoke/LambdaForm$MH+0x0000000800416c00
# instanceKlass java/lang/invoke/LambdaForm$DMH+0x0000000800416800
instanceKlass  @bci sun/awt/image/ImageWatched$WeakLink update (Ljava/awt/image/ImageObserver;Ljava/security/AccessControlContext;Ljava/awt/Image;IIIII)Z 21 <appendix> form vmentry <vmtarget> ; # java/lang/invoke/LambdaForm$DMH+0x0000000800416400
instanceKlass  @bci sun/awt/image/ImageWatched$WeakLink update (Ljava/awt/image/ImageObserver;Ljava/security/AccessControlContext;Ljava/awt/Image;IIIII)Z 21 <appendix> member <vmtarget> ; # sun/awt/image/ImageWatched$WeakLink$$Lambda+0x00000008003a7c98
instanceKlass  @cpi sun/awt/image/ImageWatched$WeakLink 112 form vmentry <vmtarget> ; # java/lang/invoke/LambdaForm$DMH+0x0000000800416000
instanceKlass sun/awt/image/ImageDecoder
instanceKlass sun/awt/image/ImageFetcher$1
instanceKlass sun/awt/image/FetcherInfo
instanceKlass sun/awt/image/ImageConsumerQueue
instanceKlass sun/awt/image/ImageWatched$Link
instanceKlass sun/awt/image/ImageWatched
instanceKlass java/awt/image/ImageConsumer
instanceKlass sun/awt/image/InputStreamImageSource
instanceKlass sun/awt/image/ImageFetchable
instanceKlass java/awt/image/ImageProducer
instanceKlass com/st/microxplorer/plugins/filemanager/FileManagerView$11
instanceKlass com/st/microxplorer/plugins/filemanager/FileManagerView$10
instanceKlass com/st/microxplorer/plugins/filemanager/FileManagerView$9
instanceKlass com/st/microxplorer/plugins/filemanager/FileManagerView$8
instanceKlass com/st/microxplorer/plugins/filemanager/FileManagerView$7
instanceKlass com/st/microxplorer/plugins/filemanager/FileManagerView$6
instanceKlass com/st/microxplorer/plugins/filemanager/FileManagerView$5
instanceKlass com/st/microxplorer/plugins/filemanager/FileManagerView$4
instanceKlass com/st/microxplorer/plugins/filemanager/FileManagerView$3
instanceKlass com/st/microxplorer/plugins/filemanager/FileManagerView$2
instanceKlass com/st/microxplorer/plugins/filemanager/engine/EngineConstants
instanceKlass com/st/microxplorer/plugins/ddr/Constants
instanceKlass com/st/components/swing/ActionDoneListener
instanceKlass com/st/microxplorer/plugins/clock/utils/UndoRedoManager
instanceKlass com/st/microxplorer/plugins/clock/ClockConfigurationView$11
instanceKlass com/st/microxplorer/plugins/clock/ClockConfigurationView$10
instanceKlass com/st/microxplorer/plugins/clock/ClockConfigurationView$9
instanceKlass com/st/microxplorer/plugins/clock/ClockConfigurationView$7
instanceKlass com/st/microxplorer/plugins/clock/ClockConfigurationView$6
instanceKlass com/st/microxplorer/plugins/clock/ClockConfigurationView$5
instanceKlass com/st/microxplorer/plugins/clock/ClockConfigurationView$4
instanceKlass com/st/microxplorer/plugins/clock/ClockConfigurationView$3
instanceKlass com/st/microxplorer/plugins/clock/ClockConfigurationView$2
instanceKlass com/lowagie/text/Element
instanceKlass java/util/WeakHashMap$HashIterator
instanceKlass com/teamdev/jxbrowser/callback/Callback
instanceKlass  @bci com/st/microxplorer/plugin/PluginManage loadPluginJar (Ljava/lang/Object;ZLjava/io/File;Ljava/lang/String;)V 384 <adapter> ; # java/lang/invoke/LambdaForm$MH+0x000000080040b800
# instanceKlass java/lang/invoke/LambdaForm$DMH+0x000000080040b400
instanceKlass  @bci com/st/microxplorer/plugin/PluginManage loadPluginJar (Ljava/lang/Object;ZLjava/io/File;Ljava/lang/String;)V 384 <appendix> form vmentry <vmtarget> ; # java/lang/invoke/LambdaForm$MH+0x000000080040b000
instanceKlass  @bci com/st/microxplorer/plugin/PluginManage loadPluginJar (Ljava/lang/Object;ZLjava/io/File;Ljava/lang/String;)V 384 <appendix> form names 8 function resolvedHandle form vmentry <vmtarget> ; # java/lang/invoke/LambdaForm$DMH+0x000000080040a800
instanceKlass  @bci com/st/microxplorer/plugin/PluginManage loadPluginJar (Ljava/lang/Object;ZLjava/io/File;Ljava/lang/String;)V 384 <appendix> argL3 form vmentry <vmtarget> ; # java/lang/invoke/LambdaForm$MH+0x000000080040a400
instanceKlass  @bci com/st/microxplorer/plugin/PluginManage loadPluginJar (Ljava/lang/Object;ZLjava/io/File;Ljava/lang/String;)V 384 <appendix> form names 12 function resolvedHandle form vmentry <vmtarget> ; # java/lang/invoke/LambdaForm$DMH+0x0000000800409000
instanceKlass  @bci com/st/microxplorer/plugin/PluginManage loadPluginJar (Ljava/lang/Object;ZLjava/io/File;Ljava/lang/String;)V 384 <appendix> argL1 form vmentry <vmtarget> ; # java/lang/invoke/LambdaForm$MH+0x0000000800408c00
instanceKlass java/lang/Thread$ThreadNumbering
instanceKlass com/st/microxplorer/plugins/analytics/AnalyticsPlugin$1
instanceKlass com/st/library/rawvaluescontainer/RawDataHolder
instanceKlass com/st/library/rawvaluescontainer/RawDataRepository
instanceKlass com/st/library/rawvaluescontainer/DataHolder
instanceKlass com/st/library/analyticscore/initialization/UserProfileFactory
instanceKlass org/joda/time/ReadableInstant
instanceKlass com/st/library/requestcontroller/RequestController
instanceKlass com/st/library/parser/IocParser
instanceKlass com/st/library/parser/ToolValuesFileParser
instanceKlass com/st/library/analyticscore/initialization/ToolParserFactory
instanceKlass com/thoughtworks/xstream/io/AttributeNameIterator
instanceKlass com/thoughtworks/xstream/io/path/Path
instanceKlass com/thoughtworks/xstream/mapper/DynamicProxyMapper$DynamicProxy
instanceKlass com/thoughtworks/xstream/core/util/Types
instanceKlass com/thoughtworks/xstream/core/util/PrioritizedList$PrioritizedItemIterator
instanceKlass com/thoughtworks/xstream/core/util/Primitives
instanceKlass com/thoughtworks/xstream/core/util/HierarchicalStreams
instanceKlass com/thoughtworks/xstream/io/ReaderWrapper
instanceKlass com/thoughtworks/xstream/io/path/PathTracker
instanceKlass com/thoughtworks/xstream/io/xml/AbstractDocumentReader$Pointer
instanceKlass com/thoughtworks/xstream/core/util/Cloneables
instanceKlass com/thoughtworks/xstream/io/AbstractReader
instanceKlass com/thoughtworks/xstream/io/ExtendedHierarchicalStreamReader
instanceKlass com/thoughtworks/xstream/io/xml/DocumentReader
# instanceKlass java/lang/invoke/LambdaForm$DMH+0x00000008003fa000
instanceKlass javax/xml/validation/Schema
instanceKlass com/st/library/analyticscore/DataVariable
instanceKlass com/st/library/analyticscore/UserSpecification
instanceKlass com/st/library/analyticscore/initialization/UserSpecificationFactory$1
instanceKlass com/st/library/analyticscore/initialization/UserSpecificationFactory
instanceKlass com/st/library/analyticscore/initialization/configuration/ConfigurationParser
instanceKlass com/st/library/analyticscore/initialization/configuration/ConfigurationHolder
instanceKlass com/thoughtworks/xstream/security/ExplicitTypePermission$1
instanceKlass java/time/chrono/Ser
instanceKlass java/time/Ser
instanceKlass com/thoughtworks/xstream/security/InterfaceTypePermission
instanceKlass com/thoughtworks/xstream/security/ArrayTypePermission
instanceKlass com/thoughtworks/xstream/security/PrimitiveTypePermission
instanceKlass com/thoughtworks/xstream/security/NullPermission
instanceKlass com/st/library/analyticscore/initialization/configuration/ConfigurationRetriever
instanceKlass com/st/library/publisher/AdobePublisher
instanceKlass com/st/library/publisher/ProductionPublisher
instanceKlass com/st/library/analyticscore/initialization/PublisherFactory$1
instanceKlass com/st/library/publisher/IPublisher
instanceKlass com/st/library/analyticscore/initialization/PublisherFactory
instanceKlass com/st/library/utils/serverdata/Utilities
instanceKlass com/st/library/layout/AdobeLayout
instanceKlass com/st/library/analyticscore/initialization/DataLayoutFactory$1
instanceKlass com/st/library/layout/IDataLayout
instanceKlass com/st/library/analyticscore/initialization/DataLayoutFactory
instanceKlass com/st/library/analyticscore/AnalyticsContext$1
# instanceKlass java/lang/invoke/LambdaForm$MH+0x00000008003f9800
# instanceKlass java/lang/invoke/LambdaForm$MH+0x00000008003f8c00
# instanceKlass java/lang/invoke/LambdaForm$DMH+0x00000008003f3800
# instanceKlass java/lang/invoke/LambdaForm$DMH+0x00000008003f3400
instanceKlass com/st/library/rawvaluescontainer/UserProfile
instanceKlass com/st/library/requestcontroller/LocalSettings
instanceKlass  @bci com/st/library/analyticscore/AnalyticsContext setRamAmounts ()V 48 <appendix> form vmentry <vmtarget> ; # java/lang/invoke/LambdaForm$MH+0x00000008003f3000
instanceKlass  @bci com/st/library/analyticscore/AnalyticsContext setRamAmounts ()V 48 <appendix> argL3 form vmentry <vmtarget> ; # java/lang/invoke/LambdaForm$MH+0x00000008003f2c00
# instanceKlass java/lang/invoke/LambdaForm$MH+0x00000008003f2800
instanceKlass  @bci com/st/library/analyticscore/AnalyticsContext setRamAmounts ()V 48 <appendix> argL1 form vmentry <vmtarget> ; # java/lang/invoke/LambdaForm$MH+0x00000008003f1800
# instanceKlass java/lang/invoke/LambdaForm$MH+0x00000008003f1000
instanceKlass com/thoughtworks/xstream/core/TreeMarshaller
instanceKlass com/thoughtworks/xstream/converters/MarshallingContext
instanceKlass com/thoughtworks/xstream/core/TreeUnmarshaller
instanceKlass com/thoughtworks/xstream/converters/UnmarshallingContext
instanceKlass com/thoughtworks/xstream/core/AbstractTreeMarshallingStrategy
instanceKlass com/thoughtworks/xstream/core/util/SelfStreamingInstanceChecker
instanceKlass com/thoughtworks/xstream/converters/time/ZoneIdConverter
instanceKlass java/time/temporal/TemporalQueries$7
instanceKlass java/time/temporal/TemporalQueries$6
instanceKlass java/time/temporal/TemporalQueries$5
instanceKlass java/time/temporal/TemporalQueries$4
instanceKlass java/time/temporal/TemporalQueries$3
instanceKlass java/time/temporal/TemporalQueries$2
instanceKlass java/time/temporal/TemporalQueries$1
instanceKlass java/time/temporal/TemporalQueries
instanceKlass com/thoughtworks/xstream/converters/time/ZonedDateTimeConverter
instanceKlass com/thoughtworks/xstream/converters/time/WeekFieldsConverter
instanceKlass com/thoughtworks/xstream/converters/time/ValueRangeConverter
instanceKlass com/thoughtworks/xstream/converters/time/SystemClockConverter
instanceKlass com/thoughtworks/xstream/converters/time/OffsetTimeConverter
instanceKlass com/thoughtworks/xstream/converters/time/OffsetDateTimeConverter
instanceKlass com/thoughtworks/xstream/converters/time/LocalTimeConverter
instanceKlass com/thoughtworks/xstream/converters/time/LocalDateTimeConverter
instanceKlass  @bci java/time/chrono/HijrahChronology registerCustomChrono ()V 0 <appendix> argL0 ; # java/time/chrono/HijrahChronology$$Lambda+0x00000008003a0b70
instanceKlass  @bci java/time/chrono/HijrahChronology <clinit> ()V 36 <appendix> argL0 ; # java/time/chrono/HijrahChronology$$Lambda+0x00000008003a0958
instanceKlass com/thoughtworks/xstream/converters/time/ChronologyConverter
instanceKlass com/thoughtworks/xstream/converters/extended/ActivationDataFlavorConverter
instanceKlass com/thoughtworks/xstream/converters/enums/EnumSetConverter
instanceKlass com/thoughtworks/xstream/converters/enums/EnumConverter
instanceKlass javax/xml/datatype/XMLGregorianCalendar
instanceKlass javax/xml/datatype/FactoryFinder$1
instanceKlass  @bci javax/xml/datatype/FactoryFinder find (Ljava/lang/Class;Ljava/lang/String;)Ljava/lang/Object; 6 <appendix> member <vmtarget> ; # javax/xml/datatype/FactoryFinder$$Lambda+0x00000008002640b8
instanceKlass javax/xml/datatype/FactoryFinder
instanceKlass com/thoughtworks/xstream/converters/extended/DurationConverter$1
instanceKlass javax/xml/datatype/DatatypeFactory
instanceKlass com/thoughtworks/xstream/converters/extended/RegexPatternConverter
instanceKlass com/thoughtworks/xstream/converters/extended/StackTraceElementFactory
instanceKlass com/thoughtworks/xstream/converters/extended/ThrowableConverter
instanceKlass com/thoughtworks/xstream/converters/extended/GregorianCalendarConverter
instanceKlass com/thoughtworks/xstream/converters/extended/ColorConverter
instanceKlass com/thoughtworks/xstream/converters/extended/FontConverter
instanceKlass com/thoughtworks/xstream/converters/extended/JavaFieldConverter
instanceKlass com/thoughtworks/xstream/converters/extended/JavaMethodConverter
instanceKlass com/thoughtworks/xstream/converters/extended/DynamicProxyConverter
instanceKlass com/thoughtworks/xstream/converters/extended/EncodedByteArrayConverter
instanceKlass com/thoughtworks/xstream/converters/collections/PropertiesConverter
instanceKlass com/thoughtworks/xstream/converters/collections/CharArrayConverter
instanceKlass com/thoughtworks/xstream/converters/collections/AbstractCollectionConverter
instanceKlass com/thoughtworks/xstream/converters/collections/BitSetConverter
instanceKlass com/thoughtworks/xstream/core/util/ThreadSafeSimpleDateFormat$1
instanceKlass com/thoughtworks/xstream/core/util/Pool
instanceKlass com/thoughtworks/xstream/core/util/Pool$Factory
instanceKlass com/thoughtworks/xstream/core/util/ThreadSafeSimpleDateFormat
instanceKlass com/thoughtworks/xstream/core/util/WeakCache$Visitor
instanceKlass com/thoughtworks/xstream/converters/basic/CharConverter
instanceKlass com/thoughtworks/xstream/converters/basic/AbstractSingleValueConverter
instanceKlass com/thoughtworks/xstream/converters/basic/NullConverter
instanceKlass com/thoughtworks/xstream/converters/reflection/ExternalizableConverter
instanceKlass com/thoughtworks/xstream/converters/reflection/ReflectionProviderWrapper
instanceKlass com/thoughtworks/xstream/core/util/PrioritizedList$PrioritizedItem
instanceKlass com/thoughtworks/xstream/core/util/FastField
instanceKlass com/thoughtworks/xstream/core/util/SerializationMembers$1
instanceKlass com/thoughtworks/xstream/core/util/SerializationMembers
instanceKlass com/thoughtworks/xstream/converters/reflection/SerializationMethodInvoker
instanceKlass com/thoughtworks/xstream/converters/reflection/AbstractReflectionConverter$FieldMarshaller
instanceKlass com/thoughtworks/xstream/core/util/ArrayIterator
instanceKlass com/thoughtworks/xstream/converters/reflection/ReflectionProvider$Visitor
instanceKlass com/thoughtworks/xstream/converters/reflection/AbstractReflectionConverter
instanceKlass java/lang/invoke/SerializedLambda
instanceKlass java/time/temporal/WeekFields$ComputedDayOfField
instanceKlass java/time/temporal/WeekFields
instanceKlass java/util/Locale$LocaleKey
instanceKlass sun/util/locale/InternalLocaleBuilder$CaseInsensitiveString
instanceKlass sun/util/calendar/Era
instanceKlass java/time/chrono/JapaneseEra
instanceKlass java/time/chrono/Era
instanceKlass java/time/chrono/ChronoLocalDateImpl
instanceKlass java/time/ZonedDateTime
instanceKlass java/time/chrono/ChronoZonedDateTime
instanceKlass java/time/YearMonth
instanceKlass java/time/Year
instanceKlass  @bci java/util/regex/Pattern CIRange (II)Ljava/util/regex/Pattern$CharPredicate; 2 <appendix> member <vmtarget> ; # java/util/regex/Pattern$$Lambda+0x00000008003992d8
instanceKlass  @bci java/util/regex/Pattern SingleI (II)Ljava/util/regex/Pattern$BmpCharPredicate; 2 <appendix> member <vmtarget> ; # java/util/regex/Pattern$$Lambda+0x0000000800399050
instanceKlass java/time/OffsetTime
instanceKlass java/time/OffsetDateTime
instanceKlass  @bci java/time/format/DateTimeFormatter <clinit> ()V 1075 <appendix> argL0 ; # java/time/format/DateTimeFormatter$$Lambda+0x0000000800398898
instanceKlass  @bci java/time/format/DateTimeFormatter <clinit> ()V 1067 <appendix> argL0 ; # java/time/format/DateTimeFormatter$$Lambda+0x0000000800398680
instanceKlass java/time/Period
instanceKlass java/time/chrono/ChronoPeriod
instanceKlass java/time/format/DateTimeFormatterBuilder$TextPrinterParser
instanceKlass java/time/format/DateTimeTextProvider$1
instanceKlass java/time/format/DateTimeTextProvider
instanceKlass java/time/format/DateTimeTextProvider$LocaleStore
instanceKlass java/time/format/DateTimeFormatterBuilder$InstantPrinterParser
instanceKlass java/time/format/DateTimeFormatterBuilder$ZoneIdPrinterParser
instanceKlass java/time/format/DateTimeFormatterBuilder$OffsetIdPrinterParser
instanceKlass java/time/format/DecimalStyle
instanceKlass java/time/format/DateTimeFormatter
instanceKlass java/time/format/DateTimeFormatterBuilder$CompositePrinterParser
instanceKlass java/time/format/DateTimeFormatterBuilder$CharLiteralPrinterParser
instanceKlass java/time/format/DateTimeFormatterBuilder$NumberPrinterParser
instanceKlass java/time/format/DateTimeFormatterBuilder$StringLiteralPrinterParser
instanceKlass java/time/format/DateTimeFormatterBuilder$DateTimePrinterParser
instanceKlass java/time/temporal/JulianFields
instanceKlass java/time/temporal/IsoFields
instanceKlass  @bci java/time/format/DateTimeFormatterBuilder <clinit> ()V 0 <appendix> argL0 ; # java/time/format/DateTimeFormatterBuilder$$Lambda+0x0000000800392bd0
instanceKlass java/time/temporal/TemporalQuery
instanceKlass java/time/format/DateTimeFormatterBuilder
instanceKlass java/time/MonthDay
instanceKlass javax/xml/datatype/Duration
instanceKlass java/util/Currency$OtherCurrencyEntry
instanceKlass java/util/Currency$SpecialCaseEntry
instanceKlass java/util/Currency$1
instanceKlass java/util/Currency
instanceKlass javax/security/auth/Subject
instanceKlass java/awt/datatransfer/MimeType
instanceKlass java/awt/datatransfer/MimeTypeParameterList
instanceKlass javax/sql/rowset/BaseRowSet
instanceKlass javax/activation/DataSource
instanceKlass com/thoughtworks/xstream/security/TypeHierarchyPermission
instanceKlass com/thoughtworks/xstream/security/RegExpTypePermission
instanceKlass com/thoughtworks/xstream/security/NoPermission
instanceKlass com/thoughtworks/xstream/security/ExplicitTypePermission
instanceKlass com/thoughtworks/xstream/security/NoTypePermission
instanceKlass com/thoughtworks/xstream/security/AnyTypePermission
# instanceKlass java/lang/invoke/LambdaForm$MH+0x00000008003de400
# instanceKlass java/lang/invoke/LambdaForm$DMH+0x00000008003de000
instanceKlass  @cpi com/teamdev/jxbrowser/engine/ChromiumBinaries 77 form vmentry <vmtarget> ; # java/lang/invoke/LambdaForm$DMH+0x00000008003ddc00
# instanceKlass java/lang/invoke/LambdaForm$DMH+0x00000008003dd800
instanceKlass java/lang/invoke/MethodHandleImpl$ArrayAccessor
instanceKlass java/lang/invoke/MethodHandleImpl$LoopClauses
instanceKlass java/lang/invoke/MethodHandleImpl$CasesHolder
instanceKlass com/thoughtworks/xstream/converters/SingleValueConverterWrapper
instanceKlass com/thoughtworks/xstream/core/util/TypedNull
instanceKlass com/thoughtworks/xstream/mapper/AnnotationConfiguration
instanceKlass com/thoughtworks/xstream/mapper/Mapper$Null
instanceKlass com/thoughtworks/xstream/mapper/Mapper$ImplicitCollectionMapping
instanceKlass com/thoughtworks/xstream/mapper/PackageAliasingMapper$1
instanceKlass com/thoughtworks/xstream/XStream$2
instanceKlass com/thoughtworks/xstream/XStream$1
instanceKlass com/thoughtworks/xstream/core/util/PrioritizedList
instanceKlass com/thoughtworks/xstream/core/DefaultConverterLookup
instanceKlass com/thoughtworks/xstream/core/ClassLoaderReference
instanceKlass java/util/Base64
instanceKlass java/util/Base64$Decoder
instanceKlass java/util/Base64$Encoder
instanceKlass com/thoughtworks/xstream/core/util/Base64JavaUtilCodec
instanceKlass com/thoughtworks/xstream/core/util/FastStack
instanceKlass java/io/ObjectOutputStream$PutField
instanceKlass sun/util/resources/provider/NonBaseLocaleDataMetaInfo
instanceKlass  @bci sun/util/locale/provider/JRELocaleProviderAdapter createSupportedLocaleString (Ljava/lang/String;)Ljava/lang/String; 6 <appendix> member <vmtarget> ; # sun/util/locale/provider/JRELocaleProviderAdapter$$Lambda+0x000000080038dbd8
instanceKlass sun/util/locale/provider/BaseLocaleDataMetaInfo
instanceKlass java/time/chrono/AbstractChronology
instanceKlass java/time/chrono/Chronology
instanceKlass java/time/LocalDate
instanceKlass java/time/chrono/ChronoLocalDate
instanceKlass java/time/zone/ZoneOffsetTransition
instanceKlass java/time/temporal/ValueRange
instanceKlass java/time/Duration
instanceKlass java/time/temporal/TemporalAmount
instanceKlass java/time/temporal/TemporalUnit
instanceKlass java/time/temporal/TemporalField
instanceKlass java/time/LocalTime
instanceKlass java/time/LocalDateTime
instanceKlass java/time/chrono/ChronoLocalDateTime
instanceKlass java/time/zone/ZoneOffsetTransitionRule
instanceKlass java/time/zone/ZoneRules
instanceKlass java/time/zone/Ser
instanceKlass java/time/zone/ZoneRulesProvider$1
instanceKlass java/time/zone/ZoneRulesProvider
instanceKlass sun/util/cldr/CLDRBaseLocaleDataMetaInfo$TZCanonicalIDMapHolder
instanceKlass  @bci sun/util/locale/provider/LocaleResources getZoneStrings ()[[Ljava/lang/String; 136 <appendix> member <vmtarget> ; # sun/util/locale/provider/LocaleResources$$Lambda+0x0000000800386f68
instanceKlass  @bci sun/util/locale/provider/LocaleResources getZoneStrings ()[[Ljava/lang/String; 123 <appendix> argL0 ; # sun/util/locale/provider/LocaleResources$$Lambda+0x0000000800386d20
instanceKlass  @bci sun/util/cldr/CLDRLocaleProviderAdapter getTimeZoneNameProvider ()Ljava/util/spi/TimeZoneNameProvider; 8 <appendix> member <vmtarget> ; # sun/util/cldr/CLDRLocaleProviderAdapter$$Lambda+0x0000000800385a80
instanceKlass sun/util/locale/provider/TimeZoneNameUtility
instanceKlass java/text/CalendarBuilder
instanceKlass java/text/ParsePosition
instanceKlass com/thoughtworks/xstream/core/util/PresortedSet
instanceKlass com/thoughtworks/xstream/core/util/PresortedMap$1
instanceKlass com/thoughtworks/xstream/core/util/PresortedMap
instanceKlass com/thoughtworks/xstream/core/JVM$1
instanceKlass com/thoughtworks/xstream/converters/reflection/FieldUtil15
instanceKlass com/thoughtworks/xstream/converters/reflection/ImmutableFieldKeySorter
instanceKlass com/thoughtworks/xstream/converters/reflection/FieldDictionary$DictionaryEntry
instanceKlass com/thoughtworks/xstream/converters/reflection/FieldKey
instanceKlass com/thoughtworks/xstream/converters/reflection/FieldDictionary$FieldUtil
instanceKlass com/thoughtworks/xstream/converters/reflection/FieldDictionary
instanceKlass com/thoughtworks/xstream/core/util/DependencyInjectionFactory
instanceKlass com/thoughtworks/xstream/converters/reflection/FieldKeySorter
instanceKlass com/thoughtworks/xstream/converters/reflection/PureJavaReflectionProvider
instanceKlass com/thoughtworks/xstream/converters/reflection/ReflectionProvider
# instanceKlass java/lang/invoke/LambdaForm$MH+0x00000008003d0400
instanceKlass jdk/internal/vm/annotation/ForceInline
instanceKlass com/thoughtworks/xstream/core/JVM$Test
instanceKlass sun/misc/Unsafe
instanceKlass com/thoughtworks/xstream/core/StringCodec
instanceKlass com/thoughtworks/xstream/core/JVM
instanceKlass com/thoughtworks/xstream/core/Caching
instanceKlass com/thoughtworks/xstream/io/xml/XmlFriendlyNameCoder
instanceKlass com/thoughtworks/xstream/io/HierarchicalStreamReader
instanceKlass com/thoughtworks/xstream/converters/ErrorReporter
instanceKlass com/thoughtworks/xstream/io/HierarchicalStreamWriter
instanceKlass com/thoughtworks/xstream/io/naming/NameCoder
instanceKlass com/thoughtworks/xstream/io/AbstractDriver
instanceKlass com/thoughtworks/xstream/MarshallingStrategy
instanceKlass com/thoughtworks/xstream/converters/ErrorWriter
instanceKlass com/thoughtworks/xstream/converters/SingleValueConverter
instanceKlass com/thoughtworks/xstream/mapper/MapperWrapper
instanceKlass com/thoughtworks/xstream/mapper/DefaultMapper
instanceKlass com/thoughtworks/xstream/mapper/Mapper
instanceKlass com/thoughtworks/xstream/converters/DataHolder
instanceKlass com/thoughtworks/xstream/core/util/CustomObjectInputStream$StreamCallback
instanceKlass java/io/ObjectOutput
instanceKlass com/thoughtworks/xstream/core/util/CustomObjectOutputStream$StreamCallback
instanceKlass com/thoughtworks/xstream/security/TypePermission
instanceKlass com/thoughtworks/xstream/converters/Converter
instanceKlass com/thoughtworks/xstream/converters/ConverterMatcher
instanceKlass com/thoughtworks/xstream/converters/ConverterRegistry
instanceKlass com/thoughtworks/xstream/converters/ConverterLookup
instanceKlass com/thoughtworks/xstream/XStream
instanceKlass com/thoughtworks/xstream/io/HierarchicalStreamDriver
instanceKlass com/st/library/rawvaluescontainer/FilesUtils
instanceKlass com/st/library/analyticscore/AnalyticsContext
instanceKlass com/st/library/dynamicproxy/AnalyticsInvocationHandler
instanceKlass com/st/library/analyticscore/Analytics
instanceKlass com/st/library/builder/AnalyticsBuilder
instanceKlass com/st/library/analyticscore/AnalyticsAPI
instanceKlass java/io/FileOutputStream$1
instanceKlass java/io/PrintWriter$1
instanceKlass jdk/internal/access/JavaIOPrintWriterAccess
instanceKlass org/apache/commons/io/IOUtils
instanceKlass java/io/DeleteOnExitHook$1
instanceKlass java/io/DeleteOnExitHook
instanceKlass java/io/File$TempDirectory
instanceKlass java/net/URLClassLoader$2
instanceKlass com/st/microxplorer/plugins/analytics/AnalyticsPlugin$3
instanceKlass com/st/microxplorer/userpreference/UserPreferencesMenuTab
instanceKlass  @bci java/io/FilePermissionCollection add (Ljava/security/Permission;)V 68 <appendix> argL0 ; # java/io/FilePermissionCollection$$Lambda+0x0000000800382940
instanceKlass java/net/URLClassLoader$1
instanceKlass com/st/microxplorer/plugin/PluginManage$1
instanceKlass com/st/components/util/FilesUtils
instanceKlass com/st/microxplorer/plugin/PluginManage
instanceKlass com/st/microxplorer/maingui/RibbonManager
instanceKlass com/st/microxplorer/maingui/RibbonBar$2
instanceKlass com/st/microxplorer/maingui/RibbonBar$1
instanceKlass jdk/internal/util/ByteArrayLittleEndian
instanceKlass javax/swing/plaf/basic/BasicToolBarUI$Handler
instanceKlass javax/swing/plaf/basic/BasicToolBarUI$DockingListener
instanceKlass javax/swing/plaf/metal/MetalBumps
instanceKlass javax/swing/JToolBar$DefaultToolBarLayout
instanceKlass com/st/microxplorer/maingui/ToolBars$2
instanceKlass com/st/microxplorer/maingui/ToolBars$1
instanceKlass com/st/microxplorer/ctxdoc/db/CtxDocAppliHandler
instanceKlass javax/swing/plaf/basic/BasicProgressBarUI$Handler
instanceKlass javax/swing/JProgressBar$ModelListener
instanceKlass javax/swing/SwingWorker
instanceKlass java/util/concurrent/RunnableFuture
instanceKlass com/st/microxplorer/util/ImportTextPane$PopupListener$2
instanceKlass com/st/microxplorer/util/ImportTextPane$PopupListener$1
instanceKlass javax/swing/plaf/synth/SynthUI
instanceKlass javax/swing/plaf/synth/SynthConstants
instanceKlass javax/swing/text/JTextComponent$DefaultKeymap
instanceKlass javax/swing/text/Keymap
instanceKlass javax/swing/text/TabableView
instanceKlass javax/swing/text/FlowView$FlowStrategy
instanceKlass javax/swing/text/TabExpander
instanceKlass javax/swing/text/DefaultStyledDocument$AbstractChangeHandler
instanceKlass sun/swing/text/UndoableEditLockSupport
instanceKlass javax/swing/event/DocumentEvent$EventType
instanceKlass javax/swing/event/DocumentEvent
instanceKlass javax/swing/undo/AbstractUndoableEdit
instanceKlass javax/swing/undo/UndoableEdit
instanceKlass javax/swing/text/DefaultStyledDocument$ElementBuffer
instanceKlass javax/swing/text/StyleContext$KeyEnumeration
instanceKlass javax/swing/text/GapContent$StickyPosition
instanceKlass javax/swing/text/Position
instanceKlass javax/swing/text/AbstractDocument$1
instanceKlass javax/swing/text/AbstractDocument$AbstractElement
instanceKlass javax/swing/tree/TreeNode
instanceKlass javax/swing/text/Element
instanceKlass javax/swing/text/StyleContext$SmallAttributeSet
instanceKlass javax/swing/text/StyleContext$NamedStyle
instanceKlass javax/swing/text/Style
instanceKlass javax/swing/text/StyleContext$FontKey
instanceKlass javax/swing/text/AttributeSet$ParagraphAttribute
instanceKlass javax/swing/text/AttributeSet$ColorAttribute
instanceKlass javax/swing/text/AttributeSet$FontAttribute
instanceKlass javax/swing/text/AttributeSet$CharacterAttribute
instanceKlass javax/swing/text/StyleConstants
instanceKlass javax/swing/text/StyleContext
instanceKlass javax/swing/text/AbstractDocument$AttributeContext
instanceKlass javax/swing/text/GapVector
instanceKlass javax/swing/text/AbstractDocument$Content
instanceKlass javax/swing/text/AbstractDocument
instanceKlass javax/swing/text/StyledDocument
instanceKlass javax/swing/text/SimpleAttributeSet$EmptyAttributeSet
instanceKlass javax/swing/text/SimpleAttributeSet
instanceKlass javax/swing/text/MutableAttributeSet
instanceKlass javax/swing/text/StyledEditorKit$AttributeTracker
instanceKlass javax/swing/event/CaretListener
instanceKlass javax/swing/text/StyledEditorKit$StyledViewFactory
instanceKlass javax/swing/text/DefaultHighlighter$SafeDamager
instanceKlass javax/swing/text/LayeredHighlighter$LayerPainter
instanceKlass javax/swing/text/Highlighter$HighlightPainter
instanceKlass javax/swing/text/Highlighter$Highlight
instanceKlass javax/swing/text/LayeredHighlighter
instanceKlass javax/swing/text/Highlighter
instanceKlass javax/swing/text/Document
instanceKlass javax/swing/text/DefaultCaret$Handler
instanceKlass java/awt/datatransfer/ClipboardOwner
instanceKlass javax/swing/text/Caret
instanceKlass javax/swing/plaf/basic/BasicTextUI$UpdateHandler
instanceKlass javax/swing/event/DocumentListener
instanceKlass javax/swing/text/View
instanceKlass javax/swing/text/Position$Bias
instanceKlass javax/swing/AbstractAction
instanceKlass javax/swing/text/ViewFactory
instanceKlass com/sun/beans/util/Cache$CacheEntry
instanceKlass com/sun/beans/util/Cache
instanceKlass javax/swing/text/JTextComponent$1
instanceKlass sun/swing/SwingAccessor$JTextComponentAccessor
instanceKlass javax/swing/text/AttributeSet
instanceKlass javax/accessibility/AccessibleRelationSet
instanceKlass javax/accessibility/AccessibleContext$1
instanceKlass sun/awt/AWTAccessor$AccessibleContextAccessor
instanceKlass javax/accessibility/AccessibleContext
instanceKlass javax/accessibility/AccessibleValue
instanceKlass javax/accessibility/AccessibleComponent
instanceKlass javax/swing/plaf/metal/MetalScrollPaneUI$1
instanceKlass javax/swing/plaf/basic/BasicScrollPaneUI$Handler
instanceKlass java/awt/event/ComponentAdapter
instanceKlass javax/swing/plaf/basic/BasicScrollBarUI$ScrollListener
instanceKlass javax/swing/plaf/basic/BasicScrollBarUI$Handler
instanceKlass javax/swing/plaf/basic/BasicScrollBarUI$ModelListener
instanceKlass java/beans/VetoableChangeListener
instanceKlass javax/swing/event/AncestorListener
instanceKlass javax/swing/plaf/basic/BasicButtonListener
instanceKlass javax/swing/plaf/metal/MetalBorders
instanceKlass javax/swing/DefaultBoundedRangeModel
instanceKlass javax/swing/BoundedRangeModel
instanceKlass javax/swing/JScrollBar$ModelListener
instanceKlass java/awt/Adjustable
instanceKlass javax/swing/ViewportLayout
instanceKlass javax/swing/ScrollPaneLayout
instanceKlass com/st/microxplorer/maingui/McuScanResultList$3
instanceKlass com/st/microxplorer/maingui/McuScanResultList$2
instanceKlass javax/swing/JTable$SortManager
instanceKlass javax/swing/DefaultRowSorter$ModelWrapper
instanceKlass javax/swing/table/TableRowSorter$ComparableComparator
instanceKlass javax/swing/RowSorter
instanceKlass javax/swing/table/TableColumn
instanceKlass javax/swing/plaf/basic/BasicTableUI$Handler
instanceKlass javax/swing/plaf/basic/DragRecognitionSupport$BeforeDrag
instanceKlass javax/swing/TransferHandler$TransferSupport
instanceKlass javax/swing/TransferHandler$DropHandler
instanceKlass java/awt/datatransfer/SystemFlavorMap$SoftCache
instanceKlass  @bci java/awt/datatransfer/SystemFlavorMap getDefaultFlavorMap ()Ljava/awt/datatransfer/FlavorMap; 3 <appendix> argL0 ; # java/awt/datatransfer/SystemFlavorMap$$Lambda+0x0000000800371f70
instanceKlass java/awt/datatransfer/DataFlavor
instanceKlass java/io/Externalizable
instanceKlass sun/awt/datatransfer/DesktopDatatransferServiceImpl
instanceKlass sun/datatransfer/DataFlavorUtil$DefaultDesktopDatatransferService
instanceKlass sun/datatransfer/DesktopDatatransferService
instanceKlass sun/datatransfer/DataFlavorUtil
instanceKlass java/awt/datatransfer/SystemFlavorMap
instanceKlass java/awt/datatransfer/FlavorTable
instanceKlass java/awt/datatransfer/FlavorMap
instanceKlass java/awt/dnd/DropTargetContext$1
instanceKlass sun/awt/AWTAccessor$DropTargetContextAccessor
instanceKlass java/awt/dnd/DropTargetContext
instanceKlass java/awt/dnd/DropTarget
instanceKlass java/awt/dnd/DropTargetListener
instanceKlass javax/swing/ClientPropertyKey$1
instanceKlass sun/awt/AWTAccessor$ClientPropertyKeyAccessor
instanceKlass sun/swing/UIAction
instanceKlass javax/swing/Action
instanceKlass javax/swing/TransferHandler
instanceKlass javax/swing/AbstractCellEditor
instanceKlass javax/swing/tree/TreeCellEditor
instanceKlass javax/swing/table/TableCellEditor
instanceKlass javax/swing/CellEditor
instanceKlass javax/swing/plaf/basic/BasicTableHeaderUI$MouseInputHandler
instanceKlass javax/swing/plaf/basic/BasicTableHeaderUI$1
instanceKlass sun/swing/table/DefaultTableCellHeaderRenderer$EmptyIcon
instanceKlass  @bci javax/swing/JTable createDefaultEditors ()V 53 <appendix> argL0 ; # javax/swing/JTable$$Lambda+0x0000000800368858
instanceKlass  @bci javax/swing/JTable createDefaultEditors ()V 37 <appendix> argL0 ; # javax/swing/JTable$$Lambda+0x0000000800368640
instanceKlass  @bci javax/swing/JTable createDefaultEditors ()V 22 <appendix> argL0 ; # javax/swing/JTable$$Lambda+0x0000000800368428
instanceKlass  @bci javax/swing/JTable createDefaultRenderers ()V 134 <appendix> argL0 ; # javax/swing/JTable$$Lambda+0x0000000800368210
instanceKlass  @bci javax/swing/JTable createDefaultRenderers ()V 118 <appendix> argL0 ; # javax/swing/JTable$$Lambda+0x0000000800367ff8
instanceKlass  @bci javax/swing/JTable createDefaultRenderers ()V 102 <appendix> argL0 ; # javax/swing/JTable$$Lambda+0x0000000800367de0
instanceKlass  @bci javax/swing/JTable createDefaultRenderers ()V 86 <appendix> argL0 ; # javax/swing/JTable$$Lambda+0x0000000800367bc8
instanceKlass  @bci javax/swing/JTable createDefaultRenderers ()V 70 <appendix> argL0 ; # javax/swing/JTable$$Lambda+0x00000008003679b0
instanceKlass  @bci javax/swing/JTable createDefaultRenderers ()V 54 <appendix> argL0 ; # javax/swing/JTable$$Lambda+0x0000000800367798
instanceKlass  @bci javax/swing/JTable createDefaultRenderers ()V 38 <appendix> argL0 ; # javax/swing/JTable$$Lambda+0x0000000800367580
instanceKlass  @bci javax/swing/JTable createDefaultRenderers ()V 23 <appendix> argL0 ; # javax/swing/JTable$$Lambda+0x0000000800367368
instanceKlass javax/swing/table/AbstractTableModel
instanceKlass javax/swing/DefaultListSelectionModel
instanceKlass javax/swing/ListSelectionModel
instanceKlass javax/swing/table/DefaultTableColumnModel
instanceKlass javax/swing/table/TableColumnModel
instanceKlass javax/swing/table/TableCellRenderer
instanceKlass javax/swing/table/TableModel
instanceKlass javax/swing/plaf/basic/BasicTabbedPaneUI$Handler
instanceKlass javax/swing/plaf/basic/BasicTabbedPaneUI$TabbedPaneLayout
# instanceKlass java/lang/invoke/LambdaForm$MH+0x0000000800313000
instanceKlass sun/reflect/misc/Trampoline
instanceKlass sun/reflect/misc/MethodUtil$1
instanceKlass javax/swing/JTabbedPane$ModelListener
instanceKlass javax/swing/ScrollPaneConstants
instanceKlass javax/swing/KeyboardManager$ComponentKeyStrokePair
instanceKlass  @bci com/st/microxplorer/mxsystem/MxSystem addPropertyChangeListener (Ljava/beans/PropertyChangeListener;)V 111 <adapter> ; # java/lang/invoke/LambdaForm$MH+0x0000000800312000
# instanceKlass java/lang/invoke/LambdaForm$DMH+0x0000000800311c00
instanceKlass  @bci com/st/microxplorer/mxsystem/MxSystem addPropertyChangeListener (Ljava/beans/PropertyChangeListener;)V 111 <appendix> form vmentry <vmtarget> ; # java/lang/invoke/LambdaForm$MH+0x0000000800311800
instanceKlass java/lang/StackTraceElement$HashedModules
instanceKlass java/awt/event/KeyAdapter
instanceKlass java/awt/event/MouseMotionAdapter
instanceKlass javax/swing/ToolTipManager$stillInsideTimerAction
instanceKlass javax/swing/ToolTipManager$outsideTimerAction
instanceKlass javax/swing/Timer$DoPostEvent
instanceKlass javax/swing/ToolTipManager$insideTimerAction
instanceKlass javax/swing/Timer
instanceKlass java/awt/event/MouseAdapter
instanceKlass javax/swing/ButtonGroup
instanceKlass java/awt/event/WindowAdapter
instanceKlass java/awt/event/FocusAdapter
instanceKlass javax/swing/plaf/basic/BasicPopupMenuUI$MenuKeyboardHelper
instanceKlass javax/swing/plaf/basic/BasicPopupMenuUI$MouseGrabber
instanceKlass javax/swing/plaf/basic/BasicPopupMenuUI$BasicMenuKeyListener
instanceKlass javax/swing/plaf/basic/BasicPopupMenuUI$BasicPopupMenuListener
instanceKlass javax/swing/event/PopupMenuListener
instanceKlass javax/swing/plaf/basic/BasicLookAndFeel$1
instanceKlass java/awt/Toolkit$SelectiveAWTEventListener
instanceKlass javax/swing/plaf/basic/BasicLookAndFeel$AWTEventHelper
instanceKlass com/st/microxplorer/maingui/MenuBar$OutputTabMenuItem$1
instanceKlass javax/swing/plaf/metal/MetalIconFactory$MenuItemArrowIcon
instanceKlass javax/swing/MenuSelectionManager
instanceKlass javax/swing/plaf/basic/BasicMenuItemUI$Handler
instanceKlass javax/swing/event/MouseInputListener
instanceKlass javax/swing/event/MenuDragMouseListener
instanceKlass javax/swing/event/MenuKeyListener
instanceKlass sun/swing/MenuItemLayoutHelper
instanceKlass javax/swing/plaf/basic/BasicGraphicsUtils
instanceKlass javax/swing/plaf/metal/MetalIconFactory$MenuArrowIcon
instanceKlass javax/swing/plaf/metal/MetalIconFactory
instanceKlass javax/swing/JMenuItem$MenuItemFocusListener
instanceKlass javax/swing/JMenu$MenuChangeListener
instanceKlass javax/swing/AbstractButton$Handler
instanceKlass javax/swing/DefaultButtonModel
instanceKlass javax/swing/ButtonModel
instanceKlass com/st/microxplorer/maingui/MenuBar$8
instanceKlass javax/swing/filechooser/FileFilter
instanceKlass javax/swing/filechooser/FileView
instanceKlass com/st/microxplorer/maingui/MenuBar$7
instanceKlass com/st/microxplorer/maingui/MenuBar$6
instanceKlass com/st/microxplorer/maingui/MenuBar$5
instanceKlass com/st/microxplorer/maingui/MenuBar$4
instanceKlass com/st/microxplorer/maingui/MenuBar$3
instanceKlass com/st/microxplorer/maingui/MenuBar$2
instanceKlass com/st/microxplorer/maingui/MenuBar$1
instanceKlass javax/swing/KeyboardManager
instanceKlass javax/swing/plaf/basic/BasicMenuBarUI$Handler
instanceKlass javax/swing/BoxLayout
instanceKlass javax/swing/DefaultSingleSelectionModel
instanceKlass javax/swing/SingleSelectionModel
instanceKlass com/st/microxplorer/plugin/IPluginWinMgrActions
instanceKlass javax/swing/event/MenuListener
instanceKlass com/st/microxplorer/util/MXGuiUtils
instanceKlass com/st/components/util/UtilMem
instanceKlass javax/swing/event/RowSorterListener
instanceKlass javax/swing/event/CellEditorListener
instanceKlass javax/swing/event/ListSelectionListener
instanceKlass javax/swing/event/TableModelListener
instanceKlass org/jdesktop/swingx/event/TableColumnModelExtListener
instanceKlass javax/swing/event/TableColumnModelListener
instanceKlass com/st/microxplorer/mcufinder/db/McuInfo
instanceKlass java/awt/ItemSelectable
instanceKlass com/st/microxplorer/db/TechDoc
instanceKlass com/st/microxplorer/plugin/PluginView
instanceKlass com/st/microxplorer/plugin/IPluginView
instanceKlass com/st/microxplorer/maingui/McuSelectorResult
instanceKlass com/st/microxplorer/maingui/ColorsManager
instanceKlass com/st/microxplorer/plugin/IPluginColorsManager
instanceKlass com/st/microxplorer/userpreference/UserPreferences
instanceKlass javax/swing/event/ChangeListener
instanceKlass com/st/microxplorer/plugin/IPluginRibbonBar
instanceKlass com/st/microxplorer/plugin/IPluginToolBar
instanceKlass javax/swing/text/EditorKit
instanceKlass com/st/components/swing/GuiUtils
instanceKlass com/st/microxplorer/stobjects/STCheckIcon
instanceKlass org/jdesktop/swingx/graphics/GraphicsUtilities
instanceKlass javax/swing/BorderFactory
instanceKlass com/st/microxplorer/customgui/STFonts
instanceKlass com/st/microxplorer/stobjects/EmptySquareIcon
instanceKlass com/st/microxplorer/customgui/STGuiConst
instanceKlass com/st/microxplorer/ctxdoc/db/ICtxDocAppliInfo
instanceKlass com/st/microxplorer/plugin/IPluginApplicationInformation
instanceKlass com/st/microxplorer/plugin/IPluginMainPanel
instanceKlass com/st/microxplorer/util/GuiChangeEvents
instanceKlass com/st/microxplorer/plugin/IPluginMenuBar
instanceKlass javax/swing/MenuElement
instanceKlass java/util/prefs/AbstractPreferences$1
instanceKlass java/util/prefs/NodeChangeListener
instanceKlass java/util/prefs/PreferenceChangeListener
instanceKlass  @bci java/util/prefs/WindowsPreferences loadPrefsLib ()V 0 <appendix> argL0 ; # java/util/prefs/WindowsPreferences$$Lambda+0x00000008002b9c90
instanceKlass java/util/prefs/WindowsPreferencesFactory
instanceKlass java/util/prefs/Preferences$3
instanceKlass java/util/prefs/PreferencesFactory
instanceKlass java/util/prefs/Preferences$2
instanceKlass java/util/prefs/Preferences$1
instanceKlass java/util/prefs/Preferences
instanceKlass com/st/components/swing/ToolPreferences
instanceKlass com/st/microxplorer/codegenerator/CodeGenerator$1
instanceKlass com/st/microxplorer/devicetreegenerator/DTGenerator$1
instanceKlass com/st/microxplorer/devicetreegenerator/dtdatamodels/IDTDataModel
instanceKlass com/st/microxplorer/devicetreegenerator/DTGenerator
instanceKlass  @bci java/io/WinNTFileSystem listRoots ()[Ljava/io/File; 38 <appendix> argL0 ; # java/io/WinNTFileSystem$$Lambda+0x00000008002b7f20
instanceKlass  @bci java/io/WinNTFileSystem listRoots ()[Ljava/io/File; 28 <appendix> member <vmtarget> ; # java/io/WinNTFileSystem$$Lambda+0x00000008002b7ae0
instanceKlass  @bci java/io/WinNTFileSystem listRoots ()[Ljava/io/File; 17 <appendix> member <vmtarget> ; # java/io/WinNTFileSystem$$Lambda+0x00000008002b73d0
instanceKlass java/util/BitSet$1BitSetSpliterator
instanceKlass java/util/BitSet
instanceKlass com/st/microxplorer/codegenerator/ProjectSettings
instanceKlass sun/management/NotificationEmitterSupport$ListenerInfo
instanceKlass com/st/microxplorer/mxsystem/MxSystem$1
instanceKlass  @bci java/lang/management/ManagementFactory getPlatformMXBeans (Ljava/lang/Class;)Ljava/util/List; 35 <appendix> member <vmtarget> ; # java/lang/management/ManagementFactory$$Lambda+0x00000008002b6740
instanceKlass  @bci java/lang/management/ManagementFactory$PlatformMBeanFinder findFirst (Ljava/lang/Class;)Lsun/management/spi/PlatformMBeanProvider$PlatformComponent; 19 <appendix> member <vmtarget> ; # java/lang/management/ManagementFactory$PlatformMBeanFinder$$Lambda+0x00000008002b64f0
instanceKlass com/st/microxplorer/mcu/Mcu$77
instanceKlass  @bci java/util/regex/CharPredicates ASCII_WORD ()Ljava/util/regex/Pattern$BmpCharPredicate; 0 <appendix> argL0 ; # java/util/regex/CharPredicates$$Lambda+0x00000008002b6268
instanceKlass com/st/microxplorer/util/CommandLineExporter
instanceKlass com/st/microxplorer/mcu/Mcu$76
instanceKlass com/st/microxplorer/mcu/Mcu$75
instanceKlass com/st/microxplorer/mcu/Mcu$74
instanceKlass com/st/microxplorer/mcu/Mcu$73
instanceKlass com/st/microxplorer/mcu/Mcu$72
instanceKlass com/st/microxplorer/mcu/Mcu$71
instanceKlass com/st/microxplorer/mcu/Mcu$70
instanceKlass com/st/microxplorer/mcu/Mcu$69
instanceKlass com/st/microxplorer/mcu/Mcu$68
instanceKlass com/st/microxplorer/mcu/Mcu$67
instanceKlass com/st/microxplorer/mcu/Mcu$66
instanceKlass com/st/microxplorer/mcu/Mcu$65
instanceKlass com/st/microxplorer/mcu/Mcu$64
instanceKlass com/st/microxplorer/mcu/Mcu$63
instanceKlass com/st/microxplorer/mcu/Mcu$62
instanceKlass com/st/microxplorer/mcu/Mcu$61
instanceKlass com/st/microxplorer/mcu/Mcu$60
instanceKlass com/st/microxplorer/mcu/Mcu$59
instanceKlass com/st/microxplorer/mcu/Mcu$58
instanceKlass com/st/microxplorer/mcu/Mcu$57
instanceKlass com/st/microxplorer/mcu/Mcu$56
instanceKlass com/st/microxplorer/mcu/Mcu$55
instanceKlass com/st/microxplorer/mcu/Mcu$54
instanceKlass com/st/microxplorer/mcu/Mcu$53
instanceKlass com/st/microxplorer/mcu/Mcu$52
instanceKlass com/st/microxplorer/mcu/Mcu$51
instanceKlass com/st/microxplorer/mcu/Mcu$50
instanceKlass com/st/microxplorer/mcu/Mcu$49
instanceKlass com/st/microxplorer/mcu/Mcu$48
instanceKlass com/st/microxplorer/mcu/Mcu$47
instanceKlass com/st/microxplorer/mcu/Mcu$46
instanceKlass com/st/microxplorer/mcu/Mcu$45
instanceKlass com/st/microxplorer/mcu/Mcu$44
instanceKlass com/st/microxplorer/mcu/Mcu$43
instanceKlass com/st/microxplorer/mcu/Mcu$42
instanceKlass com/st/microxplorer/mcu/Mcu$41
instanceKlass com/st/microxplorer/mcu/Mcu$40
instanceKlass com/st/microxplorer/mcu/Mcu$39
instanceKlass com/st/microxplorer/mcu/Mcu$38
instanceKlass com/st/microxplorer/mcu/Mcu$37
instanceKlass com/st/microxplorer/mcu/Mcu$36
instanceKlass com/st/microxplorer/mcu/Mcu$35
instanceKlass com/st/microxplorer/mcu/Mcu$34
instanceKlass com/st/microxplorer/mcu/Mcu$33
instanceKlass com/st/microxplorer/mcu/Mcu$32
instanceKlass com/st/microxplorer/mcu/Mcu$31
instanceKlass com/st/microxplorer/mcu/Mcu$30
instanceKlass com/st/microxplorer/mcu/Mcu$29
instanceKlass com/st/microxplorer/mcu/Mcu$28
instanceKlass com/st/microxplorer/mcu/Mcu$27
instanceKlass com/st/microxplorer/mcu/Mcu$26
instanceKlass com/st/microxplorer/mcu/Mcu$25
instanceKlass com/st/microxplorer/mcu/Mcu$24
instanceKlass com/st/microxplorer/mcu/Mcu$23
instanceKlass com/st/microxplorer/mcu/Mcu$22
instanceKlass com/st/microxplorer/mcu/Mcu$21
instanceKlass com/st/microxplorer/mcu/Mcu$20
instanceKlass com/st/microxplorer/mcu/Mcu$19
instanceKlass com/st/microxplorer/mcu/Mcu$18
instanceKlass com/st/microxplorer/mcu/Mcu$17
instanceKlass com/st/microxplorer/mcu/Mcu$16
instanceKlass com/st/microxplorer/mcu/Mcu$15
instanceKlass com/st/microxplorer/mcu/Mcu$14
instanceKlass com/st/microxplorer/mcu/Mcu$13
instanceKlass com/st/microxplorer/mcu/Mcu$12
instanceKlass com/st/microxplorer/mcu/Mcu$11
instanceKlass com/st/microxplorer/mcu/Mcu$10
instanceKlass com/st/microxplorer/mcu/Mcu$9
instanceKlass com/st/microxplorer/mcu/Mcu$8
instanceKlass com/st/microxplorer/mcu/Mcu$7
instanceKlass com/st/microxplorer/mcu/Mcu$6
instanceKlass com/st/microxplorer/mcu/Mcu$5
instanceKlass org/apache/commons/cli/CommandLineParser
instanceKlass com/st/microxplorer/mcu/Mcu$4
instanceKlass com/st/microxplorer/mcu/Mcu$3
instanceKlass com/st/microxplorer/mcu/Mcu$2
instanceKlass com/st/microxplorer/mcu/Mcu$1
instanceKlass com/st/microxplorer/importproject/ImportInfo
instanceKlass com/st/microxplorer/db/Rule
instanceKlass org/jdom/ContentList$FilterListIterator
instanceKlass org/jdom/filter/AbstractFilter
instanceKlass org/jdom/Attribute
instanceKlass org/jdom/Verifier
instanceKlass org/jdom/filter/Filter
instanceKlass org/jdom/NamespaceKey
instanceKlass org/jdom/Namespace
instanceKlass org/apache/xerces/util/EncodingMap
instanceKlass org/apache/xerces/parsers/AbstractSAXParser$LocatorProxy
instanceKlass org/xml/sax/ext/Locator2
instanceKlass org/apache/xerces/util/SAXMessageFormatter
instanceKlass org/apache/xerces/util/ErrorHandlerWrapper
instanceKlass org/jdom/input/BuilderErrorHandler
instanceKlass org/apache/xerces/parsers/AbstractSAXParser$AttributesProxy
instanceKlass org/xml/sax/ext/Attributes2
instanceKlass org/xml/sax/Attributes
instanceKlass org/xml/sax/AttributeList
instanceKlass org/xml/sax/DocumentHandler
instanceKlass org/xml/sax/Parser
instanceKlass org/apache/xerces/xs/PSVIProvider
instanceKlass javax/xml/parsers/SAXParser
instanceKlass javax/xml/parsers/SAXParserFactory
# instanceKlass java/lang/invoke/LambdaForm$MH+0x00000008002e9800
# instanceKlass java/lang/invoke/LambdaForm$DMH+0x00000008002e9400
instanceKlass java/lang/invoke/ClassSpecializer$Factory$1Var
# instanceKlass java/lang/invoke/LambdaForm$DMH+0x00000008002e9000
instanceKlass sun/invoke/util/ValueConversions$1
instanceKlass sun/invoke/util/ValueConversions$WrapperCache
# instanceKlass java/lang/invoke/LambdaForm$DMH+0x00000008002e8400
instanceKlass sun/invoke/util/VerifyAccess$1
instanceKlass org/jdom/input/JAXPParserFactory
instanceKlass org/jdom/Document
instanceKlass org/jdom/input/TextBuffer
instanceKlass org/jdom/Content
instanceKlass org/jdom/Parent
instanceKlass org/xml/sax/helpers/DefaultHandler
instanceKlass org/xml/sax/ext/DeclHandler
instanceKlass org/xml/sax/ext/LexicalHandler
instanceKlass org/jdom/DefaultJDOMFactory
instanceKlass org/xml/sax/XMLReader
instanceKlass org/xml/sax/DTDHandler
instanceKlass org/xml/sax/ContentHandler
instanceKlass org/jdom/JDOMFactory
instanceKlass org/jdom/input/SAXBuilder
instanceKlass com/st/microxplorer/db/ApplicableRules
instanceKlass com/st/microxplorer/db/RulesReader
instanceKlass com/st/microxplorer/mxsystem/Board
instanceKlass com/st/microxplorer/util/LogicalParser$UnknownVariable
instanceKlass com/bestcode/mathparser/Variable
instanceKlass java/util/ResourceBundle$Control$2
instanceKlass  @bci java/util/ResourceBundle$ResourceBundleControlProviderHolder lambda$static$0 ()Ljava/util/List; 11 <appendix> argL0 ; # java/util/ResourceBundle$ResourceBundleControlProviderHolder$$Lambda+0x00000008002b1e18
instanceKlass java/util/ServiceLoader$ProviderSpliterator
instanceKlass java/util/spi/ResourceBundleControlProvider
instanceKlass  @bci java/util/ResourceBundle$ResourceBundleControlProviderHolder <clinit> ()V 0 <appendix> argL0 ; # java/util/ResourceBundle$ResourceBundleControlProviderHolder$$Lambda+0x00000008002b1770
instanceKlass java/util/ResourceBundle$ResourceBundleControlProviderHolder
instanceKlass com/bestcode/util/StrUtil
instanceKlass com/bestcode/mathparser/__if
instanceKlass com/bestcode/mathparser/OneParamFunc
instanceKlass com/bestcode/mathparser/TwoParamFunc
instanceKlass com/bestcode/mathparser/__sum
instanceKlass com/bestcode/mathparser/IVariableResolver
instanceKlass com/bestcode/mathparser/IFunction
instanceKlass com/bestcode/mathparser/Node
instanceKlass com/bestcode/mathparser/IParameter
instanceKlass com/bestcode/mathparser/MathParserImpl
instanceKlass com/bestcode/mathparser/IMathParser
instanceKlass com/st/microxplorer/mcu/McuExternalApplication
instanceKlass com/st/microxplorer/mcu/ContextAllowed
instanceKlass com/st/microxplorer/mcu/GenTypeFirmwareName
instanceKlass com/st/microxplorer/mcu/memorymap/IMemoryMapService
instanceKlass com/st/microxplorer/mcu/lpbam/ILPBAMService
instanceKlass com/st/microxplorer/mcu/Mcu
instanceKlass com/st/microxplorer/mcu/McuMiscChangeEvents
instanceKlass com/st/microxplorer/mcu/McuErrorCode
instanceKlass com/st/microxplorer/util/IGenericProgressBar
instanceKlass com/st/microxplorer/util/IOutputUI
instanceKlass com/st/microxplorer/importproject/ImportEngine
instanceKlass com/st/microxplorer/codegenerator/ConfigCacheType
instanceKlass java/io/FileFilter
instanceKlass com/st/microxplorer/mcu/IDMAService
instanceKlass com/st/microxplorer/mcu/IP
instanceKlass com/st/microxplorer/util/IMXSemaphore
instanceKlass com/st/microxplorer/codegenerator/CodeGenerator
instanceKlass com/st/microxplorer/mcufinder/db/crossselector/CrossReferenceDbSqlite
instanceKlass com/st/microxplorer/mcufinder/db/crossselector/CrossReferenceDb
instanceKlass com/st/microxplorer/mcufinder/db/DbMcusAds
instanceKlass com/st/microxplorer/mcufinder/db/McuFinderConstants
instanceKlass javax/swing/Scrollable
instanceKlass com/st/microxplorer/mcufinder/util/AppliInfo
instanceKlass  @bci javax/swing/text/html/parser/Parser error (Ljava/lang/String;Ljava/lang/String;Ljava/lang/String;Ljava/lang/String;)V 10 <appendix> form vmentry <vmtarget> ; # java/lang/invoke/LambdaForm$MH+0x00000008002cd000
instanceKlass  @bci javax/swing/text/html/parser/Parser error (Ljava/lang/String;Ljava/lang/String;Ljava/lang/String;Ljava/lang/String;)V 10 <appendix> argL3 form vmentry <vmtarget> ; # java/lang/invoke/LambdaForm$MH+0x00000008002cc800
instanceKlass  @bci com/st/microxplorer/plugins/projectmanager/model/ToolchainGenerator SearchJar ()Ljava/lang/String; 38 <appendix> argL4 form vmentry <vmtarget> ; # java/lang/invoke/LambdaForm$MH+0x00000008002cc400
instanceKlass  @bci javax/swing/text/html/parser/Parser error (Ljava/lang/String;Ljava/lang/String;Ljava/lang/String;Ljava/lang/String;)V 10 <appendix> argL1 form vmentry <vmtarget> ; # java/lang/invoke/LambdaForm$MH+0x00000008002cb400
instanceKlass com/st/microxplorer/mcufinder/util/CrossPlatformAppliInfo
instanceKlass  @bci com/st/microxplorer/plugins/power/ss/powerdashboard/model/Model <init> (Ljava/lang/Float;I)V 471 <appendix> form vmentry <vmtarget> ; # java/lang/invoke/LambdaForm$MH+0x00000008002ca400
instanceKlass  @bci com/st/microxplorer/plugins/power/ss/powerdashboard/model/Model <init> (Ljava/lang/Float;I)V 471 <appendix> argL3 form vmentry <vmtarget> ; # java/lang/invoke/LambdaForm$MH+0x00000008002c9c00
# instanceKlass java/lang/invoke/LambdaForm$MH+0x00000008002c9800
instanceKlass  @bci com/st/microxplorer/plugins/power/ss/powerdashboard/model/Model <init> (Ljava/lang/Float;I)V 471 <appendix> argL1 form vmentry <vmtarget> ; # java/lang/invoke/LambdaForm$MH+0x00000008002c8800
# instanceKlass java/lang/invoke/LambdaForm$MH+0x00000008002c8000
instanceKlass com/st/microxplorer/mcufinder/db/McuFinderGlobals
instanceKlass com/st/microxplorer/mcufinder/db/DbFile
instanceKlass com/st/microxplorer/mcufinder/db/ApiDb
instanceKlass com/st/microxplorer/mcufinder/db/DbUtils
instanceKlass com/st/microxplorer/mcu/Context
instanceKlass sun/font/CMap
instanceKlass java/awt/event/MouseEvent$1
instanceKlass sun/awt/AWTAccessor$MouseEventAccessor
instanceKlass com/st/microxplorer/db/ApiDbMcu
instanceKlass com/st/microxplorer/mcu/ErrorCode
instanceKlass sun/font/FontScaler
instanceKlass sun/font/TrueTypeFont$DirectoryEntry
instanceKlass com/st/microxplorer/mxsystem/ILPBAMProjectConfigurator
instanceKlass java/nio/channels/spi/AbstractInterruptibleChannel$1
instanceKlass sun/nio/ch/Interruptible
instanceKlass sun/font/StrikeCache$DisposableStrike
instanceKlass com/st/microxplorer/mxsystem/ProjectConfigurator
instanceKlass sun/font/FontStrikeDisposer
instanceKlass sun/java2d/Disposer$PollDisposable
instanceKlass sun/font/FontStrikeDesc
instanceKlass sun/font/FontDesignMetrics$MetricsKey
instanceKlass java/awt/FontMetrics
instanceKlass com/st/microxplorer/mxsystem/ProjectFactory
instanceKlass sun/swing/SwingUtilities2$KeyPair
instanceKlass com/st/microxplorer/mxsystem/MxSystemChangeEvents
instanceKlass com/st/microxplorer/mcu/McuChangeEvents
instanceKlass sun/awt/image/BufImgSurfaceData$ICMColorData
instanceKlass  @bci java/util/regex/Pattern DOT ()Ljava/util/regex/Pattern$CharPredicate; 0 <appendix> argL0 ; # java/util/regex/Pattern$$Lambda+0x00000008002a7db8
instanceKlass sun/java2d/opengl/OGLGraphicsConfig
instanceKlass sun/java2d/pipe/hw/AccelGraphicsConfig
instanceKlass sun/java2d/pipe/hw/BufferedContextProvider
instanceKlass com/st/components/util/ApplicationProperties
instanceKlass sun/awt/SunGraphicsCallback
instanceKlass java/awt/Cursor$CursorDisposer
instanceKlass javax/swing/RepaintManager$4
instanceKlass sun/awt/GlobalCursorManager$NativeUpdater
instanceKlass sun/awt/GlobalCursorManager
instanceKlass javax/swing/RepaintManager$2$1
instanceKlass java/awt/SplashScreen
instanceKlass java/util/LinkedList$ListItr
instanceKlass java/awt/TrayIcon
instanceKlass java/awt/MenuComponent
instanceKlass com/st/microxplorer/stobjects/STSplash$2
instanceKlass com/st/microxplorer/stobjects/STSplash$1
instanceKlass javax/swing/RepaintManager$2
instanceKlass sun/awt/NullComponentPeer
instanceKlass sun/awt/LightweightPeerHolder
instanceKlass sun/awt/ModalExclude
instanceKlass java/awt/peer/LightweightPeer
instanceKlass sun/awt/im/ExecutableInputMethodManager$3
instanceKlass sun/awt/im/InputMethodLocator
instanceKlass sun/awt/windows/WInputMethodDescriptor
instanceKlass java/awt/im/spi/InputMethodDescriptor
instanceKlass sun/awt/im/InputMethodManager
instanceKlass  @bci com/st/microxplorer/plugins/power/mcu/PowerInfo getDatasheetDocIDAndRevision ()Ljava/lang/String; 68 <appendix> form vmentry <vmtarget> ; # java/lang/invoke/LambdaForm$MH+0x00000008002c3000
instanceKlass  @bci com/st/microxplorer/plugins/power/mcu/PowerInfo getDatasheetDocIDAndRevision ()Ljava/lang/String; 68 <appendix> argL3 form vmentry <vmtarget> ; # java/lang/invoke/LambdaForm$MH+0x00000008002c2800
instanceKlass  @bci com/l2fprod/common/swing/LookAndFeelTweaks htmlize (Ljavax/swing/JComponent;Ljava/awt/Font;)V 16 <appendix> argL3 argL2 form vmentry <vmtarget> ; # java/lang/invoke/LambdaForm$MH+0x00000008002c2400
instanceKlass  @bci com/l2fprod/common/swing/LookAndFeelTweaks htmlize (Ljavax/swing/JComponent;Ljava/awt/Font;)V 16 <appendix> argL1 argL0 form vmentry <vmtarget> ; # java/lang/invoke/LambdaForm$MH+0x00000008002c1400
# instanceKlass java/lang/invoke/LambdaForm$MH+0x00000008002c0c00
instanceKlass sun/awt/FontConfiguration$2
instanceKlass sun/awt/Win32FontManager$2
instanceKlass sun/font/FontFamily
instanceKlass sun/font/CompositeFontDescriptor
instanceKlass sun/font/SunFontManager$FontRegistrationInfo
instanceKlass sun/awt/FontDescriptor
instanceKlass sun/awt/FontConfiguration
instanceKlass sun/font/SunFontManager$2
instanceKlass sun/font/TrueTypeFont$1
instanceKlass sun/font/TrueTypeFont$TTDisposerRecord
instanceKlass sun/awt/Win32FontManager$1
instanceKlass sun/font/PlatformFontInfo
instanceKlass sun/font/FontManagerFactory
instanceKlass sun/font/GlyphList
instanceKlass sun/font/StrikeCache$1
instanceKlass sun/font/StrikeCache
instanceKlass sun/font/FontStrike
instanceKlass sun/font/CharToGlyphMapper
instanceKlass sun/font/StrikeMetrics
instanceKlass sun/font/Font2D
instanceKlass sun/font/FontManagerNativeLibrary$1
instanceKlass sun/font/FontManagerNativeLibrary
instanceKlass sun/font/SunFontManager$1
instanceKlass sun/font/SunFontManager$T1Filter
instanceKlass sun/font/SunFontManager$TTFilter
instanceKlass java/io/FilenameFilter
instanceKlass sun/font/Font2DHandle
instanceKlass sun/font/SunFontManager
instanceKlass sun/font/FontManagerForSGE
instanceKlass sun/font/FontManager
instanceKlass sun/java2d/FontSupport
instanceKlass sun/awt/NativeLibLoader$1
instanceKlass sun/awt/NativeLibLoader
instanceKlass sun/awt/PlatformFont
instanceKlass java/awt/peer/FontPeer
instanceKlass  @bci java/awt/SystemColor <clinit> ()V 643 <appendix> argL0 ; # java/awt/SystemColor$$Lambda+0x0000000800294148
instanceKlass  @cpi java/awt/SystemColor 241 form vmentry <vmtarget> ; # java/lang/invoke/LambdaForm$DMH+0x00000008002c0400
instanceKlass sun/awt/AWTAccessor$SystemColorAccessor
instanceKlass sun/java2d/StateTracker$2
instanceKlass sun/java2d/StateTracker$1
instanceKlass sun/java2d/StateTracker
instanceKlass sun/java2d/SurfaceDataProxy
instanceKlass sun/awt/image/SurfaceManager$FlushableCacheData
instanceKlass sun/java2d/DefaultDisposerRecord
instanceKlass sun/java2d/loops/GraphicsPrimitiveMgr$PrimitiveSpec
instanceKlass sun/java2d/loops/RenderLoops
instanceKlass sun/java2d/windows/GDIRenderer
instanceKlass sun/java2d/loops/GraphicsPrimitiveMgr$2
instanceKlass sun/java2d/loops/GraphicsPrimitiveMgr$1
instanceKlass sun/java2d/loops/GeneralRenderer
instanceKlass sun/java2d/loops/CustomComponent
instanceKlass sun/java2d/pipe/ValidatePipe
instanceKlass java/awt/BasicStroke
instanceKlass java/awt/Stroke
instanceKlass java/awt/geom/Path2D
instanceKlass java/awt/AlphaComposite
instanceKlass java/awt/Graphics
instanceKlass sun/awt/ConstrainableGraphics
instanceKlass sun/java2d/loops/GraphicsPrimitiveMgr
instanceKlass sun/java2d/loops/CompositeType
instanceKlass sun/java2d/loops/GraphicsPrimitiveMgr$GeneralPrimitives
instanceKlass sun/java2d/loops/GraphicsPrimitive
instanceKlass sun/java2d/loops/XORComposite
instanceKlass java/awt/Composite
instanceKlass java/awt/EventQueue$5
instanceKlass java/awt/EventQueue$4
instanceKlass sun/awt/dnd/SunDragSourceContextPeer
instanceKlass java/awt/dnd/peer/DragSourceContextPeer
instanceKlass sun/java2d/ScreenUpdateManager
instanceKlass java/awt/ModalEventFilter
instanceKlass java/awt/EventDispatchThread$HierarchyEventFilter
instanceKlass java/awt/EventFilter
instanceKlass java/awt/EventDispatchThread$1
instanceKlass java/awt/Conditional
instanceKlass sun/awt/windows/WComponentPeer$2
instanceKlass java/awt/EventQueue$6
instanceKlass sun/awt/EventQueueItem
instanceKlass java/awt/SequencedEvent$2
instanceKlass java/awt/SequencedEvent$1
instanceKlass sun/awt/AWTAccessor$SequencedEventAccessor
instanceKlass java/awt/event/InvocationEvent$1
instanceKlass sun/awt/AWTAccessor$InvocationEventAccessor
instanceKlass java/awt/ActiveEvent
instanceKlass  @bci sun/awt/windows/WWindowPeer displayChanged ()V 5 <appendix> member <vmtarget> ; # sun/awt/windows/WWindowPeer$$Lambda+0x0000000800286458
instanceKlass  @cpi com/teamdev/jxbrowser/capture/internal/CaptureSessions 28 form vmentry <vmtarget> ; # java/lang/invoke/LambdaForm$DMH+0x00000008002c0000
instanceKlass sun/awt/im/InputMethodWindow
instanceKlass sun/awt/ExtendedKeyCodes
instanceKlass sun/awt/RepaintArea
instanceKlass sun/awt/windows/WWindowPeer$GuiDisposedListener
instanceKlass sun/awt/windows/WWindowPeer$ActiveWindowListener
instanceKlass java/awt/peer/CanvasPeer
instanceKlass java/awt/peer/PanelPeer
instanceKlass java/awt/peer/FramePeer
instanceKlass java/awt/peer/WindowPeer
instanceKlass java/awt/peer/ContainerPeer
instanceKlass javax/swing/plaf/basic/BasicHTML
instanceKlass javax/swing/plaf/metal/DefaultMetalTheme$FontDelegate$1
instanceKlass javax/swing/ActionMap
instanceKlass  @bci jdk/internal/reflect/MethodHandleIntegerFieldAccessorImpl getInt (Ljava/lang/Object;)I 11 <adapter> ; # java/lang/invoke/LambdaForm$MH+0x000000080020b800
instanceKlass java/awt/event/KeyEvent$1
instanceKlass sun/awt/AWTAccessor$KeyEventAccessor
instanceKlass java/awt/VKCollection
instanceKlass javax/swing/InputMap
instanceKlass javax/swing/LayoutComparator
instanceKlass javax/swing/RepaintManager$PaintManager
instanceKlass javax/swing/JRootPane$RootLayout
instanceKlass javax/swing/ArrayTable
instanceKlass com/sun/java/swing/SwingUtilities3
instanceKlass javax/swing/RepaintManager$ProcessingRunnable
instanceKlass javax/swing/plaf/ComponentUI
instanceKlass sun/util/ResourceBundleEnumeration
instanceKlass javax/swing/UIDefaults$1
instanceKlass javax/swing/UIManager$2
instanceKlass sun/awt/PaintEventDispatcher
instanceKlass javax/swing/RepaintManager$1
instanceKlass sun/swing/SwingAccessor$RepaintManagerAccessor
instanceKlass javax/swing/RepaintManager$DisplayChangedHandler
instanceKlass javax/swing/RepaintManager
instanceKlass javax/swing/plaf/metal/OceanTheme$6
instanceKlass javax/swing/plaf/metal/OceanTheme$5
instanceKlass javax/swing/plaf/metal/OceanTheme$4
instanceKlass javax/swing/plaf/metal/OceanTheme$3
instanceKlass javax/swing/plaf/metal/OceanTheme$2
instanceKlass javax/swing/plaf/metal/OceanTheme$1
instanceKlass  @bci javax/swing/plaf/metal/OceanTheme addCustomEntriesToTable (Ljavax/swing/UIDefaults;)V 1 <appendix> member <vmtarget> ; # javax/swing/plaf/metal/OceanTheme$$Lambda+0x000000080021aa78
instanceKlass java/util/EventListenerProxy
instanceKlass  @bci javax/swing/plaf/metal/MetalLookAndFeel initComponentDefaults (Ljavax/swing/UIDefaults;)V 12018 <appendix> argL0 ; # javax/swing/plaf/metal/MetalLookAndFeel$$Lambda+0x000000080021a1a0
instanceKlass  @bci javax/swing/plaf/metal/MetalLookAndFeel initComponentDefaults (Ljavax/swing/UIDefaults;)V 11955 <appendix> argL0 ; # javax/swing/plaf/metal/MetalLookAndFeel$$Lambda+0x0000000800219f88
instanceKlass  @bci javax/swing/plaf/metal/MetalLookAndFeel initComponentDefaults (Ljavax/swing/UIDefaults;)V 11907 <appendix> argL0 ; # javax/swing/plaf/metal/MetalLookAndFeel$$Lambda+0x0000000800219d70
instanceKlass  @bci javax/swing/plaf/metal/MetalLookAndFeel initComponentDefaults (Ljavax/swing/UIDefaults;)V 11758 <appendix> argL0 ; # javax/swing/plaf/metal/MetalLookAndFeel$$Lambda+0x0000000800219b58
instanceKlass  @bci javax/swing/plaf/metal/MetalLookAndFeel initComponentDefaults (Ljavax/swing/UIDefaults;)V 11740 <appendix> argL0 ; # javax/swing/plaf/metal/MetalLookAndFeel$$Lambda+0x0000000800219940
instanceKlass  @bci javax/swing/plaf/metal/MetalLookAndFeel initComponentDefaults (Ljavax/swing/UIDefaults;)V 10675 <appendix> argL0 ; # javax/swing/plaf/metal/MetalLookAndFeel$$Lambda+0x0000000800219728
instanceKlass  @bci javax/swing/plaf/metal/MetalLookAndFeel initComponentDefaults (Ljavax/swing/UIDefaults;)V 10657 <appendix> argL0 ; # javax/swing/plaf/metal/MetalLookAndFeel$$Lambda+0x0000000800219510
instanceKlass  @bci javax/swing/plaf/metal/MetalLookAndFeel initComponentDefaults (Ljavax/swing/UIDefaults;)V 10639 <appendix> argL0 ; # javax/swing/plaf/metal/MetalLookAndFeel$$Lambda+0x00000008002192f8
instanceKlass  @bci javax/swing/plaf/metal/MetalLookAndFeel initComponentDefaults (Ljavax/swing/UIDefaults;)V 10621 <appendix> argL0 ; # javax/swing/plaf/metal/MetalLookAndFeel$$Lambda+0x00000008002190e0
instanceKlass  @bci javax/swing/plaf/metal/MetalLookAndFeel initComponentDefaults (Ljavax/swing/UIDefaults;)V 10603 <appendix> argL0 ; # javax/swing/plaf/metal/MetalLookAndFeel$$Lambda+0x0000000800218ec8
instanceKlass  @bci javax/swing/plaf/metal/MetalLookAndFeel initComponentDefaults (Ljavax/swing/UIDefaults;)V 10124 <appendix> argL0 ; # javax/swing/plaf/metal/MetalLookAndFeel$$Lambda+0x0000000800218cb0
instanceKlass  @bci javax/swing/plaf/metal/MetalLookAndFeel initComponentDefaults (Ljavax/swing/UIDefaults;)V 10106 <appendix> argL0 ; # javax/swing/plaf/metal/MetalLookAndFeel$$Lambda+0x0000000800218a98
instanceKlass  @bci javax/swing/plaf/metal/MetalLookAndFeel initComponentDefaults (Ljavax/swing/UIDefaults;)V 9938 <appendix> argL0 ; # javax/swing/plaf/metal/MetalLookAndFeel$$Lambda+0x0000000800218880
instanceKlass  @bci javax/swing/plaf/metal/MetalLookAndFeel initComponentDefaults (Ljavax/swing/UIDefaults;)V 9920 <appendix> argL0 ; # javax/swing/plaf/metal/MetalLookAndFeel$$Lambda+0x0000000800218668
instanceKlass  @bci javax/swing/plaf/metal/MetalLookAndFeel initComponentDefaults (Ljavax/swing/UIDefaults;)V 9259 <appendix> argL0 ; # javax/swing/plaf/metal/MetalLookAndFeel$$Lambda+0x0000000800218450
instanceKlass  @bci javax/swing/plaf/metal/MetalLookAndFeel initComponentDefaults (Ljavax/swing/UIDefaults;)V 9241 <appendix> argL0 ; # javax/swing/plaf/metal/MetalLookAndFeel$$Lambda+0x0000000800218238
instanceKlass  @bci javax/swing/plaf/metal/MetalLookAndFeel initComponentDefaults (Ljavax/swing/UIDefaults;)V 9074 <appendix> argL0 ; # javax/swing/plaf/metal/MetalLookAndFeel$$Lambda+0x0000000800218020
instanceKlass  @bci javax/swing/plaf/metal/MetalLookAndFeel initComponentDefaults (Ljavax/swing/UIDefaults;)V 9056 <appendix> argL0 ; # javax/swing/plaf/metal/MetalLookAndFeel$$Lambda+0x0000000800217e08
instanceKlass  @bci javax/swing/plaf/metal/MetalLookAndFeel initComponentDefaults (Ljavax/swing/UIDefaults;)V 8779 <appendix> argL0 ; # javax/swing/plaf/metal/MetalLookAndFeel$$Lambda+0x0000000800217bf0
instanceKlass  @bci javax/swing/plaf/metal/MetalLookAndFeel initComponentDefaults (Ljavax/swing/UIDefaults;)V 5003 <appendix> member <vmtarget> ; # javax/swing/plaf/metal/MetalLookAndFeel$$Lambda+0x00000008002179d8
instanceKlass  @bci javax/swing/plaf/metal/MetalLookAndFeel initComponentDefaults (Ljavax/swing/UIDefaults;)V 4983 <appendix> member <vmtarget> ; # javax/swing/plaf/metal/MetalLookAndFeel$$Lambda+0x00000008002177c0
instanceKlass  @bci javax/swing/plaf/metal/MetalLookAndFeel initComponentDefaults (Ljavax/swing/UIDefaults;)V 4963 <appendix> member <vmtarget> ; # javax/swing/plaf/metal/MetalLookAndFeel$$Lambda+0x00000008002175a8
instanceKlass  @bci javax/swing/plaf/metal/MetalLookAndFeel initComponentDefaults (Ljavax/swing/UIDefaults;)V 4943 <appendix> member <vmtarget> ; # javax/swing/plaf/metal/MetalLookAndFeel$$Lambda+0x0000000800217390
instanceKlass  @bci javax/swing/plaf/metal/MetalLookAndFeel initComponentDefaults (Ljavax/swing/UIDefaults;)V 4923 <appendix> argL0 ; # javax/swing/plaf/metal/MetalLookAndFeel$$Lambda+0x0000000800217178
instanceKlass  @bci javax/swing/plaf/metal/MetalLookAndFeel initComponentDefaults (Ljavax/swing/UIDefaults;)V 4887 <appendix> argL0 ; # javax/swing/plaf/metal/MetalLookAndFeel$$Lambda+0x0000000800216f60
instanceKlass  @bci javax/swing/plaf/metal/MetalLookAndFeel initComponentDefaults (Ljavax/swing/UIDefaults;)V 4869 <appendix> argL0 ; # javax/swing/plaf/metal/MetalLookAndFeel$$Lambda+0x0000000800216d48
instanceKlass  @bci javax/swing/plaf/metal/MetalLookAndFeel initComponentDefaults (Ljavax/swing/UIDefaults;)V 4851 <appendix> argL0 ; # javax/swing/plaf/metal/MetalLookAndFeel$$Lambda+0x0000000800216b30
instanceKlass  @bci javax/swing/plaf/metal/MetalLookAndFeel initComponentDefaults (Ljavax/swing/UIDefaults;)V 4833 <appendix> argL0 ; # javax/swing/plaf/metal/MetalLookAndFeel$$Lambda+0x0000000800216918
instanceKlass  @bci javax/swing/plaf/metal/MetalLookAndFeel initComponentDefaults (Ljavax/swing/UIDefaults;)V 4204 <appendix> argL0 ; # javax/swing/plaf/metal/MetalLookAndFeel$$Lambda+0x0000000800216700
instanceKlass  @bci javax/swing/plaf/metal/MetalLookAndFeel initComponentDefaults (Ljavax/swing/UIDefaults;)V 4186 <appendix> argL0 ; # javax/swing/plaf/metal/MetalLookAndFeel$$Lambda+0x00000008002164e8
instanceKlass  @bci javax/swing/plaf/metal/MetalLookAndFeel initComponentDefaults (Ljavax/swing/UIDefaults;)V 3874 <appendix> argL0 ; # javax/swing/plaf/metal/MetalLookAndFeel$$Lambda+0x00000008002162d0
instanceKlass  @bci javax/swing/plaf/metal/MetalLookAndFeel initComponentDefaults (Ljavax/swing/UIDefaults;)V 3858 <appendix> argL0 ; # javax/swing/plaf/metal/MetalLookAndFeel$$Lambda+0x00000008002160b8
instanceKlass  @bci javax/swing/plaf/metal/MetalLookAndFeel initComponentDefaults (Ljavax/swing/UIDefaults;)V 3842 <appendix> argL0 ; # javax/swing/plaf/metal/MetalLookAndFeel$$Lambda+0x0000000800215ea0
instanceKlass  @bci javax/swing/plaf/metal/MetalLookAndFeel initComponentDefaults (Ljavax/swing/UIDefaults;)V 3826 <appendix> argL0 ; # javax/swing/plaf/metal/MetalLookAndFeel$$Lambda+0x0000000800215c88
instanceKlass  @bci javax/swing/plaf/metal/MetalLookAndFeel initComponentDefaults (Ljavax/swing/UIDefaults;)V 3810 <appendix> argL0 ; # javax/swing/plaf/metal/MetalLookAndFeel$$Lambda+0x0000000800215a70
instanceKlass  @bci javax/swing/plaf/metal/MetalLookAndFeel initComponentDefaults (Ljavax/swing/UIDefaults;)V 3794 <appendix> argL0 ; # javax/swing/plaf/metal/MetalLookAndFeel$$Lambda+0x0000000800215858
instanceKlass  @bci javax/swing/plaf/metal/MetalLookAndFeel initComponentDefaults (Ljavax/swing/UIDefaults;)V 3778 <appendix> argL0 ; # javax/swing/plaf/metal/MetalLookAndFeel$$Lambda+0x0000000800215640
instanceKlass  @bci javax/swing/plaf/metal/MetalLookAndFeel initComponentDefaults (Ljavax/swing/UIDefaults;)V 3762 <appendix> argL0 ; # javax/swing/plaf/metal/MetalLookAndFeel$$Lambda+0x0000000800215428
instanceKlass  @bci javax/swing/plaf/metal/MetalLookAndFeel initComponentDefaults (Ljavax/swing/UIDefaults;)V 3746 <appendix> argL0 ; # javax/swing/plaf/metal/MetalLookAndFeel$$Lambda+0x0000000800215210
instanceKlass  @bci javax/swing/plaf/metal/MetalLookAndFeel initComponentDefaults (Ljavax/swing/UIDefaults;)V 3730 <appendix> argL0 ; # javax/swing/plaf/metal/MetalLookAndFeel$$Lambda+0x0000000800214ff8
instanceKlass  @bci javax/swing/plaf/metal/MetalLookAndFeel initComponentDefaults (Ljavax/swing/UIDefaults;)V 3509 <appendix> argL0 ; # javax/swing/plaf/metal/MetalLookAndFeel$$Lambda+0x0000000800214de0
instanceKlass  @bci javax/swing/plaf/metal/MetalLookAndFeel initComponentDefaults (Ljavax/swing/UIDefaults;)V 3399 <appendix> argL0 ; # javax/swing/plaf/metal/MetalLookAndFeel$$Lambda+0x0000000800214bc8
instanceKlass javax/swing/plaf/metal/MetalLookAndFeel$FontActiveValue
instanceKlass  @bci javax/swing/plaf/metal/MetalLookAndFeel initComponentDefaults (Ljavax/swing/UIDefaults;)V 2174 <appendix> member <vmtarget> ; # javax/swing/plaf/metal/MetalLookAndFeel$$Lambda+0x0000000800214780
instanceKlass  @bci javax/swing/plaf/metal/MetalLookAndFeel initComponentDefaults (Ljavax/swing/UIDefaults;)V 2165 <appendix> member <vmtarget> ; # javax/swing/plaf/metal/MetalLookAndFeel$$Lambda+0x0000000800214560
instanceKlass  @bci javax/swing/plaf/metal/MetalLookAndFeel initComponentDefaults (Ljavax/swing/UIDefaults;)V 2156 <appendix> member <vmtarget> ; # javax/swing/plaf/metal/MetalLookAndFeel$$Lambda+0x0000000800214340
instanceKlass  @bci javax/swing/plaf/metal/MetalLookAndFeel initComponentDefaults (Ljavax/swing/UIDefaults;)V 2147 <appendix> member <vmtarget> ; # javax/swing/plaf/metal/MetalLookAndFeel$$Lambda+0x0000000800214120
instanceKlass  @bci javax/swing/plaf/metal/MetalLookAndFeel initComponentDefaults (Ljavax/swing/UIDefaults;)V 2138 <appendix> argL0 ; # javax/swing/plaf/metal/MetalLookAndFeel$$Lambda+0x0000000800213f08
instanceKlass  @bci javax/swing/plaf/metal/MetalLookAndFeel initComponentDefaults (Ljavax/swing/UIDefaults;)V 2126 <appendix> argL0 ; # javax/swing/plaf/metal/MetalLookAndFeel$$Lambda+0x0000000800213cf0
instanceKlass  @bci javax/swing/plaf/metal/MetalLookAndFeel initComponentDefaults (Ljavax/swing/UIDefaults;)V 2119 <appendix> argL0 ; # javax/swing/plaf/metal/MetalLookAndFeel$$Lambda+0x0000000800213ad8
instanceKlass  @bci javax/swing/plaf/metal/MetalLookAndFeel initComponentDefaults (Ljavax/swing/UIDefaults;)V 2112 <appendix> argL0 ; # javax/swing/plaf/metal/MetalLookAndFeel$$Lambda+0x00000008002138c0
instanceKlass  @bci javax/swing/plaf/metal/MetalLookAndFeel initComponentDefaults (Ljavax/swing/UIDefaults;)V 2105 <appendix> argL0 ; # javax/swing/plaf/metal/MetalLookAndFeel$$Lambda+0x00000008002136a8
instanceKlass  @bci javax/swing/plaf/metal/MetalLookAndFeel initComponentDefaults (Ljavax/swing/UIDefaults;)V 2098 <appendix> member <vmtarget> ; # javax/swing/plaf/metal/MetalLookAndFeel$$Lambda+0x0000000800213488
instanceKlass  @bci javax/swing/plaf/metal/MetalLookAndFeel initComponentDefaults (Ljavax/swing/UIDefaults;)V 2089 <appendix> argL0 ; # javax/swing/plaf/metal/MetalLookAndFeel$$Lambda+0x0000000800213270
instanceKlass  @bci javax/swing/plaf/metal/MetalLookAndFeel initComponentDefaults (Ljavax/swing/UIDefaults;)V 2082 <appendix> argL0 ; # javax/swing/plaf/metal/MetalLookAndFeel$$Lambda+0x0000000800213058
instanceKlass  @bci javax/swing/plaf/metal/MetalLookAndFeel initComponentDefaults (Ljavax/swing/UIDefaults;)V 2075 <appendix> argL0 ; # javax/swing/plaf/metal/MetalLookAndFeel$$Lambda+0x0000000800212e40
instanceKlass  @bci javax/swing/plaf/metal/MetalLookAndFeel initComponentDefaults (Ljavax/swing/UIDefaults;)V 126 <appendix> argL0 ; # javax/swing/plaf/metal/MetalLookAndFeel$$Lambda+0x0000000800212c28
instanceKlass  @bci javax/swing/plaf/metal/MetalLookAndFeel initComponentDefaults (Ljavax/swing/UIDefaults;)V 119 <appendix> argL0 ; # javax/swing/plaf/metal/MetalLookAndFeel$$Lambda+0x0000000800212a10
instanceKlass  @bci javax/swing/plaf/metal/MetalLookAndFeel initComponentDefaults (Ljavax/swing/UIDefaults;)V 112 <appendix> argL0 ; # javax/swing/plaf/metal/MetalLookAndFeel$$Lambda+0x00000008002127f8
instanceKlass  @bci javax/swing/plaf/basic/BasicLookAndFeel initComponentDefaults (Ljavax/swing/UIDefaults;)V 10900 <appendix> argL0 ; # javax/swing/plaf/basic/BasicLookAndFeel$$Lambda+0x00000008002125e0
instanceKlass  @bci javax/swing/plaf/basic/BasicLookAndFeel initComponentDefaults (Ljavax/swing/UIDefaults;)V 10882 <appendix> argL0 ; # javax/swing/plaf/basic/BasicLookAndFeel$$Lambda+0x00000008002123c8
instanceKlass  @bci javax/swing/plaf/basic/BasicLookAndFeel initComponentDefaults (Ljavax/swing/UIDefaults;)V 2622 <appendix> argL0 ; # javax/swing/plaf/basic/BasicLookAndFeel$$Lambda+0x00000008002121b0
instanceKlass  @bci javax/swing/plaf/basic/BasicLookAndFeel initComponentDefaults (Ljavax/swing/UIDefaults;)V 2604 <appendix> argL0 ; # javax/swing/plaf/basic/BasicLookAndFeel$$Lambda+0x0000000800211f98
instanceKlass  @bci javax/swing/plaf/basic/BasicLookAndFeel initComponentDefaults (Ljavax/swing/UIDefaults;)V 2586 <appendix> argL0 ; # javax/swing/plaf/basic/BasicLookAndFeel$$Lambda+0x0000000800211d80
instanceKlass  @bci javax/swing/plaf/basic/BasicLookAndFeel initComponentDefaults (Ljavax/swing/UIDefaults;)V 2568 <appendix> argL0 ; # javax/swing/plaf/basic/BasicLookAndFeel$$Lambda+0x0000000800211b68
instanceKlass javax/swing/UIDefaults$LazyInputMap
instanceKlass  @bci javax/swing/plaf/basic/BasicLookAndFeel initComponentDefaults (Ljavax/swing/UIDefaults;)V 789 <appendix> argL0 ; # javax/swing/plaf/basic/BasicLookAndFeel$$Lambda+0x0000000800211728
instanceKlass  @bci javax/swing/plaf/basic/BasicLookAndFeel initComponentDefaults (Ljavax/swing/UIDefaults;)V 730 <appendix> argL0 ; # javax/swing/plaf/basic/BasicLookAndFeel$$Lambda+0x0000000800211510
instanceKlass  @bci javax/swing/plaf/basic/BasicLookAndFeel initComponentDefaults (Ljavax/swing/UIDefaults;)V 723 <appendix> argL0 ; # javax/swing/plaf/basic/BasicLookAndFeel$$Lambda+0x00000008002112f8
instanceKlass  @bci javax/swing/plaf/basic/BasicLookAndFeel initComponentDefaults (Ljavax/swing/UIDefaults;)V 671 <appendix> argL0 ; # javax/swing/plaf/basic/BasicLookAndFeel$$Lambda+0x00000008002110e0
instanceKlass  @bci javax/swing/plaf/basic/BasicLookAndFeel initComponentDefaults (Ljavax/swing/UIDefaults;)V 664 <appendix> member <vmtarget> ; # javax/swing/plaf/basic/BasicLookAndFeel$$Lambda+0x0000000800210ec8
instanceKlass  @bci javax/swing/plaf/basic/BasicLookAndFeel initComponentDefaults (Ljavax/swing/UIDefaults;)V 655 <appendix> member <vmtarget> ; # javax/swing/plaf/basic/BasicLookAndFeel$$Lambda+0x0000000800210cb0
instanceKlass  @bci javax/swing/plaf/basic/BasicLookAndFeel initComponentDefaults (Ljavax/swing/UIDefaults;)V 642 <appendix> member <vmtarget> ; # javax/swing/plaf/basic/BasicLookAndFeel$$Lambda+0x0000000800210a98
instanceKlass  @bci javax/swing/plaf/basic/BasicLookAndFeel initComponentDefaults (Ljavax/swing/UIDefaults;)V 611 <appendix> argL0 ; # javax/swing/plaf/basic/BasicLookAndFeel$$Lambda+0x0000000800210648
instanceKlass  @bci javax/swing/plaf/basic/BasicLookAndFeel initComponentDefaults (Ljavax/swing/UIDefaults;)V 604 <appendix> argL0 ; # javax/swing/plaf/basic/BasicLookAndFeel$$Lambda+0x0000000800210430
instanceKlass  @bci javax/swing/plaf/basic/BasicLookAndFeel initComponentDefaults (Ljavax/swing/UIDefaults;)V 597 <appendix> argL0 ; # javax/swing/plaf/basic/BasicLookAndFeel$$Lambda+0x0000000800210218
instanceKlass  @bci javax/swing/plaf/basic/BasicLookAndFeel initComponentDefaults (Ljavax/swing/UIDefaults;)V 590 <appendix> argL0 ; # javax/swing/plaf/basic/BasicLookAndFeel$$Lambda+0x0000000800210000
instanceKlass  @bci javax/swing/plaf/basic/BasicLookAndFeel initComponentDefaults (Ljavax/swing/UIDefaults;)V 583 <appendix> argL0 ; # javax/swing/plaf/basic/BasicLookAndFeel$$Lambda+0x000000080023fd80
instanceKlass  @bci javax/swing/plaf/basic/BasicLookAndFeel initComponentDefaults (Ljavax/swing/UIDefaults;)V 576 <appendix> argL0 ; # javax/swing/plaf/basic/BasicLookAndFeel$$Lambda+0x000000080023fb68
instanceKlass  @bci javax/swing/plaf/basic/BasicLookAndFeel initComponentDefaults (Ljavax/swing/UIDefaults;)V 569 <appendix> argL0 ; # javax/swing/plaf/basic/BasicLookAndFeel$$Lambda+0x000000080023f950
instanceKlass  @bci javax/swing/plaf/basic/BasicLookAndFeel initComponentDefaults (Ljavax/swing/UIDefaults;)V 562 <appendix> argL0 ; # javax/swing/plaf/basic/BasicLookAndFeel$$Lambda+0x000000080023f738
instanceKlass javax/swing/plaf/basic/BasicLookAndFeel$2
instanceKlass  @bci javax/swing/plaf/basic/BasicLookAndFeel initComponentDefaults (Ljavax/swing/UIDefaults;)V 545 <appendix> argL0 ; # javax/swing/plaf/basic/BasicLookAndFeel$$Lambda+0x000000080023f300
instanceKlass  @bci com/teamdev/jxbrowser/engine/ChromiumBinaries deliverTo (Ljava/nio/file/Path;Lcom/teamdev/jxbrowser/engine/BinariesDelivery;)V 107 <adapter> ; # java/lang/invoke/LambdaForm$MH+0x000000080020b400
# instanceKlass java/lang/invoke/LambdaForm$DMH+0x000000080020b000
instanceKlass  @bci com/teamdev/jxbrowser/engine/ChromiumBinaries deliverTo (Ljava/nio/file/Path;Lcom/teamdev/jxbrowser/engine/BinariesDelivery;)V 107 <appendix> form vmentry <vmtarget> ; # java/lang/invoke/LambdaForm$DMH+0x000000080020ac00
instanceKlass  @bci sun/swing/SwingUtilities2 makeIcon (Ljava/lang/Class;Ljava/lang/Class;Ljava/lang/String;Z)Ljava/lang/Object; 4 <appendix> member <vmtarget> ; # sun/swing/SwingUtilities2$$Lambda+0x000000080023f0e0
instanceKlass  @cpi sun/swing/SwingUtilities2 1496 form vmentry <vmtarget> ; # java/lang/invoke/LambdaForm$DMH+0x000000080020a800
instanceKlass  @bci javax/swing/plaf/basic/BasicLookAndFeel initComponentDefaults (Ljavax/swing/UIDefaults;)V 398 <appendix> argL0 ; # javax/swing/plaf/basic/BasicLookAndFeel$$Lambda+0x000000080023eec8
instanceKlass  @bci javax/swing/plaf/basic/BasicLookAndFeel initComponentDefaults (Ljavax/swing/UIDefaults;)V 391 <appendix> argL0 ; # javax/swing/plaf/basic/BasicLookAndFeel$$Lambda+0x000000080023ecb0
instanceKlass  @bci javax/swing/plaf/basic/BasicLookAndFeel initComponentDefaults (Ljavax/swing/UIDefaults;)V 384 <appendix> argL0 ; # javax/swing/plaf/basic/BasicLookAndFeel$$Lambda+0x000000080023ea98
instanceKlass  @bci javax/swing/plaf/basic/BasicLookAndFeel initComponentDefaults (Ljavax/swing/UIDefaults;)V 377 <appendix> member <vmtarget> ; # javax/swing/plaf/basic/BasicLookAndFeel$$Lambda+0x000000080023e878
instanceKlass javax/swing/border/AbstractBorder
instanceKlass javax/swing/border/Border
instanceKlass  @bci javax/swing/plaf/basic/BasicLookAndFeel initComponentDefaults (Ljavax/swing/UIDefaults;)V 349 <appendix> member <vmtarget> ; # javax/swing/plaf/basic/BasicLookAndFeel$$Lambda+0x000000080023dd30
instanceKlass  @bci javax/swing/plaf/basic/BasicLookAndFeel initComponentDefaults (Ljavax/swing/UIDefaults;)V 340 <appendix> argL0 ; # javax/swing/plaf/basic/BasicLookAndFeel$$Lambda+0x000000080023db18
instanceKlass  @bci javax/swing/plaf/basic/BasicLookAndFeel initComponentDefaults (Ljavax/swing/UIDefaults;)V 333 <appendix> argL0 ; # javax/swing/plaf/basic/BasicLookAndFeel$$Lambda+0x000000080023d900
instanceKlass  @bci javax/swing/plaf/basic/BasicLookAndFeel initComponentDefaults (Ljavax/swing/UIDefaults;)V 326 <appendix> argL0 ; # javax/swing/plaf/basic/BasicLookAndFeel$$Lambda+0x000000080023d6e8
instanceKlass  @bci javax/swing/plaf/basic/BasicLookAndFeel initComponentDefaults (Ljavax/swing/UIDefaults;)V 319 <appendix> argL0 ; # javax/swing/plaf/basic/BasicLookAndFeel$$Lambda+0x000000080023d4d0
instanceKlass  @bci javax/swing/plaf/basic/BasicLookAndFeel initComponentDefaults (Ljavax/swing/UIDefaults;)V 312 <appendix> argL0 ; # javax/swing/plaf/basic/BasicLookAndFeel$$Lambda+0x000000080023d2b8
instanceKlass javax/swing/UIDefaults$ActiveValue
instanceKlass  @bci javax/swing/plaf/basic/BasicLookAndFeel initComponentDefaults (Ljavax/swing/UIDefaults;)V 47 <appendix> argL0 ; # javax/swing/plaf/basic/BasicLookAndFeel$$Lambda+0x000000080023cca0
instanceKlass  @bci javax/swing/plaf/basic/BasicLookAndFeel initComponentDefaults (Ljavax/swing/UIDefaults;)V 40 <appendix> argL0 ; # javax/swing/plaf/basic/BasicLookAndFeel$$Lambda+0x000000080023ca88
instanceKlass  @bci javax/swing/plaf/basic/BasicLookAndFeel initComponentDefaults (Ljavax/swing/UIDefaults;)V 33 <appendix> argL0 ; # javax/swing/plaf/basic/BasicLookAndFeel$$Lambda+0x000000080023c870
instanceKlass  @bci javax/swing/plaf/basic/BasicLookAndFeel initComponentDefaults (Ljavax/swing/UIDefaults;)V 26 <appendix> argL0 ; # javax/swing/plaf/basic/BasicLookAndFeel$$Lambda+0x000000080023c658
instanceKlass  @bci javax/swing/plaf/basic/BasicLookAndFeel initComponentDefaults (Ljavax/swing/UIDefaults;)V 19 <appendix> argL0 ; # javax/swing/plaf/basic/BasicLookAndFeel$$Lambda+0x000000080023c440
instanceKlass javax/swing/UIDefaults$LazyValue
instanceKlass javax/swing/plaf/metal/DefaultMetalTheme$FontDelegate
instanceKlass javax/swing/plaf/UIResource
instanceKlass javax/swing/plaf/metal/MetalTheme
instanceKlass sun/swing/DefaultLookup
instanceKlass javax/swing/LookAndFeel
instanceKlass javax/swing/UIManager$1
instanceKlass  @bci javax/swing/UIDefaults <clinit> ()V 10 <appendix> argL0 ; # javax/swing/UIDefaults$$Lambda+0x0000000800239640
instanceKlass  @cpi com/teamdev/jxbrowser/view/swing/internal/menu/SuggestionsListener 40 form vmentry <vmtarget> ; # java/lang/invoke/LambdaForm$DMH+0x000000080020a400
instanceKlass sun/swing/SwingAccessor$UIDefaultsAccessor
instanceKlass javax/swing/UIManager$LAFState
instanceKlass sun/swing/SwingUtilities2$LSBCacheEntry
instanceKlass sun/swing/StringUIClientPropertyKey
instanceKlass javax/swing/UIClientPropertyKey
instanceKlass java/awt/font/FontRenderContext
instanceKlass sun/swing/SwingUtilities2
instanceKlass java/util/IdentityHashMap$IdentityHashMapIterator
instanceKlass java/awt/Toolkit$DesktopPropertyChangeSupport$1
instanceKlass sun/awt/SunHints$Value
instanceKlass java/awt/RenderingHints$Key
instanceKlass sun/awt/SunHints
instanceKlass java/awt/RenderingHints
instanceKlass sun/awt/windows/WDesktopProperties$WinPlaySound
instanceKlass java/awt/Color
instanceKlass java/awt/Paint
instanceKlass sun/awt/windows/ThemeReader
instanceKlass sun/awt/windows/WDesktopProperties
instanceKlass javax/swing/UIManager$LookAndFeelInfo
instanceKlass javax/swing/UIManager
instanceKlass java/awt/FlowLayout
instanceKlass javax/swing/JComponent$2
instanceKlass javax/swing/JComponent$1
instanceKlass sun/swing/SwingAccessor$JComponentAccessor
instanceKlass java/awt/AWTEventMulticaster
instanceKlass java/awt/event/MouseWheelListener
instanceKlass java/awt/event/HierarchyBoundsListener
instanceKlass java/awt/event/HierarchyListener
instanceKlass java/awt/event/InputMethodListener
instanceKlass java/awt/event/TextListener
instanceKlass java/awt/event/AdjustmentListener
instanceKlass java/awt/event/ItemListener
instanceKlass java/awt/event/ActionListener
instanceKlass java/awt/event/WindowFocusListener
instanceKlass java/awt/event/MouseMotionListener
instanceKlass java/awt/event/KeyListener
instanceKlass java/awt/event/FocusListener
instanceKlass java/awt/event/ContainerListener
instanceKlass java/awt/Component$3
instanceKlass sun/awt/KeyboardFocusManagerPeerImpl
instanceKlass java/awt/peer/KeyboardFocusManagerPeer
instanceKlass javax/swing/KeyStroke$1
instanceKlass sun/swing/SwingAccessor$KeyStrokeAccessor
instanceKlass sun/swing/SwingAccessor
instanceKlass java/awt/AWTKeyStroke
instanceKlass java/awt/FocusTraversalPolicy
instanceKlass java/awt/DefaultKeyboardFocusManager$2
instanceKlass java/awt/DefaultKeyboardFocusManager$1
instanceKlass sun/awt/AWTAccessor$DefaultKeyboardFocusManagerAccessor
instanceKlass java/awt/KeyboardFocusManager$1
instanceKlass sun/awt/AWTAccessor$KeyboardFocusManagerAccessor
instanceKlass java/awt/KeyboardFocusManager
instanceKlass java/awt/KeyEventPostProcessor
instanceKlass java/awt/KeyEventDispatcher
instanceKlass java/awt/Window$WindowDisposerRecord
instanceKlass java/awt/BorderLayout
instanceKlass java/awt/LayoutManager2
instanceKlass java/awt/GraphicsConfiguration
instanceKlass sun/awt/image/SurfaceManager$ProxiedGraphicsConfig
instanceKlass java/awt/GraphicsDevice
instanceKlass sun/awt/SunDisplayChanger
instanceKlass sun/java2d/SurfaceManagerFactory
instanceKlass sun/java2d/windows/WindowsFlags$1
instanceKlass sun/java2d/windows/WindowsFlags
instanceKlass java/awt/GraphicsEnvironment$LocalGE
instanceKlass java/awt/Cursor$1
instanceKlass sun/awt/AWTAccessor$CursorAccessor
instanceKlass java/awt/Cursor
instanceKlass java/awt/Frame$1
instanceKlass sun/awt/AWTAccessor$FrameAccessor
instanceKlass java/awt/event/WindowListener
instanceKlass javax/swing/SwingUtilities
instanceKlass  @bci sun/awt/windows/WToolkit <init> ()V 142 <appendix> argL0 ; # sun/awt/windows/WToolkit$$Lambda+0x0000000800226f08
instanceKlass  @bci sun/awt/windows/WToolkit lambda$registerShutdownHook$2 ()Ljava/lang/Void; 8 <appendix> member <vmtarget> ; # sun/awt/windows/WToolkit$$Lambda+0x0000000800226ce8
instanceKlass  @bci sun/awt/windows/WToolkit registerShutdownHook ()V 1 <appendix> member <vmtarget> ; # sun/awt/windows/WToolkit$$Lambda+0x0000000800226ac8
instanceKlass  @bci sun/awt/windows/WToolkit run ()V 0 <appendix> argL0 ; # sun/awt/windows/WToolkit$$Lambda+0x00000008002268b0
instanceKlass  @bci sun/awt/windows/WToolkit <init> ()V 93 <appendix> member <vmtarget> ; # sun/awt/windows/WToolkit$$Lambda+0x0000000800226690
instanceKlass  @bci sun/awt/windows/WToolkit <init> ()V 68 <appendix> argL0 ; # sun/awt/windows/WToolkit$$Lambda+0x0000000800226478
instanceKlass  @bci sun/awt/AWTAutoShutdown activateBlockerThread ()V 1 <appendix> member <vmtarget> ; # sun/awt/AWTAutoShutdown$$Lambda+0x0000000800226258
instanceKlass sun/awt/AWTAutoShutdown
instanceKlass sun/awt/windows/WToolkit$ToolkitDisposer
instanceKlass sun/awt/util/PerformanceLogger$TimeData
instanceKlass sun/awt/util/PerformanceLogger
instanceKlass sun/awt/SunToolkit$ModalityListenerList
instanceKlass sun/awt/ModalityListener
instanceKlass java/beans/ChangeListenerMap
instanceKlass java/beans/PropertyChangeSupport
instanceKlass javax/swing/event/EventListenerList
instanceKlass sun/awt/windows/WDesktopPeer
instanceKlass java/awt/peer/DesktopPeer
instanceKlass sun/awt/DisplayChangedListener
instanceKlass sun/java2d/DestSurfaceProvider
instanceKlass sun/java2d/loops/RenderCache$Entry
instanceKlass sun/java2d/loops/RenderCache
instanceKlass sun/java2d/pipe/DrawImage
instanceKlass sun/java2d/pipe/GeneralCompositePipe
instanceKlass sun/java2d/pipe/SpanShapeRenderer
instanceKlass sun/java2d/pipe/AlphaPaintPipe
instanceKlass sun/java2d/pipe/AAShapePipe
instanceKlass sun/java2d/pipe/RegionIterator
instanceKlass sun/java2d/pipe/Region
instanceKlass sun/java2d/pipe/SpanClipRenderer
instanceKlass sun/java2d/pipe/PixelToShapeConverter
instanceKlass sun/java2d/pipe/AlphaColorPipe
instanceKlass sun/java2d/pipe/CompositePipe
instanceKlass  @bci com/st/microxplorer/plugins/updater/engine/ServerAccessManage setConnectionProperties (Ljava/net/HttpURLConnection;II)V 5 <appendix> form vmentry <vmtarget> ; # java/lang/invoke/LambdaForm$MH+0x000000080020a000
instanceKlass  @bci com/st/microxplorer/plugins/updater/engine/ServerAccessManage setConnectionProperties (Ljava/net/HttpURLConnection;II)V 5 <appendix> argL3 form vmentry <vmtarget> ; # java/lang/invoke/LambdaForm$MH+0x0000000800209c00
instanceKlass  @bci java/awt/Color toString ()Ljava/lang/String; 19 <appendix> argL3 argL2 form vmentry <vmtarget> ; # java/lang/invoke/LambdaForm$MH+0x0000000800209800
instanceKlass  @bci com/st/microxplorer/plugins/clock/gui/VariedSourceUI updateVariedSourceUI ()V 83 <appendix> argL1 argL0 form vmentry <vmtarget> ; # java/lang/invoke/LambdaForm$MH+0x0000000800208800
# instanceKlass java/lang/invoke/LambdaForm$MH+0x0000000800208000
instanceKlass sun/awt/OSInfo$1
instanceKlass sun/awt/OSInfo$WindowsVersion
instanceKlass sun/awt/OSInfo
instanceKlass sun/font/FontUtilities$1
instanceKlass sun/font/FontUtilities
instanceKlass sun/java2d/pipe/GlyphListPipe
instanceKlass sun/java2d/pipe/OutlineTextRenderer
instanceKlass sun/java2d/ReentrantContextProvider
instanceKlass sun/java2d/marlin/FloatMath
instanceKlass sun/java2d/marlin/MarlinProperties
instanceKlass sun/java2d/marlin/MarlinConst
instanceKlass sun/java2d/pipe/RenderingEngine
instanceKlass sun/java2d/pipe/LoopPipe
instanceKlass sun/java2d/pipe/LoopBasedPipe
instanceKlass sun/java2d/pipe/ParallelogramPipe
instanceKlass sun/java2d/pipe/NullPipe
instanceKlass sun/java2d/pipe/DrawImagePipe
instanceKlass sun/java2d/pipe/TextPipe
instanceKlass sun/java2d/pipe/ShapeDrawPipe
instanceKlass sun/java2d/pipe/PixelFillPipe
instanceKlass sun/java2d/pipe/PixelDrawPipe
instanceKlass java/awt/image/ColorModel$1RGBdefault
instanceKlass sun/awt/image/PixelConverter
instanceKlass sun/java2d/loops/SurfaceType
instanceKlass sun/java2d/SurfaceData
instanceKlass sun/java2d/Surface
instanceKlass sun/awt/windows/WToolkit$1
instanceKlass java/awt/image/MultiResolutionImage
instanceKlass java/awt/MediaEntry
instanceKlass java/io/RandomAccessFile$1
instanceKlass java/awt/image/BufferedImage$1
instanceKlass sun/awt/image/SurfaceManager
instanceKlass sun/awt/image/SurfaceManager$ImageAccessor
instanceKlass java/awt/ImageCapabilities
instanceKlass sun/awt/image/NativeLibLoader$1
instanceKlass sun/awt/image/NativeLibLoader
instanceKlass sun/java2d/StateTrackableDelegate$2
instanceKlass sun/java2d/StateTrackableDelegate
instanceKlass sun/java2d/StateTrackable
instanceKlass java/awt/geom/RectangularShape
instanceKlass java/awt/Shape
instanceKlass java/awt/image/SampleModel
instanceKlass java/awt/image/ColorModel$1
instanceKlass java/awt/image/ColorModel
instanceKlass java/awt/image/Raster
instanceKlass java/awt/image/DataBuffer$1
instanceKlass sun/awt/image/SunWritableRaster$DataStealer
instanceKlass java/awt/image/DataBuffer
instanceKlass com/sun/imageio/plugins/png/PNGImageDataEnumeration
instanceKlass javax/imageio/IIOParam
instanceKlass javax/imageio/metadata/IIOMetadata
instanceKlass java/awt/geom/Point2D
instanceKlass java/util/concurrent/ForkJoinPool$2
instanceKlass jdk/internal/access/JavaUtilConcurrentFJPAccess
instanceKlass java/util/concurrent/ForkJoinPool$DefaultForkJoinWorkerThreadFactory
instanceKlass java/util/concurrent/ForkJoinPool$WorkQueue
instanceKlass java/util/concurrent/ForkJoinPool$ForkJoinWorkerThreadFactory
instanceKlass javax/imageio/ImageIO$ImageReaderIterator
instanceKlass com/sun/imageio/plugins/common/ReaderUtil
instanceKlass javax/imageio/spi/FilterIterator
instanceKlass javax/imageio/ImageIO$CanDecodeInputFilter
instanceKlass javax/imageio/spi/ServiceRegistry$Filter
instanceKlass sun/java2d/DisposerTarget
instanceKlass  @bci sun/java2d/Disposer <clinit> ()V 104 <appendix> argL0 ; # sun/java2d/Disposer$$Lambda+0x000000080026b418
instanceKlass sun/java2d/Disposer$1
instanceKlass sun/java2d/Disposer
instanceKlass javax/imageio/stream/FileCacheImageInputStream$StreamDisposerRecord
instanceKlass sun/java2d/DisposerRecord
instanceKlass sun/awt/util/ThreadGroupUtils
instanceKlass  @bci com/sun/imageio/stream/StreamCloser addToQueue (Lcom/sun/imageio/stream/StreamCloser$CloseAction;)V 45 <appendix> member <vmtarget> ; # com/sun/imageio/stream/StreamCloser$$Lambda+0x000000080026a788
instanceKlass com/sun/imageio/stream/StreamCloser$1
instanceKlass com/sun/imageio/stream/StreamCloser$CloseAction
instanceKlass com/sun/imageio/stream/StreamCloser
instanceKlass sun/nio/fs/WindowsChannelFactory$2
instanceKlass sun/nio/fs/WindowsPath$1
instanceKlass sun/security/provider/AbstractDrbg$NonceProvider
instanceKlass  @bci sun/security/provider/AbstractDrbg$SeederHolder <clinit> ()V 42 <appendix> member <vmtarget> ; # sun/security/provider/AbstractDrbg$SeederHolder$$Lambda+0x0000000800269440
instanceKlass  @bci org/sqlite/core/CoreResultSet close ()V 105 <bsm> form vmentry <vmtarget> ; # java/lang/invoke/LambdaForm$DMH+0x0000000800207800
instanceKlass  @cpi sun/security/provider/AbstractDrbg$SeederHolder 91 form vmentry <vmtarget> ; # java/lang/invoke/LambdaForm$DMH+0x0000000800207400
instanceKlass java/nio/file/Files$AcceptAllFilter
instanceKlass java/net/NetworkInterface$1
instanceKlass java/net/DefaultInterface
instanceKlass java/net/InterfaceAddress
instanceKlass java/net/NetworkInterface
instanceKlass sun/security/provider/ByteArrayAccess$BE
instanceKlass sun/security/provider/ByteArrayAccess
instanceKlass sun/security/provider/SeedGenerator$1
instanceKlass sun/security/util/MessageDigestSpi2
instanceKlass sun/security/jca/GetInstance$Instance
instanceKlass sun/security/jca/GetInstance
instanceKlass java/security/MessageDigestSpi
instanceKlass sun/security/provider/SeedGenerator
instanceKlass sun/security/provider/AbstractDrbg$SeederHolder
instanceKlass java/security/DrbgParameters$NextBytes
instanceKlass  @bci sun/security/provider/AbstractDrbg <clinit> ()V 12 <appendix> argL0 ; # sun/security/provider/AbstractDrbg$$Lambda+0x00000008002660a0
instanceKlass  @cpi sun/security/provider/AbstractDrbg 383 form vmentry <vmtarget> ; # java/lang/invoke/LambdaForm$DMH+0x0000000800206c00
instanceKlass sun/security/provider/EntropySource
instanceKlass sun/security/provider/AbstractDrbg
instanceKlass java/security/DrbgParameters$Instantiation
instanceKlass java/security/DrbgParameters
instanceKlass sun/security/provider/MoreDrbgParameters
instanceKlass  @bci sun/security/provider/DRBG <init> (Ljava/security/SecureRandomParameters;)V 26 <appendix> argL0 ; # sun/security/provider/DRBG$$Lambda+0x0000000800264b90
instanceKlass java/security/SecureRandomSpi
instanceKlass java/security/SecureRandomParameters
instanceKlass sun/security/util/SecurityProviderConstants
instanceKlass java/security/Provider$UString
instanceKlass java/security/Provider$Service
instanceKlass sun/security/provider/NativePRNG$NonBlocking
instanceKlass sun/security/provider/NativePRNG$Blocking
instanceKlass sun/security/provider/NativePRNG
instanceKlass sun/security/provider/SunEntries$1
instanceKlass sun/security/provider/SunEntries
instanceKlass java/util/AbstractList$Itr
instanceKlass sun/security/jca/ProviderList$2
instanceKlass jdk/internal/math/FloatingDecimal$ASCIIToBinaryBuffer
instanceKlass jdk/internal/math/FloatingDecimal$PreparedASCIIToBinaryBuffer
instanceKlass jdk/internal/math/FloatingDecimal$ASCIIToBinaryConverter
instanceKlass jdk/internal/math/FloatingDecimal$BinaryToASCIIBuffer
instanceKlass jdk/internal/math/FloatingDecimal$ExceptionalBinaryToASCIIBuffer
instanceKlass jdk/internal/math/FloatingDecimal$BinaryToASCIIConverter
instanceKlass jdk/internal/math/FloatingDecimal
instanceKlass java/security/Provider$EngineDescription
instanceKlass java/security/Provider$ServiceKey
instanceKlass sun/security/jca/ProviderConfig
instanceKlass sun/security/jca/ProviderList
instanceKlass sun/security/jca/Providers
instanceKlass java/nio/file/TempFileHelper
instanceKlass javax/imageio/stream/ImageInputStreamImpl
instanceKlass javax/imageio/ImageIO$CacheInfo
instanceKlass java/util/LinkedList$Node
instanceKlass javax/imageio/spi/PartialOrderIterator
instanceKlass javax/imageio/ImageTypeSpecifier
instanceKlass javax/imageio/ImageWriter
instanceKlass javax/imageio/ImageTranscoder
instanceKlass javax/imageio/metadata/IIOMetadataFormat
instanceKlass javax/imageio/ImageReader
instanceKlass javax/imageio/spi/IIORegistry$1
instanceKlass sun/java2d/cmm/ProfileDeferralInfo
instanceKlass java/awt/color/ICC_Profile$BuiltInProfile
instanceKlass  @bci java/awt/color/ICC_Profile <clinit> ()V 0 <appendix> argL0 ; # java/awt/color/ICC_Profile$$Lambda+0x0000000800258a50
instanceKlass sun/java2d/cmm/Profile
instanceKlass sun/awt/AWTAccessor$ICC_ProfileAccessor
instanceKlass java/awt/color/ICC_Profile
instanceKlass java/awt/color/ColorSpace$BuiltInSpace
instanceKlass java/awt/color/ColorSpace
instanceKlass com/sun/imageio/plugins/jpeg/JPEG
instanceKlass javax/imageio/stream/ImageOutputStream
instanceKlass javax/imageio/spi/DigraphNode
instanceKlass javax/imageio/stream/ImageInputStream
instanceKlass javax/imageio/spi/SubRegistry
instanceKlass javax/imageio/spi/IIOServiceProvider
instanceKlass javax/imageio/spi/RegisterableService
instanceKlass javax/imageio/spi/ServiceRegistry
instanceKlass javax/imageio/ImageIO
instanceKlass java/awt/MediaTracker
instanceKlass sun/awt/PostEventQueue
instanceKlass sun/awt/MostRecentKeyValue
instanceKlass java/awt/Queue
instanceKlass java/awt/EventQueue$3
instanceKlass java/awt/EventQueue$2
instanceKlass sun/awt/AWTAccessor$EventQueueAccessor
instanceKlass java/awt/EventQueue$1
instanceKlass java/awt/EventQueue
instanceKlass sun/awt/AppContext$1
instanceKlass sun/awt/WeakIdentityHashMap
instanceKlass sun/awt/KeyboardFocusManagerPeerProvider
instanceKlass sun/awt/InputMethodSupport
instanceKlass sun/awt/ComponentFactory
instanceKlass sun/awt/AppContext$2
instanceKlass sun/awt/AppContext$3
instanceKlass sun/awt/AppContext$6
instanceKlass jdk/internal/access/JavaAWTAccess
instanceKlass sun/awt/AppContext$GetAppContextLock
instanceKlass sun/awt/AppContext
instanceKlass java/awt/ComponentOrientation
instanceKlass javax/swing/ImageIcon$2
instanceKlass javax/swing/ImageIcon$1
instanceKlass javax/swing/ImageIcon
instanceKlass javax/swing/Icon
instanceKlass java/awt/Transparency
instanceKlass java/awt/image/WritableRenderedImage
instanceKlass java/awt/image/RenderedImage
instanceKlass java/awt/Image
instanceKlass java/awt/Window$1
instanceKlass sun/awt/AWTAccessor$WindowAccessor
instanceKlass java/awt/Container$1
instanceKlass sun/awt/AWTAccessor$ContainerAccessor
instanceKlass java/awt/geom/Dimension2D
instanceKlass java/awt/LightweightDispatcher
instanceKlass java/awt/event/AWTEventListener
instanceKlass java/awt/LayoutManager
instanceKlass java/awt/Component$DummyRequestFocusController
instanceKlass sun/awt/RequestFocusController
instanceKlass java/awt/Component$1
instanceKlass sun/awt/AWTAccessor$ComponentAccessor
instanceKlass java/awt/font/JavaAWTFontAccessImpl
instanceKlass jdk/internal/access/JavaAWTFontAccess
instanceKlass sun/font/AttributeValues
instanceKlass java/awt/geom/AffineTransform
instanceKlass sun/font/FontAccess
instanceKlass java/awt/Font
instanceKlass sun/awt/windows/WObjectPeer
instanceKlass java/awt/dnd/peer/DropTargetPeer
instanceKlass java/awt/peer/ComponentPeer
instanceKlass java/awt/event/InputEvent$1
instanceKlass sun/awt/AWTAccessor$InputEventAccessor
instanceKlass java/awt/event/NativeLibLoader$1
instanceKlass java/awt/event/NativeLibLoader
instanceKlass java/awt/AWTEvent$1
instanceKlass sun/awt/AWTAccessor$AWTEventAccessor
instanceKlass sun/awt/PlatformGraphicsInfo
instanceKlass  @bci java/awt/GraphicsEnvironment getHeadlessProperty ()Z 6 <appendix> argL0 ; # java/awt/GraphicsEnvironment$$Lambda+0x00000008002468f0
instanceKlass java/awt/GraphicsEnvironment
instanceKlass java/awt/Insets
instanceKlass  @bci com/st/microxplorer/plugins/clock/gui/LabelUI <init> (Lcom/st/microxplorer/plugins/clock/model/clocktree/TLabel;)V 362 <appendix> form vmentry <vmtarget> ; # java/lang/invoke/LambdaForm$MH+0x0000000800206400
instanceKlass  @bci com/st/microxplorer/plugins/clock/gui/LabelUI <init> (Lcom/st/microxplorer/plugins/clock/model/clocktree/TLabel;)V 362 <appendix> argL3 form vmentry <vmtarget> ; # java/lang/invoke/LambdaForm$MH+0x0000000800205c00
instanceKlass  @bci com/st/microxplorer/plugins/clock/gui/LabelUI <init> (Lcom/st/microxplorer/plugins/clock/model/clocktree/TLabel;)V 362 <appendix> argL1 form vmentry <vmtarget> ; # java/lang/invoke/LambdaForm$MH+0x0000000800204800
instanceKlass java/awt/Toolkit$1
instanceKlass java/awt/Toolkit$2
instanceKlass  @bci java/util/ResourceBundle$ResourceBundleProviderHelper loadPropertyResourceBundle (Ljava/lang/Module;Ljava/lang/Module;Ljava/lang/String;Ljava/util/Locale;)Ljava/util/ResourceBundle; 14 <appendix> member <vmtarget> ; # java/util/ResourceBundle$ResourceBundleProviderHelper$$Lambda+0x00000008002457e0
instanceKlass  @bci java/util/ResourceBundle$ResourceBundleProviderHelper loadResourceBundle (Ljava/lang/Module;Ljava/lang/Module;Ljava/lang/String;Ljava/util/Locale;)Ljava/util/ResourceBundle; 13 <appendix> member <vmtarget> ; # java/util/ResourceBundle$ResourceBundleProviderHelper$$Lambda+0x0000000800245108
instanceKlass java/util/ResourceBundle$3
instanceKlass java/util/ResourceBundle$CacheKeyReference
instanceKlass java/util/ResourceBundle$CacheKey
instanceKlass  @bci java/util/ResourceBundle getLoader (Ljava/lang/Module;)Ljava/lang/ClassLoader; 6 <appendix> member <vmtarget> ; # java/util/ResourceBundle$$Lambda+0x0000000800244650
instanceKlass java/awt/Toolkit$4
instanceKlass sun/awt/AWTAccessor
instanceKlass java/awt/Toolkit$3
instanceKlass sun/awt/AWTAccessor$ToolkitAccessor
instanceKlass java/awt/Toolkit
instanceKlass java/awt/Component$AWTTreeLock
instanceKlass javax/swing/SwingConstants
instanceKlass org/apache/logging/log4j/core/layout/ByteBufferDestinationHelper
instanceKlass org/apache/logging/log4j/core/layout/TextEncoderHelper
instanceKlass java/time/Instant
instanceKlass java/time/temporal/Temporal
instanceKlass  @bci java/time/ZoneOffset ofTotalSeconds (I)Ljava/time/ZoneOffset; 37 <appendix> argL0 ; # java/time/ZoneOffset$$Lambda+0x00000008001ff908
instanceKlass java/time/ZoneId
instanceKlass java/time/temporal/TemporalAdjuster
instanceKlass java/time/Clock
instanceKlass java/time/InstantSource
instanceKlass org/apache/logging/log4j/core/impl/ContextDataFactory
instanceKlass org/apache/logging/log4j/message/SimpleMessage
instanceKlass org/apache/logging/log4j/core/impl/MutableLogEvent
instanceKlass  @bci org/apache/logging/log4j/util/StackLocator calcLocation (Ljava/lang/String;)Ljava/lang/StackTraceElement; 15 <appendix> argL0 ; # org/apache/logging/log4j/util/StackLocator$$Lambda+0x00000008001bbca0
instanceKlass  @bci org/apache/logging/log4j/util/StackLocator lambda$calcLocation$15 (Ljava/lang/String;Ljava/util/stream/Stream;)Ljava/util/Optional; 13 <appendix> member <vmtarget> ; # org/apache/logging/log4j/util/StackLocator$$Lambda+0x00000008001bba50
instanceKlass  @bci org/apache/logging/log4j/util/StackLocator lambda$calcLocation$15 (Ljava/lang/String;Ljava/util/stream/Stream;)Ljava/util/Optional; 2 <appendix> member <vmtarget> ; # org/apache/logging/log4j/util/StackLocator$$Lambda+0x00000008001bb800
instanceKlass  @bci org/apache/logging/log4j/util/StackLocator calcLocation (Ljava/lang/String;)Ljava/lang/StackTraceElement; 4 <appendix> member <vmtarget> ; # org/apache/logging/log4j/util/StackLocator$$Lambda+0x00000008001bfbd8
instanceKlass org/apache/logging/log4j/message/ReusableSimpleMessage
instanceKlass org/apache/logging/log4j/message/Clearable
instanceKlass org/apache/logging/log4j/message/ParameterVisitable
instanceKlass org/apache/logging/log4j/message/ReusableMessage
instanceKlass  @bci com/st/microxplorer/plugins/ip/freertos/util/BackwardCompatibilityServices databaseCompatibleWithCodeGen ()Z 22 <appendix> form vmentry <vmtarget> ; # java/lang/invoke/LambdaForm$MH+0x00000008001bb000
instanceKlass  @bci com/st/microxplorer/plugins/ip/freertos/util/BackwardCompatibilityServices databaseCompatibleWithCodeGen ()Z 22 <appendix> argL3 form vmentry <vmtarget> ; # java/lang/invoke/LambdaForm$MH+0x00000008001bac00
instanceKlass  @bci com/st/microxplorer/plugins/ip/freertos/util/BackwardCompatibilityServices databaseCompatibleWithCodeGen ()Z 22 <appendix> argL1 form vmentry <vmtarget> ; # java/lang/invoke/LambdaForm$MH+0x00000008001ba000
instanceKlass  @bci org/apache/logging/log4j/util/StackLocator getCallerClass (I)Ljava/lang/Class; 15 <appendix> argL0 ; # org/apache/logging/log4j/util/StackLocator$$Lambda+0x00000008001bf038
instanceKlass java/util/stream/SliceOps
instanceKlass  @bci org/apache/logging/log4j/util/StackLocator getCallerClass (I)Ljava/lang/Class; 4 <appendix> member <vmtarget> ; # org/apache/logging/log4j/util/StackLocator$$Lambda+0x00000008001bee00
instanceKlass  @cpi javax/swing/plaf/basic/BasicLookAndFeel 2612 form vmentry <vmtarget> ; # java/lang/invoke/LambdaForm$DMH+0x00000008001b9800
instanceKlass com/st/components/util/CommandLine
instanceKlass com/st/components/util/CommandLineManager
instanceKlass com/st/microxplorer/maingui/MicroXplorer$2
instanceKlass org/apache/logging/log4j/core/jmx/LoggerConfigAdmin
instanceKlass org/apache/logging/log4j/core/jmx/LoggerConfigAdminMBean
instanceKlass org/apache/logging/log4j/core/config/Loggers
instanceKlass java/util/concurrent/atomic/AtomicBoolean
instanceKlass org/apache/logging/log4j/core/config/AwaitCompletionReliabilityStrategy
instanceKlass org/apache/logging/log4j/core/config/ReliabilityStrategyFactory
instanceKlass org/apache/logging/log4j/core/config/LoggerConfig$LevelAndRefs
instanceKlass org/apache/logging/log4j/core/config/LoggerConfig$RootLogger$Builder
instanceKlass  @bci java/lang/invoke/BootstrapMethodInvoker invoke (Ljava/lang/Class;Ljava/lang/invoke/MethodHandle;Ljava/lang/String;Ljava/lang/Object;Ljava/lang/Object;Ljava/lang/Class;)Ljava/lang/Object; 462 <adapter> ; # java/lang/invoke/LambdaForm$MH+0x00000008001b9400
instanceKlass java/lang/Byte$ByteCache
instanceKlass java/lang/Short$ShortCache
instanceKlass org/apache/logging/log4j/core/config/plugins/PluginAttribute
instanceKlass org/apache/logging/log4j/core/config/plugins/PluginFactory
instanceKlass org/apache/logging/log4j/core/appender/ConfigurationFactoryData
instanceKlass org/apache/logging/log4j/core/appender/FileManager$FileManagerFactory
instanceKlass  @bci jdk/internal/reflect/MethodHandleBooleanFieldAccessorImpl setBoolean (Ljava/lang/Object;Z)V 41 <adapter> ; # java/lang/invoke/LambdaForm$MH+0x00000008001b8000
instanceKlass org/apache/logging/log4j/core/lookup/DefaultLookupResult
instanceKlass org/apache/logging/log4j/core/util/Assert
instanceKlass org/apache/logging/log4j/core/config/plugins/validation/validators/RequiredValidator
instanceKlass org/apache/logging/log4j/core/config/plugins/validation/ConstraintValidator
instanceKlass org/apache/logging/log4j/util/EnglishEnums
instanceKlass org/apache/logging/log4j/core/config/plugins/convert/EnumConverter
instanceKlass org/apache/logging/log4j/core/config/plugins/validation/constraints/Required
instanceKlass org/apache/logging/log4j/core/filter/AbstractFilterable$Builder
instanceKlass org/apache/logging/log4j/core/layout/PatternLayout$NoFormatPatternSerializer
instanceKlass org/apache/logging/log4j/core/util/datetime/FastDateParser$StrategyAndWidth
instanceKlass org/apache/logging/log4j/core/util/datetime/FastDateParser$StrategyParser
instanceKlass  @bci org/apache/logging/log4j/core/util/datetime/FastDateParser <clinit> ()V 16 <appendix> argL0 ; # org/apache/logging/log4j/core/util/datetime/FastDateParser$$Lambda+0x00000008001b71b8
instanceKlass sun/util/locale/Extension
instanceKlass sun/util/locale/LocaleExtensions
instanceKlass org/apache/logging/log4j/core/util/datetime/FastDateParser$Strategy
instanceKlass org/apache/logging/log4j/core/util/datetime/FastDateParser
instanceKlass org/apache/logging/log4j/core/util/datetime/FastDatePrinter$TwoDigitNumberField
instanceKlass org/apache/logging/log4j/core/util/datetime/FastDatePrinter$TwoDigitMonthField
instanceKlass org/apache/logging/log4j/core/util/datetime/FastDatePrinter$CharacterLiteral
instanceKlass org/apache/logging/log4j/core/util/datetime/FastDatePrinter$PaddedNumberField
instanceKlass sun/util/resources/Bundles$2
instanceKlass sun/util/resources/LocaleData$LocaleDataResourceBundleProvider
instanceKlass java/util/spi/ResourceBundleProvider
instanceKlass org/apache/logging/log4j/core/util/datetime/FastDatePrinter$NumberRule
instanceKlass org/apache/logging/log4j/core/util/datetime/FastDatePrinter$Rule
instanceKlass org/apache/logging/log4j/core/util/datetime/FastDatePrinter
instanceKlass org/apache/logging/log4j/core/util/datetime/FormatCache$MultipartKey
instanceKlass org/apache/logging/log4j/core/util/datetime/FormatCache
instanceKlass org/apache/logging/log4j/core/util/datetime/Format
instanceKlass org/apache/logging/log4j/core/util/datetime/DatePrinter
instanceKlass org/apache/logging/log4j/core/util/datetime/DateParser
instanceKlass  @bci jdk/internal/reflect/MethodHandleIntegerFieldAccessorImpl getInt (Ljava/lang/Object;)I 20 <adapter> ; # java/lang/invoke/LambdaForm$MH+0x00000008001b1000
instanceKlass  @cpi java/io/ObjectInputStream 1214 form vmentry <vmtarget> ; # java/lang/invoke/LambdaForm$DMH+0x00000008001b0400
instanceKlass org/apache/logging/log4j/core/config/plugins/PluginConfiguration
instanceKlass org/apache/logging/log4j/core/config/plugins/PluginElement
instanceKlass org/apache/logging/log4j/core/config/plugins/validation/Constraint
instanceKlass org/apache/logging/log4j/core/config/plugins/validation/ConstraintValidators
instanceKlass  @bci jdk/internal/reflect/MethodHandleObjectFieldAccessorImpl set (Ljava/lang/Object;Ljava/lang/Object;)V 41 <adapter> ; # java/lang/invoke/LambdaForm$MH+0x00000008001ad400
# instanceKlass java/lang/invoke/LambdaForm$MH+0x00000008001ad000
# instanceKlass java/lang/invoke/LambdaForm$MH+0x00000008001ac800
# instanceKlass java/lang/invoke/LambdaForm$MH+0x00000008001ac400
instanceKlass org/apache/logging/log4j/util/StringBuilders
instanceKlass org/apache/logging/log4j/core/appender/rolling/action/Duration
instanceKlass org/apache/logging/log4j/core/util/CronExpression
instanceKlass java/lang/reflect/WildcardType
instanceKlass sun/reflect/generics/tree/Wildcard
instanceKlass sun/reflect/generics/tree/BottomSignature
instanceKlass sun/reflect/generics/tree/CharSignature
instanceKlass sun/reflect/generics/tree/ArrayTypeSignature
instanceKlass sun/reflect/generics/tree/ByteSignature
instanceKlass org/apache/logging/log4j/core/config/plugins/convert/TypeConverterRegistry
instanceKlass org/apache/logging/log4j/core/config/plugins/convert/TypeConverters
instanceKlass org/apache/logging/log4j/core/config/plugins/visitors/AbstractPluginVisitor
instanceKlass org/apache/logging/log4j/core/config/plugins/visitors/PluginVisitor
instanceKlass  @bci com/teamdev/jxbrowser/internal/rpc/transport/RpcThreadCallExecutor execute (Lcom/teamdev/jxbrowser/deps/com/google/protobuf/Message;Lcom/teamdev/jxbrowser/internal/rpc/ServiceMethod;)Lcom/teamdev/jxbrowser/deps/com/google/protobuf/Message; 48 <appendix> form vmentry <vmtarget> ; # java/lang/invoke/LambdaForm$DMH+0x00000008001ac000
instanceKlass  @bci sun/reflect/annotation/AnnotationParser parseEnumArray (ILjava/lang/Class;Ljava/nio/ByteBuffer;Ljdk/internal/reflect/ConstantPool;Ljava/lang/Class;)Ljava/lang/Object; 16 <appendix> member <vmtarget> ; # sun/reflect/annotation/AnnotationParser$$Lambda+0x00000008001f96b8
instanceKlass org/apache/logging/log4j/core/config/plugins/visitors/PluginVisitors
instanceKlass org/apache/logging/log4j/core/config/plugins/PluginVisitorStrategy
instanceKlass org/apache/logging/log4j/core/config/plugins/PluginBuilderAttribute
instanceKlass org/apache/logging/log4j/core/util/TypeUtil
instanceKlass org/apache/logging/log4j/core/config/plugins/PluginBuilderFactory
instanceKlass org/apache/logging/log4j/core/config/plugins/util/PluginBuilder
instanceKlass org/apache/logging/log4j/core/config/plugins/PluginAliases
instanceKlass org/apache/logging/log4j/core/config/Scheduled
instanceKlass org/apache/xerces/dom/NodeListCache
instanceKlass org/apache/xerces/dom/CharacterDataImpl$1
instanceKlass java/util/concurrent/LinkedBlockingQueue$Itr
instanceKlass org/apache/logging/log4j/status/StatusConsoleListener
instanceKlass org/apache/logging/log4j/core/config/status/StatusConfiguration
instanceKlass org/apache/xerces/dom/NamedNodeMapImpl
instanceKlass org/w3c/dom/NamedNodeMap
instanceKlass org/apache/xerces/util/XMLChar
instanceKlass org/apache/xerces/dom/DeferredDocumentImpl$RefCount
instanceKlass org/w3c/dom/traversal/TreeWalker
instanceKlass org/w3c/dom/ranges/Range
instanceKlass org/w3c/dom/traversal/NodeIterator
instanceKlass org/w3c/dom/events/MutationEvent
instanceKlass org/w3c/dom/events/Event
instanceKlass org/w3c/dom/ElementTraversal
instanceKlass org/w3c/dom/TypeInfo
instanceKlass org/w3c/dom/DOMConfiguration
instanceKlass org/w3c/dom/EntityReference
instanceKlass org/w3c/dom/Attr
instanceKlass org/w3c/dom/ProcessingInstruction
instanceKlass org/w3c/dom/CDATASection
instanceKlass org/w3c/dom/Comment
instanceKlass org/w3c/dom/Text
instanceKlass org/w3c/dom/CharacterData
instanceKlass org/w3c/dom/DocumentFragment
instanceKlass org/w3c/dom/Notation
instanceKlass org/w3c/dom/Entity
instanceKlass org/w3c/dom/DocumentType
instanceKlass org/w3c/dom/Element
instanceKlass org/apache/xerces/dom/NodeImpl
instanceKlass org/w3c/dom/events/EventTarget
instanceKlass org/w3c/dom/NodeList
instanceKlass org/w3c/dom/ranges/DocumentRange
instanceKlass org/w3c/dom/events/DocumentEvent
instanceKlass org/w3c/dom/traversal/DocumentTraversal
instanceKlass org/apache/xerces/dom/DeferredNode
instanceKlass org/apache/xerces/impl/Constants$ArrayEnumeration
instanceKlass org/apache/xerces/impl/Constants
instanceKlass org/apache/xerces/util/IntStack
instanceKlass org/apache/xerces/xinclude/XIncludeMessageFormatter
instanceKlass org/apache/xerces/util/XMLLocatorWrapper
instanceKlass org/apache/xerces/util/XMLSymbols
instanceKlass org/apache/xerces/xinclude/XIncludeTextReader
instanceKlass org/apache/xerces/xpointer/XPointerProcessor
instanceKlass org/apache/xerces/xinclude/XIncludeHandler
instanceKlass org/apache/xerces/impl/XMLEntityManager$EncodingInfo
instanceKlass org/apache/xerces/util/URI
instanceKlass org/apache/xerces/xni/parser/XMLInputSource
instanceKlass org/apache/xerces/impl/msg/XMLMessageFormatter
instanceKlass org/apache/xerces/impl/XMLVersionDetector
instanceKlass org/apache/xerces/impl/validation/ValidationManager
instanceKlass org/apache/xerces/impl/dv/dtd/NMTOKENDatatypeValidator
instanceKlass org/apache/xerces/impl/dv/dtd/NOTATIONDatatypeValidator
instanceKlass org/apache/xerces/impl/dv/dtd/ENTITYDatatypeValidator
instanceKlass org/apache/xerces/impl/dv/dtd/ListDatatypeValidator
instanceKlass org/apache/xerces/impl/dv/dtd/IDREFDatatypeValidator
instanceKlass org/apache/xerces/impl/dv/dtd/IDDatatypeValidator
instanceKlass org/apache/xerces/impl/dv/dtd/StringDatatypeValidator
instanceKlass org/apache/xerces/impl/dv/DatatypeValidator
instanceKlass org/apache/xerces/impl/dv/SecuritySupport$2
instanceKlass org/apache/xerces/impl/dv/SecuritySupport$1
instanceKlass org/apache/xerces/impl/dv/SecuritySupport$4
instanceKlass org/apache/xerces/impl/dv/SecuritySupport
instanceKlass org/apache/xerces/impl/dv/ObjectFactory
instanceKlass org/apache/xerces/impl/dv/DTDDVFactory
instanceKlass org/apache/xerces/impl/dtd/DTDGrammarBucket
instanceKlass org/apache/xerces/impl/dtd/XMLAttributeDecl
instanceKlass org/apache/xerces/impl/dtd/XMLSimpleType
instanceKlass org/apache/xerces/impl/dtd/XMLElementDecl
instanceKlass org/apache/xerces/impl/validation/ValidationState
instanceKlass org/apache/xerces/impl/dv/ValidationContext
instanceKlass org/apache/xerces/impl/dtd/DTDGrammar
instanceKlass org/apache/xerces/xni/grammars/Grammar
instanceKlass org/apache/xerces/impl/validation/EntityState
instanceKlass org/apache/xerces/impl/dtd/XMLEntityDecl
instanceKlass org/apache/xerces/impl/dtd/XMLDTDProcessor
instanceKlass org/apache/xerces/xni/parser/XMLDTDContentModelFilter
instanceKlass org/apache/xerces/xni/parser/XMLDTDFilter
instanceKlass org/apache/xerces/impl/XMLDocumentScannerImpl$TrailingMiscDispatcher
instanceKlass org/apache/xerces/impl/XMLDocumentScannerImpl$DTDDispatcher
instanceKlass org/apache/xerces/impl/XMLDocumentScannerImpl$PrologDispatcher
instanceKlass org/apache/xerces/impl/XMLDocumentScannerImpl$XMLDeclDispatcher
instanceKlass org/apache/xerces/util/NamespaceSupport
instanceKlass org/apache/xerces/util/XMLAttributesImpl$Attribute
instanceKlass org/apache/xerces/util/XMLAttributesImpl
instanceKlass org/apache/xerces/impl/XMLDocumentFragmentScannerImpl$FragmentContentDispatcher
instanceKlass org/apache/xerces/xni/QName
instanceKlass org/apache/xerces/impl/XMLDocumentFragmentScannerImpl$ElementStack
instanceKlass org/apache/xerces/xni/grammars/XMLDTDDescription
instanceKlass org/apache/xerces/xni/grammars/XMLGrammarDescription
instanceKlass org/apache/xerces/impl/XMLDocumentFragmentScannerImpl$Dispatcher
instanceKlass org/apache/xerces/xni/XMLAttributes
instanceKlass org/apache/xerces/xni/XMLString
instanceKlass org/apache/xerces/impl/XMLScanner
instanceKlass org/apache/xerces/impl/XMLEntityHandler
instanceKlass org/apache/xerces/xni/parser/XMLErrorHandler
instanceKlass org/apache/xerces/impl/XMLErrorReporter
instanceKlass org/apache/xerces/impl/XMLEntityManager$CharacterBuffer
instanceKlass org/apache/xerces/impl/XMLEntityManager$CharacterBufferPool
instanceKlass org/apache/xerces/impl/XMLEntityManager$ByteBufferPool
instanceKlass org/apache/xerces/util/AugmentationsImpl$AugmentationsItemsContainer
instanceKlass org/apache/xerces/util/AugmentationsImpl
instanceKlass org/apache/xerces/util/XMLResourceIdentifierImpl
instanceKlass org/apache/xerces/impl/XMLEntityManager$1
instanceKlass org/apache/xerces/xni/Augmentations
instanceKlass org/apache/xerces/impl/XMLEntityManager$Entity
instanceKlass org/apache/xerces/impl/XMLEntityScanner
instanceKlass org/apache/xerces/xni/XMLResourceIdentifier
instanceKlass org/apache/xerces/impl/XMLEntityManager
instanceKlass org/apache/xerces/xni/parser/XMLEntityResolver
instanceKlass org/apache/xerces/util/SymbolTable$Entry
instanceKlass org/apache/xerces/xni/grammars/XMLGrammarPool
instanceKlass org/apache/xerces/util/SymbolTable
instanceKlass org/apache/xerces/xni/NamespaceContext
instanceKlass org/apache/xerces/impl/dtd/XMLDTDValidator
instanceKlass org/apache/xerces/impl/RevalidationHandler
instanceKlass org/apache/xerces/xni/XMLLocator
instanceKlass org/apache/xerces/xni/parser/XMLDTDScanner
instanceKlass org/apache/xerces/util/MessageFormatter
instanceKlass org/apache/xerces/impl/dtd/XMLDTDValidatorFilter
instanceKlass org/apache/xerces/xni/parser/XMLDocumentFilter
instanceKlass org/apache/xerces/xni/parser/XMLDocumentScanner
instanceKlass org/apache/xerces/xni/parser/XMLDocumentSource
instanceKlass org/apache/xerces/xni/parser/XMLDTDContentModelSource
instanceKlass org/apache/xerces/util/ParserConfigurationSettings
instanceKlass org/apache/xerces/parsers/XML11Configurable
instanceKlass org/apache/xerces/xni/parser/XMLPullParserConfiguration
instanceKlass org/apache/xerces/xni/parser/XMLParserConfiguration
instanceKlass org/apache/xerces/parsers/SecuritySupport$6
instanceKlass org/apache/xerces/parsers/SecuritySupport$7
instanceKlass org/apache/xerces/parsers/SecuritySupport$2
instanceKlass org/apache/xerces/parsers/SecuritySupport$1
instanceKlass org/apache/xerces/parsers/SecuritySupport$4
instanceKlass org/apache/xerces/parsers/SecuritySupport
instanceKlass org/apache/xerces/parsers/ObjectFactory
instanceKlass org/xml/sax/Locator
instanceKlass org/xml/sax/EntityResolver
instanceKlass org/w3c/dom/DOMError
instanceKlass org/apache/xerces/xs/XSTypeDefinition
instanceKlass org/apache/xerces/xs/XSObject
instanceKlass org/apache/xerces/parsers/XMLParser
instanceKlass org/apache/xerces/xni/XMLDTDContentModelHandler
instanceKlass org/apache/xerces/xni/XMLDocumentHandler
instanceKlass org/apache/xerces/xni/parser/XMLComponent
instanceKlass org/apache/xerces/xni/parser/XMLComponentManager
instanceKlass org/apache/xerces/xni/parser/XMLDTDSource
instanceKlass org/apache/xerces/xni/XMLDTDHandler
instanceKlass org/xml/sax/ErrorHandler
instanceKlass org/w3c/dom/Document
instanceKlass org/w3c/dom/Node
instanceKlass org/apache/xerces/jaxp/JAXPConstants
instanceKlass javax/xml/parsers/DocumentBuilder
instanceKlass javax/xml/parsers/FactoryFinder$1
instanceKlass  @bci jdk/xml/internal/SecuritySupport getFileInputStream (Ljava/io/File;)Ljava/io/FileInputStream; 1 <appendix> member <vmtarget> ; # jdk/xml/internal/SecuritySupport$$Lambda+0x00000008001f21c0
instanceKlass  @bci jdk/xml/internal/SecuritySupport doesFileExist (Ljava/io/File;)Z 1 <appendix> member <vmtarget> ; # jdk/xml/internal/SecuritySupport$$Lambda+0x00000008001f1fa0
instanceKlass  @bci javax/xml/parsers/FactoryFinder find (Ljava/lang/Class;Ljava/lang/String;)Ljava/lang/Object; 6 <appendix> member <vmtarget> ; # javax/xml/parsers/FactoryFinder$$Lambda+0x00000008001f1d80
instanceKlass  @bci jdk/xml/internal/SecuritySupport getSystemProperty (Ljava/lang/String;)Ljava/lang/String; 1 <appendix> member <vmtarget> ; # jdk/xml/internal/SecuritySupport$$Lambda+0x00000008001f1b60
instanceKlass jdk/xml/internal/SecuritySupport
instanceKlass javax/xml/parsers/FactoryFinder
instanceKlass javax/xml/parsers/DocumentBuilderFactory
instanceKlass org/xml/sax/InputSource
instanceKlass org/apache/logging/log4j/core/util/Closer
instanceKlass org/apache/logging/log4j/core/config/plugins/util/ResolverUtil
instanceKlass javax/xml/transform/Source
instanceKlass org/apache/logging/log4j/core/config/Reconfigurable
instanceKlass sun/nio/fs/WindowsLinkSupport
instanceKlass sun/nio/fs/WindowsUriSupport
instanceKlass java/util/AbstractMap$SimpleEntry
instanceKlass jdk/internal/jimage/ImageBufferCache$2
instanceKlass jdk/internal/jimage/ImageBufferCache
instanceKlass  @bci sun/net/www/protocol/jrt/JavaRuntimeURLConnection <clinit> ()V 0 <appendix> argL0 ; # sun/net/www/protocol/jrt/JavaRuntimeURLConnection$$Lambda+0x00000008001ef780
instanceKlass java/nio/file/FileStore
instanceKlass java/nio/channels/AsynchronousFileChannel
instanceKlass java/nio/channels/AsynchronousChannel
instanceKlass java/nio/file/spi/FileSystemProvider$1
instanceKlass org/apache/logging/log4j/core/util/Source
instanceKlass java/text/DontCareFieldPosition$1
instanceKlass java/text/Format$FieldDelegate
instanceKlass java/text/DigitList
instanceKlass java/text/FieldPosition
instanceKlass java/lang/StringUTF16$CharsSpliterator
instanceKlass java/util/stream/Sink$ChainedInt
instanceKlass  @bci java/util/stream/FindOps$FindSink$OfInt <clinit> ()V 43 <appendix> argL0 ; # java/util/stream/FindOps$FindSink$OfInt$$Lambda+0x00000008001eb218
instanceKlass  @bci java/util/stream/FindOps$FindSink$OfInt <clinit> ()V 38 <appendix> argL0 ; # java/util/stream/FindOps$FindSink$OfInt$$Lambda+0x00000008001eafd0
instanceKlass  @bci java/util/stream/FindOps$FindSink$OfInt <clinit> ()V 16 <appendix> argL0 ; # java/util/stream/FindOps$FindSink$OfInt$$Lambda+0x00000008001eadb8
instanceKlass  @bci java/util/stream/FindOps$FindSink$OfInt <clinit> ()V 11 <appendix> argL0 ; # java/util/stream/FindOps$FindSink$OfInt$$Lambda+0x00000008001eab70
instanceKlass java/util/OptionalInt
instanceKlass java/util/stream/Sink$OfInt
instanceKlass java/util/function/IntConsumer
instanceKlass  @bci java/text/DecimalFormatSymbols findNonFormatChar (Ljava/lang/String;C)C 4 <appendix> argL0 ; # java/text/DecimalFormatSymbols$$Lambda+0x00000008001e9600
instanceKlass java/util/function/IntPredicate
instanceKlass java/util/stream/IntStream
instanceKlass java/lang/StringLatin1$CharsSpliterator
instanceKlass  @bci sun/util/locale/provider/JRELocaleProviderAdapter getDecimalFormatSymbolsProvider ()Ljava/text/spi/DecimalFormatSymbolsProvider; 8 <appendix> member <vmtarget> ; # sun/util/locale/provider/JRELocaleProviderAdapter$$Lambda+0x00000008001e8050
instanceKlass java/text/DecimalFormatSymbols
instanceKlass  @bci sun/util/locale/provider/JRELocaleProviderAdapter getNumberFormatProvider ()Ljava/text/spi/NumberFormatProvider; 8 <appendix> member <vmtarget> ; # sun/util/locale/provider/JRELocaleProviderAdapter$$Lambda+0x00000008001e7880
instanceKlass  @bci sun/util/locale/provider/JRELocaleProviderAdapter getDateFormatSymbolsProvider ()Ljava/text/spi/DateFormatSymbolsProvider; 8 <appendix> member <vmtarget> ; # sun/util/locale/provider/JRELocaleProviderAdapter$$Lambda+0x00000008001e6c98
instanceKlass java/text/DateFormatSymbols
instanceKlass java/text/AttributedCharacterIterator$Attribute
instanceKlass java/util/StringTokenizer
instanceKlass sun/net/www/MimeEntry
instanceKlass sun/net/www/MimeTable$DefaultInstanceHolder$1
instanceKlass sun/net/www/MimeTable$DefaultInstanceHolder
instanceKlass sun/net/www/MimeTable$2
instanceKlass sun/net/www/MimeTable$1
instanceKlass sun/net/www/MimeTable
instanceKlass java/net/URLConnection$1
instanceKlass java/net/FileNameMap
instanceKlass org/apache/logging/log4j/core/net/UrlConnectionFactory
instanceKlass org/apache/logging/log4j/core/util/FileUtils
instanceKlass org/apache/logging/log4j/core/util/NameUtil
instanceKlass org/apache/logging/log4j/core/Logger$PrivateConfig
instanceKlass org/apache/logging/log4j/core/util/DefaultShutdownCallbackRegistry$RegisteredCancellable
instanceKlass org/apache/logging/log4j/core/LoggerContext$1
instanceKlass org/apache/logging/log4j/core/util/ExecutorServices
instanceKlass org/apache/logging/log4j/core/impl/Log4jLogEvent
instanceKlass org/apache/logging/log4j/core/jmx/AppenderAdmin
instanceKlass org/apache/logging/log4j/core/jmx/AppenderAdminMBean
instanceKlass org/apache/logging/log4j/core/jmx/ContextSelectorAdmin
instanceKlass org/apache/logging/log4j/core/jmx/ContextSelectorAdminMBean
instanceKlass org/apache/logging/log4j/status/StatusData
instanceKlass org/apache/logging/log4j/core/jmx/StatusLoggerAdminMBean
instanceKlass org/apache/logging/log4j/status/StatusListener
instanceKlass java/beans/PropertyChangeListener
instanceKlass org/apache/logging/log4j/core/jmx/LoggerContextAdminMBean
instanceKlass  @bci java/util/stream/Collectors joining (Ljava/lang/CharSequence;Ljava/lang/CharSequence;Ljava/lang/CharSequence;)Ljava/util/stream/Collector; 22 <appendix> argL0 ; # java/util/stream/Collectors$$Lambda+0x00000008001e3010
instanceKlass  @bci java/util/stream/Collectors joining (Ljava/lang/CharSequence;Ljava/lang/CharSequence;Ljava/lang/CharSequence;)Ljava/util/stream/Collector; 17 <appendix> argL0 ; # java/util/stream/Collectors$$Lambda+0x00000008001e2dd0
instanceKlass  @bci java/util/stream/Collectors joining (Ljava/lang/CharSequence;Ljava/lang/CharSequence;Ljava/lang/CharSequence;)Ljava/util/stream/Collector; 12 <appendix> argL0 ; # java/util/stream/Collectors$$Lambda+0x00000008001e2ba8
instanceKlass  @bci java/util/stream/Collectors joining (Ljava/lang/CharSequence;Ljava/lang/CharSequence;Ljava/lang/CharSequence;)Ljava/util/stream/Collector; 7 <appendix> member <vmtarget> ; # java/util/stream/Collectors$$Lambda+0x00000008001e2988
instanceKlass  @bci java/lang/Class methodToString (Ljava/lang/String;[Ljava/lang/Class;)Ljava/lang/String; 42 <appendix> argL0 ; # java/lang/Class$$Lambda+0x00000008001e2750
instanceKlass jdk/management/jfr/FlightRecorderMXBeanImpl$MXBeanListener
instanceKlass jdk/jfr/FlightRecorderListener
instanceKlass jdk/jfr/FlightRecorder
instanceKlass jdk/jfr/Recording
instanceKlass javax/management/NotificationFilter
instanceKlass javax/management/NotificationListener
instanceKlass javax/management/StandardMBean$MBeanInfoSafeAction
instanceKlass jdk/jfr/internal/management/StreamManager
instanceKlass jdk/management/jfr/EventTypeInfo
instanceKlass jdk/management/jfr/ConfigurationInfo
instanceKlass jdk/management/jfr/RecordingInfo
instanceKlass sun/reflect/generics/tree/VoidDescriptor
instanceKlass sun/reflect/generics/tree/LongSignature
instanceKlass jdk/management/jfr/SettingDescriptorInfo$1
instanceKlass jdk/management/jfr/SettingDescriptorInfo
instanceKlass  @bci java/lang/management/DefaultPlatformMBeanProvider$10 nameToMBeanMap ()Ljava/util/Map; 36 <appendix> member <vmtarget> ; # java/lang/management/DefaultPlatformMBeanProvider$10$$Lambda+0x00000008001dfc58
instanceKlass sun/management/ManagementFactoryHelper$1
instanceKlass  @bci sun/management/ManagementFactoryHelper getBufferPoolMXBeans ()Ljava/util/List; 25 <appendix> argL0 ; # sun/management/ManagementFactoryHelper$$Lambda+0x00000008001df7a8
instanceKlass java/lang/management/BufferPoolMXBean
instanceKlass sun/nio/ch/FileChannelImpl$3
instanceKlass sun/nio/ch/FileChannelImpl$2
instanceKlass jdk/internal/misc/VM$BufferPoolsHolder
instanceKlass com/sun/management/VMOption
instanceKlass com/sun/management/internal/HotSpotDiagnostic
instanceKlass com/sun/management/HotSpotDiagnosticMXBean
instanceKlass com/sun/management/GcInfo
instanceKlass javax/management/openmbean/CompositeDataView
instanceKlass  @bci jdk/jfr/internal/dcmd/DCmdCheck printHelp ()[Ljava/lang/String; 6 <appendix> argL0 ; # jdk/jfr/internal/dcmd/DCmdCheck$$Lambda+0x00000008001ddcf0
instanceKlass  @bci jdk/jfr/internal/dcmd/DCmdDump printHelp ()[Ljava/lang/String; 27 <appendix> argL0 ; # jdk/jfr/internal/dcmd/DCmdDump$$Lambda+0x00000008001ddad8
instanceKlass  @bci jdk/jfr/internal/dcmd/DCmdStart printHelp ()[Ljava/lang/String; 26 <appendix> argL0 ; # jdk/jfr/internal/dcmd/DCmdStart$$Lambda+0x00000008001dd8c0
instanceKlass  @bci java/util/regex/CharPredicates ASCII_SPACE ()Ljava/util/regex/Pattern$BmpCharPredicate; 0 <appendix> argL0 ; # java/util/regex/CharPredicates$$Lambda+0x00000008001dd638
instanceKlass  @bci jdk/jfr/internal/jfc/model/JFCModel add (Ljdk/jfr/internal/jfc/model/ControlElement;)V 10 <appendix> argL0 ; # jdk/jfr/internal/jfc/model/JFCModel$$Lambda+0x00000008001dd400
instanceKlass  @bci jdk/jfr/internal/jfc/model/JFCModel <init> (Ljdk/jfr/internal/jfc/model/XmlConfiguration;)V 25 <appendix> argL0 ; # jdk/jfr/internal/jfc/model/JFCModel$$Lambda+0x00000008001dd1d8
instanceKlass jdk/jfr/internal/jfc/model/ControlElement
instanceKlass java/lang/invoke/MethodHandle$1
instanceKlass jdk/jfr/internal/jfc/model/SettingsLog
instanceKlass jdk/jfr/internal/jfc/model/Utilities
instanceKlass jdk/jfr/internal/jfc/model/XmlElement
instanceKlass jdk/internal/util/xml/impl/Input
instanceKlass jdk/internal/org/xml/sax/InputSource
instanceKlass jdk/internal/org/xml/sax/helpers/DefaultHandler
instanceKlass jdk/internal/org/xml/sax/ErrorHandler
instanceKlass jdk/internal/org/xml/sax/ContentHandler
instanceKlass jdk/internal/org/xml/sax/DTDHandler
instanceKlass jdk/internal/org/xml/sax/EntityResolver
instanceKlass jdk/internal/util/xml/impl/Pair
instanceKlass jdk/internal/util/xml/impl/Attrs
instanceKlass jdk/internal/org/xml/sax/Attributes
instanceKlass jdk/internal/util/xml/impl/Parser
instanceKlass jdk/internal/org/xml/sax/Locator
instanceKlass jdk/internal/org/xml/sax/XMLReader
instanceKlass jdk/internal/util/xml/SAXParser
instanceKlass jdk/jfr/internal/jfc/model/Parser
instanceKlass sun/nio/ch/IOStatus
instanceKlass sun/nio/ch/Util$BufferCache
instanceKlass sun/nio/ch/Util
instanceKlass sun/nio/ch/NativeThread
instanceKlass java/nio/channels/NetworkChannel
instanceKlass sun/nio/ch/SelChImpl
instanceKlass sun/nio/ch/Streams
instanceKlass java/nio/channels/Channels
instanceKlass sun/nio/ch/FileChannelImpl$Closer
instanceKlass sun/nio/ch/NativeThreadSet
instanceKlass sun/nio/ch/IOUtil
instanceKlass sun/nio/ch/NativeDispatcher
instanceKlass java/nio/channels/spi/AbstractInterruptibleChannel
instanceKlass java/nio/channels/InterruptibleChannel
instanceKlass java/nio/channels/ScatteringByteChannel
instanceKlass java/nio/channels/GatheringByteChannel
instanceKlass java/nio/channels/SeekableByteChannel
instanceKlass java/nio/channels/ByteChannel
instanceKlass java/nio/channels/WritableByteChannel
instanceKlass java/nio/channels/ReadableByteChannel
instanceKlass java/nio/channels/Channel
instanceKlass sun/nio/fs/WindowsChannelFactory$Flags
instanceKlass sun/nio/fs/WindowsChannelFactory$1
instanceKlass sun/nio/fs/WindowsChannelFactory
instanceKlass sun/nio/fs/WindowsSecurityDescriptor
instanceKlass java/nio/file/attribute/FileAttribute
instanceKlass  @bci jdk/jfr/internal/SecuritySupport newFileInputStream (Ljdk/jfr/internal/SecuritySupport$SafePath;)Ljava/io/InputStream; 1 <appendix> member <vmtarget> ; # jdk/jfr/internal/SecuritySupport$$Lambda+0x00000008001d1248
instanceKlass  @bci jdk/jfr/internal/SecuritySupport getFileSize (Ljdk/jfr/internal/SecuritySupport$SafePath;)J 1 <appendix> member <vmtarget> ; # jdk/jfr/internal/SecuritySupport$$Lambda+0x00000008001d1028
instanceKlass jdk/jfr/internal/jfc/JFC$KnownConfiguration
instanceKlass jdk/jfr/internal/jfc/model/JFCModel
instanceKlass  @bci jdk/jfr/internal/dcmd/DCmdStart jfcOptions ()Ljava/lang/String; 45 <appendix> argL0 ; # jdk/jfr/internal/dcmd/DCmdStart$$Lambda+0x00000008001d09f0
instanceKlass jdk/jfr/internal/jfc/JFC
instanceKlass  @bci jdk/jfr/internal/SecuritySupport isDirectory (Ljdk/jfr/internal/SecuritySupport$SafePath;)Z 1 <appendix> member <vmtarget> ; # jdk/jfr/internal/SecuritySupport$$Lambda+0x00000008001d05d0
instanceKlass sun/nio/fs/BasicFileAttributesHolder
instanceKlass sun/nio/fs/WindowsDirectoryStream$WindowsDirectoryIterator
instanceKlass sun/nio/fs/WindowsDirectoryStream
instanceKlass java/nio/file/Files$1
instanceKlass java/nio/file/DirectoryStream$Filter
instanceKlass sun/nio/fs/WindowsFileSystem$2
instanceKlass java/nio/file/PathMatcher
instanceKlass  @bci java/util/regex/Pattern negate (Ljava/util/regex/Pattern$CharPredicate;)Ljava/util/regex/Pattern$CharPredicate; 1 <appendix> member <vmtarget> ; # java/util/regex/Pattern$$Lambda+0x00000008001cead0
instanceKlass sun/nio/fs/Globs
instanceKlass jdk/jfr/internal/SecuritySupport$1
instanceKlass  @bci jdk/jfr/internal/SecuritySupport getPredefinedJFCFiles ()Ljava/util/List; 8 <appendix> argL0 ; # jdk/jfr/internal/SecuritySupport$$Lambda+0x00000008001ce490
instanceKlass java/nio/file/DirectoryStream
instanceKlass jdk/jfr/internal/consumer/FileAccess
instanceKlass jdk/jfr/internal/SecuritySupport$4
instanceKlass  @bci jdk/jfr/internal/SecuritySupport getPathInProperty (Ljava/lang/String;Ljava/lang/String;)Ljdk/jfr/internal/SecuritySupport$SafePath; 2 <appendix> member <vmtarget> ; # jdk/jfr/internal/SecuritySupport$$Lambda+0x00000008001cd540
instanceKlass  @cpi jdk/jfr/internal/SecuritySupport 768 form vmentry <vmtarget> ; # java/lang/invoke/LambdaForm$DMH+0x0000000800183800
instanceKlass jdk/jfr/internal/SecuritySupport$SafePath
instanceKlass jdk/jfr/internal/SecuritySupport$CallableWithoutCheckException
instanceKlass jdk/internal/event/Event
instanceKlass jdk/jfr/internal/SecuritySupport
instanceKlass  @bci jdk/jfr/internal/dcmd/DCmdStop printHelp ()[Ljava/lang/String; 19 <appendix> argL0 ; # jdk/jfr/internal/dcmd/DCmdStop$$Lambda+0x00000008001cc450
instanceKlass java/util/Formattable
instanceKlass  @bci jdk/jfr/internal/dcmd/DCmdView printHelp ()[Ljava/lang/String; 111 <appendix> argL0 ; # jdk/jfr/internal/dcmd/DCmdView$$Lambda+0x00000008001cc040
instanceKlass jdk/jfr/internal/util/Columnizer$Column
instanceKlass jdk/jfr/internal/util/Tokenizer
instanceKlass  @bci jdk/internal/module/SystemModuleFinders$SystemModuleReader open (Ljava/lang/String;)Ljava/util/Optional; 6 <appendix> member <vmtarget> ; # jdk/internal/module/SystemModuleFinders$SystemModuleReader$$Lambda+0x00000008001cb7d0
instanceKlass jdk/jfr/internal/query/ViewFile
instanceKlass jdk/jfr/internal/util/Columnizer
instanceKlass jdk/jfr/internal/query/ViewPrinter
instanceKlass java/util/stream/AbstractSpinedBuffer
instanceKlass  @bci java/util/stream/ReferencePipeline toArray ()[Ljava/lang/Object; 1 <appendix> argL0 ; # java/util/stream/ReferencePipeline$$Lambda+0x00000008001ca6f8
instanceKlass java/util/ImmutableCollections$Access$1
instanceKlass jdk/internal/access/JavaUtilCollectionAccess
instanceKlass java/util/ImmutableCollections$Access
instanceKlass java/lang/StringLatin1$LinesSpliterator
instanceKlass java/util/Arrays$ArrayItr
instanceKlass com/sun/management/internal/DiagnosticCommandImpl$Wrapper
instanceKlass jdk/jfr/internal/util/Output$LinePrinter
instanceKlass jdk/jfr/internal/util/Output
instanceKlass jdk/jfr/internal/dcmd/AbstractDCmd
instanceKlass com/sun/management/internal/DiagnosticCommandArgumentInfo
instanceKlass com/sun/management/internal/DiagnosticCommandInfo
instanceKlass com/sun/management/internal/DiagnosticCommandImpl$OperationInfoComparator
instanceKlass sun/management/ClassLoadingImpl
instanceKlass java/lang/management/ClassLoadingMXBean
instanceKlass javax/management/MBeanInfo$ArrayGettersSafeAction
instanceKlass javax/management/openmbean/OpenMBeanOperationInfo
instanceKlass java/util/logging/LogManager$4
instanceKlass jdk/internal/logger/BootstrapLogger$BootstrapExecutors
instanceKlass sun/security/util/SecurityConstants
instanceKlass jdk/internal/logger/LoggerFinderLoader
instanceKlass  @bci java/lang/System$LoggerFinder accessProvider ()Ljava/lang/System$LoggerFinder; 8 <appendix> argL0 ; # java/lang/System$LoggerFinder$$Lambda+0x00000008001c4e60
instanceKlass java/util/stream/Streams
instanceKlass java/util/stream/Streams$AbstractStreamBuilderImpl
instanceKlass java/util/stream/Stream$Builder
instanceKlass  @bci java/util/logging/Level$KnownLevel findByName (Ljava/lang/String;Ljava/util/function/Function;)Ljava/util/Optional; 29 <appendix> argL0 ; # java/util/logging/Level$KnownLevel$$Lambda+0x00000008001c3f40
instanceKlass  @bci java/util/logging/Level findLevel (Ljava/lang/String;)Ljava/util/logging/Level; 13 <appendix> argL0 ; # java/util/logging/Level$$Lambda+0x00000008001c3d08
instanceKlass java/util/Hashtable$Enumerator
instanceKlass java/util/Collections$3
instanceKlass java/util/logging/LogManager$LoggerContext$1
instanceKlass java/util/logging/LogManager$VisitedLoggers
instanceKlass java/util/logging/Logger$ConfigurationData
instanceKlass java/util/logging/Logger$LoggerBundle
instanceKlass java/util/logging/Handler
instanceKlass java/util/logging/LogManager$2
instanceKlass java/util/logging/Logging
instanceKlass java/util/logging/LogManager$LoggingProviderAccess
instanceKlass java/util/Collections$SynchronizedMap
instanceKlass java/util/logging/LogManager$LogNode
instanceKlass java/util/logging/LogManager$LoggerContext
instanceKlass java/util/logging/LogManager$1
instanceKlass  @bci java/util/logging/Level$KnownLevel add (Ljava/util/logging/Level;)V 49 <appendix> argL0 ; # java/util/logging/Level$KnownLevel$$Lambda+0x00000008001c0a80
instanceKlass  @bci java/util/logging/Level$KnownLevel add (Ljava/util/logging/Level;)V 19 <appendix> argL0 ; # java/util/logging/Level$KnownLevel$$Lambda+0x00000008001c0848
instanceKlass java/util/logging/Level
instanceKlass java/util/logging/Logger
instanceKlass java/util/logging/LoggingMXBean
instanceKlass sun/management/ManagementFactoryHelper$PlatformLoggingImpl
instanceKlass java/lang/management/PlatformLoggingMXBean
instanceKlass sun/management/CompilationImpl
instanceKlass java/lang/management/CompilationMXBean
instanceKlass sun/management/VMManagementImpl$1
instanceKlass java/lang/management/MemoryUsage
instanceKlass  @bci com/st/microxplorer/plugins/projectmanager/gui/ProjectChoiceTab$3 itemStateChanged (Ljava/awt/event/ItemEvent;)V 97 <appendix> form vmentry <vmtarget> ; # java/lang/invoke/LambdaForm$MH+0x0000000800183400
instanceKlass sun/management/Sensor
instanceKlass sun/management/MemoryPoolImpl
instanceKlass java/lang/management/MemoryPoolMXBean
instanceKlass  @bci com/st/microxplorer/plugins/ip/spi/gui/SpiManager valueHelpString (ILjava/lang/String;)Ljava/lang/String; 23 <appendix> form vmentry <vmtarget> ; # java/lang/invoke/LambdaForm$MH+0x0000000800183000
instanceKlass java/lang/invoke/LambdaFormEditor$1
instanceKlass  @bci com/st/microxplorer/plugins/ip/spi/gui/SpiManager valueHelpString (ILjava/lang/String;)Ljava/lang/String; 23 <appendix> argL3 form vmentry <vmtarget> ; # java/lang/invoke/LambdaForm$MH+0x0000000800182800
instanceKlass  @bci javax/swing/text/html/parser/Parser error (Ljava/lang/String;Ljava/lang/String;Ljava/lang/String;Ljava/lang/String;)V 10 <appendix> argL3 argL2 form vmentry <vmtarget> ; # java/lang/invoke/LambdaForm$MH+0x0000000800182400
instanceKlass  @bci com/st/microxplorer/plugins/ip/spi/gui/SpiManager valueHelpString (ILjava/lang/String;)Ljava/lang/String; 23 <appendix> argL1 form vmentry <vmtarget> ; # java/lang/invoke/LambdaForm$MH+0x0000000800181400
# instanceKlass java/lang/invoke/LambdaForm$MH+0x0000000800180c00
# instanceKlass java/lang/invoke/LambdaForm$MH+0x0000000800180800
instanceKlass  @bci java/util/stream/Collectors uniqKeysMapMerger ()Ljava/util/function/BinaryOperator; 0 <appendix> argL0 ; # java/util/stream/Collectors$$Lambda+0x000000080013cf30
instanceKlass  @bci java/util/stream/Collectors uniqKeysMapAccumulator (Ljava/util/function/Function;Ljava/util/function/Function;)Ljava/util/function/BiConsumer; 2 <appendix> member <vmtarget> ; # java/util/stream/Collectors$$Lambda+0x000000080013cd00
instanceKlass  @bci java/util/stream/Collectors toMap (Ljava/util/function/Function;Ljava/util/function/Function;)Ljava/util/stream/Collector; 4 <appendix> argL0 ; # java/util/stream/Collectors$$Lambda+0x000000080013cae8
instanceKlass  @bci java/util/function/Function identity ()Ljava/util/function/Function; 0 <appendix> argL0 ; # java/util/function/Function$$Lambda+0x000000080013c8b0
instanceKlass  @bci java/lang/management/DefaultPlatformMBeanProvider$5 nameToMBeanMap ()Ljava/util/Map; 21 <appendix> argL0 ; # java/lang/management/DefaultPlatformMBeanProvider$5$$Lambda+0x000000080013c298
instanceKlass  @bci java/lang/management/DefaultPlatformMBeanProvider$5 nameToMBeanMap ()Ljava/util/Map; 11 <appendix> member <vmtarget> ; # java/lang/management/DefaultPlatformMBeanProvider$5$$Lambda+0x000000080013c048
instanceKlass com/sun/management/GarbageCollectorMXBean
instanceKlass java/lang/management/GarbageCollectorMXBean
instanceKlass java/lang/management/MemoryManagerMXBean
instanceKlass java/lang/management/MemoryMXBean
instanceKlass javax/management/DescriptorKey
instanceKlass java/lang/Deprecated
instanceKlass sun/management/BaseOperatingSystemImpl
instanceKlass com/sun/management/OperatingSystemMXBean
instanceKlass java/lang/management/OperatingSystemMXBean
instanceKlass com/sun/jmx/mbeanserver/PerInterface$MethodAndSig
instanceKlass  @bci com/st/microxplorer/plugins/power/util/ConversionUnit frequencyStringConversion (I)Ljava/lang/String; 8 <appendix> form vmentry <vmtarget> ; # java/lang/invoke/LambdaForm$MH+0x0000000800180000
instanceKlass  @bci com/st/microxplorer/plugins/power/util/ConversionUnit frequencyStringConversion (I)Ljava/lang/String; 8 <appendix> argL3 form vmentry <vmtarget> ; # java/lang/invoke/LambdaForm$MH+0x000000080012fc00
instanceKlass  @bci com/l2fprod/common/swing/LookAndFeelTweaks htmlize (Ljavax/swing/JComponent;Ljava/awt/Font;)V 16 <appendix> argL1 argL0 argL1 form vmentry <vmtarget> ; # java/lang/invoke/LambdaForm$MH+0x000000080012f000
instanceKlass java/lang/management/LockInfo
instanceKlass java/lang/management/ThreadInfo
instanceKlass sun/management/ThreadImpl
instanceKlass com/sun/management/ThreadMXBean
instanceKlass java/lang/management/ThreadMXBean
instanceKlass com/sun/jmx/mbeanserver/WeakIdentityHashMap
instanceKlass com/sun/jmx/mbeanserver/MXBeanLookup
instanceKlass com/sun/jmx/mbeanserver/PerInterface$InitMaps
instanceKlass com/sun/jmx/mbeanserver/PerInterface
instanceKlass javax/management/openmbean/OpenMBeanAttributeInfo
instanceKlass javax/management/openmbean/OpenMBeanParameterInfo
instanceKlass com/sun/jmx/mbeanserver/MBeanIntrospector$MBeanInfoMaker
instanceKlass com/sun/jmx/mbeanserver/MBeanAnalyzer$MBeanVisitor
instanceKlass  @bci com/st/microxplorer/plugins/power/util/GraphicalSetting generateTimeSliderTitle (Ljava/lang/String;Ljava/lang/String;Ljava/lang/String;Ljava/lang/String;Ljava/lang/String;Ljava/lang/String;Ljava/lang/String;)Ljava/lang/String; 12 <appendix> form vmentry <vmtarget> ; # java/lang/invoke/LambdaForm$MH+0x000000080012e800
instanceKlass  @bci com/st/microxplorer/plugins/power/util/ConversionUnit frequencyStringConversion (I)Ljava/lang/String; 48 <appendix> argL3 form vmentry <vmtarget> ; # java/lang/invoke/LambdaForm$MH+0x000000080012e000
instanceKlass java/lang/invoke/MethodHandles$1
instanceKlass java/lang/Long$LongCache
instanceKlass  @bci com/l2fprod/common/swing/LookAndFeelTweaks htmlize (Ljavax/swing/JComponent;Ljava/awt/Font;)V 16 <appendix> argL2 form vmentry <vmtarget> ; # java/lang/invoke/LambdaForm$MH+0x000000080012d800
instanceKlass  @bci com/l2fprod/common/swing/LookAndFeelTweaks htmlize (Ljavax/swing/JComponent;Ljava/awt/Font;)V 16 <appendix> argL1 argL0 argL0 form vmentry <vmtarget> ; # java/lang/invoke/LambdaForm$MH+0x000000080012d000
instanceKlass sun/reflect/generics/reflectiveObjects/LazyReflectiveObjectGenerator
instanceKlass sun/reflect/generics/tree/TypeVariableSignature
instanceKlass sun/reflect/generics/tree/ClassSignature
instanceKlass sun/reflect/generics/reflectiveObjects/ParameterizedTypeImpl
instanceKlass java/lang/reflect/ParameterizedType
instanceKlass sun/reflect/generics/tree/MethodTypeSignature
instanceKlass sun/reflect/generics/tree/Signature
instanceKlass sun/reflect/generics/tree/FormalTypeParameter
instanceKlass java/lang/reflect/TypeVariable
instanceKlass sun/reflect/generics/repository/AbstractRepository
instanceKlass com/sun/jmx/mbeanserver/MBeanAnalyzer$AttrMethods
# instanceKlass java/lang/invoke/LambdaForm$MH+0x000000080012c800
instanceKlass com/sun/jmx/mbeanserver/MXBeanMapping
instanceKlass javax/management/openmbean/TabularData
instanceKlass javax/management/openmbean/CompositeData
instanceKlass javax/management/openmbean/OpenType
instanceKlass com/sun/jmx/mbeanserver/MXBeanMappingFactory
instanceKlass com/sun/jmx/mbeanserver/ConvertingMethod
instanceKlass com/sun/jmx/mbeanserver/MBeanAnalyzer$MethodOrder
instanceKlass com/sun/jmx/mbeanserver/MBeanAnalyzer
instanceKlass com/sun/jmx/mbeanserver/MBeanIntrospector
instanceKlass javax/management/MXBean
instanceKlass com/sun/jmx/mbeanserver/MBeanSupport
instanceKlass com/sun/jmx/mbeanserver/DescriptorCache
instanceKlass javax/management/JMX
instanceKlass javax/management/StandardMBean
instanceKlass  @bci java/lang/management/ManagementFactory addMXBean (Ljavax/management/MBeanServer;Ljava/lang/String;Ljava/lang/Object;)V 8 <appendix> member <vmtarget> ; # java/lang/management/ManagementFactory$$Lambda+0x000000080017a748
instanceKlass java/util/AbstractMap$SimpleImmutableEntry
instanceKlass java/util/stream/ForEachOps$ForEachOp
instanceKlass java/util/stream/ForEachOps
instanceKlass  @bci java/lang/management/ManagementFactory getPlatformMBeanServer ()Ljavax/management/MBeanServer; 63 <appendix> argL0 ; # java/lang/management/ManagementFactory$$Lambda+0x0000000800179768
instanceKlass  @cpi org/sqlite/SQLiteJDBCLoader 297 form vmentry <vmtarget> ; # java/lang/invoke/LambdaForm$DMH+0x000000080012c400
instanceKlass  @bci java/lang/management/ManagementFactory getPlatformMBeanServer ()Ljavax/management/MBeanServer; 53 <appendix> argL0 ; # java/lang/management/ManagementFactory$$Lambda+0x0000000800179040
instanceKlass  @bci java/lang/management/ManagementFactory getPlatformMBeanServer ()Ljavax/management/MBeanServer; 43 <appendix> argL0 ; # java/lang/management/ManagementFactory$$Lambda+0x0000000800178df8
instanceKlass  @cpi java/lang/management/ManagementFactory 556 form vmentry <vmtarget> ; # java/lang/invoke/LambdaForm$DMH+0x000000080012c000
instanceKlass com/sun/jmx/mbeanserver/JmxMBeanServer$3
instanceKlass javax/management/ObjectInstance
instanceKlass com/sun/jmx/mbeanserver/NamedObject
instanceKlass com/sun/jmx/interceptor/DefaultMBeanServerInterceptor$ResourceContext$1
instanceKlass com/sun/jmx/interceptor/DefaultMBeanServerInterceptor$ResourceContext
instanceKlass com/sun/jmx/mbeanserver/Repository$RegistrationContext
instanceKlass com/sun/jmx/mbeanserver/DynamicMBean2
instanceKlass sun/util/logging/PlatformLogger
instanceKlass sun/util/logging/PlatformLogger$ConfigurableBridge$LoggerConfiguration
instanceKlass jdk/internal/logger/BootstrapLogger$RedirectedLoggers
instanceKlass com/sun/jmx/defaults/JmxProperties
instanceKlass com/sun/jmx/mbeanserver/Introspector
instanceKlass com/sun/jmx/mbeanserver/JmxMBeanServer$2
instanceKlass com/sun/jmx/interceptor/DefaultMBeanServerInterceptor
instanceKlass com/sun/jmx/interceptor/MBeanServerInterceptor
instanceKlass com/sun/jmx/mbeanserver/Repository
instanceKlass com/sun/jmx/mbeanserver/JmxMBeanServer$1
instanceKlass com/sun/jmx/mbeanserver/SecureClassLoaderRepository
instanceKlass com/sun/jmx/mbeanserver/MBeanInstantiator
instanceKlass com/sun/jmx/mbeanserver/ClassLoaderRepositorySupport$LoaderEntry
instanceKlass com/sun/jmx/mbeanserver/ClassLoaderRepositorySupport
instanceKlass com/sun/jmx/mbeanserver/ModifiableClassLoaderRepository
instanceKlass javax/management/loading/ClassLoaderRepository
instanceKlass javax/management/ImmutableDescriptor
instanceKlass javax/management/Descriptor
instanceKlass jdk/internal/logger/LazyLoggers$LazyLoggerAccessor
instanceKlass jdk/internal/logger/LazyLoggers$LoggerAccessor
instanceKlass jdk/internal/logger/AbstractLoggerWrapper
instanceKlass sun/util/logging/internal/LoggingProviderImpl$LogManagerAccess
instanceKlass jdk/internal/logger/BootstrapLogger$DetectBackend$1
instanceKlass jdk/internal/logger/BootstrapLogger$DetectBackend
instanceKlass jdk/internal/logger/BootstrapLogger
instanceKlass sun/util/logging/PlatformLogger$ConfigurableBridge
instanceKlass sun/util/logging/PlatformLogger$Bridge
instanceKlass jdk/internal/logger/DefaultLoggerFinder$1
instanceKlass java/lang/System$LoggerFinder
instanceKlass jdk/internal/logger/LazyLoggers$LazyLoggerFactories
instanceKlass jdk/internal/logger/LazyLoggers$1
instanceKlass jdk/internal/logger/LazyLoggers
instanceKlass com/sun/jmx/remote/util/ClassLogger
instanceKlass java/lang/System$Logger
instanceKlass javax/management/NotificationBroadcasterSupport$1
instanceKlass javax/management/NotificationBroadcasterSupport
instanceKlass java/util/ComparableTimSort
instanceKlass javax/management/ObjectName$Property
instanceKlass javax/management/ObjectName
instanceKlass javax/management/QueryExp
instanceKlass com/sun/jmx/mbeanserver/Util
instanceKlass javax/management/MBeanInfo
instanceKlass javax/management/MBeanFeatureInfo
instanceKlass javax/management/DescriptorRead
instanceKlass javax/management/MBeanServerDelegate
instanceKlass javax/management/MBeanServerDelegateMBean
instanceKlass javax/management/MBeanRegistration
instanceKlass com/sun/jmx/mbeanserver/JmxMBeanServer
instanceKlass com/sun/jmx/mbeanserver/SunJmxMBeanServer
instanceKlass javax/management/MBeanServer
instanceKlass javax/management/MBeanServerConnection
instanceKlass javax/management/MBeanServerBuilder
instanceKlass com/sun/jmx/mbeanserver/GetPropertyAction
instanceKlass javax/management/MBeanServerFactory
instanceKlass jdk/internal/vm/ThreadContainers
instanceKlass jdk/internal/vm/StackableScope
instanceKlass java/util/concurrent/LinkedBlockingQueue$Node
instanceKlass java/util/concurrent/BlockingQueue
instanceKlass java/util/concurrent/ThreadPoolExecutor$AbortPolicy
instanceKlass java/util/concurrent/RejectedExecutionHandler
instanceKlass java/util/concurrent/AbstractExecutorService
instanceKlass org/apache/logging/log4j/core/util/Log4jThreadFactory
instanceKlass org/apache/logging/log4j/core/jmx/Server
instanceKlass java/util/EventObject
instanceKlass java/util/Formatter$Flags
instanceKlass java/util/Formatter$FixedString
instanceKlass java/util/Formatter$FormatSpecifier
instanceKlass java/util/Formatter$FormatString
instanceKlass java/util/Formatter$Conversion
instanceKlass  @bci java/util/regex/CharPredicates ASCII_DIGIT ()Ljava/util/regex/Pattern$BmpCharPredicate; 0 <appendix> argL0 ; # java/util/regex/CharPredicates$$Lambda+0x00000008001672c8
instanceKlass java/util/regex/CharPredicates
instanceKlass java/util/Formatter
instanceKlass org/apache/logging/log4j/core/Version
instanceKlass java/net/InetAddress$CachedLocalHost
instanceKlass java/util/concurrent/atomic/Striped64$1
instanceKlass jdk/internal/util/random/RandomSupport
instanceKlass java/util/Random
instanceKlass java/util/random/RandomGenerator
instanceKlass java/net/InetAddress$CachedLookup
instanceKlass sun/net/InetAddressCachePolicy$1
instanceKlass sun/net/InetAddressCachePolicy
instanceKlass  @bci java/net/InetAddress getAddressesFromNameService (Ljava/lang/String;)[Ljava/net/InetAddress; 94 <appendix> argL0 ; # java/net/InetAddress$$Lambda+0x0000000800164b30
instanceKlass java/net/Inet6Address$Inet6AddressHolder
instanceKlass  @bci java/net/InetAddress loadResolver ()Ljava/net/spi/InetAddressResolver; 8 <appendix> argL0 ; # java/net/InetAddress$$Lambda+0x0000000800163f58
instanceKlass java/net/spi/InetAddressResolverProvider
instanceKlass java/net/InetAddress$NameServiceAddresses
instanceKlass java/net/InetAddress$Addresses
instanceKlass java/util/concurrent/ConcurrentSkipListMap$Iter
instanceKlass java/net/InetAddress$PlatformResolver
instanceKlass java/net/spi/InetAddressResolver
instanceKlass java/net/spi/InetAddressResolver$LookupPolicy
instanceKlass java/net/Inet4AddressImpl
instanceKlass java/net/Inet6AddressImpl
instanceKlass java/net/InetAddressImpl
instanceKlass java/util/concurrent/ConcurrentSkipListMap$Node
instanceKlass java/util/concurrent/ConcurrentSkipListMap$Index
instanceKlass java/util/concurrent/ConcurrentNavigableMap
instanceKlass java/net/InetAddress$InetAddressHolder
instanceKlass java/net/InetAddress$1
instanceKlass jdk/internal/access/JavaNetInetAddressAccess
instanceKlass java/net/InetAddress
instanceKlass org/apache/logging/log4j/core/util/NetUtils
instanceKlass  @bci org/apache/logging/log4j/core/LoggerContext setConfiguration (Lorg/apache/logging/log4j/core/config/Configuration;)Lorg/apache/logging/log4j/core/config/Configuration; 59 <appendix> argL0 ; # org/apache/logging/log4j/core/LoggerContext$$Lambda+0x0000000800121888
instanceKlass  @bci org/apache/logging/log4j/core/util/BasicAuthorizationProvider <init> (Lorg/apache/logging/log4j/util/PropertiesUtil;)V 48 <appendix> member <vmtarget> ; # org/apache/logging/log4j/core/util/BasicAuthorizationProvider$$Lambda+0x0000000800121668
instanceKlass  @bci org/apache/logging/log4j/core/util/BasicAuthorizationProvider <init> (Lorg/apache/logging/log4j/util/PropertiesUtil;)V 32 <appendix> member <vmtarget> ; # org/apache/logging/log4j/core/util/BasicAuthorizationProvider$$Lambda+0x0000000800121448
instanceKlass  @bci org/apache/logging/log4j/core/util/BasicAuthorizationProvider <init> (Lorg/apache/logging/log4j/util/PropertiesUtil;)V 16 <appendix> member <vmtarget> ; # org/apache/logging/log4j/core/util/BasicAuthorizationProvider$$Lambda+0x0000000800121228
instanceKlass org/apache/logging/log4j/core/util/BasicAuthorizationProvider
instanceKlass com/fasterxml/jackson/core/JsonParser
instanceKlass com/fasterxml/jackson/databind/JsonSerializable$Base
instanceKlass com/fasterxml/jackson/databind/JsonSerializable
instanceKlass com/fasterxml/jackson/core/TreeNode
instanceKlass com/fasterxml/jackson/core/TreeCodec
instanceKlass com/fasterxml/jackson/core/Versioned
instanceKlass org/apache/logging/log4j/core/config/Order
instanceKlass java/util/TimSort
instanceKlass java/util/Arrays$LegacyMergeSort
instanceKlass org/apache/logging/log4j/core/config/OrderComparator
instanceKlass org/apache/logging/log4j/core/util/AuthorizationProvider
instanceKlass org/apache/logging/log4j/core/config/builder/api/ConfigurationBuilder
instanceKlass  @bci org/apache/logging/log4j/core/selector/ClassLoaderContextSelector locateContext (Ljava/lang/ClassLoader;Ljava/util/Map$Entry;Ljava/net/URI;)Lorg/apache/logging/log4j/core/LoggerContext; 160 <appendix> member <vmtarget> ; # org/apache/logging/log4j/core/selector/ClassLoaderContextSelector$$Lambda+0x0000000800126bc0
instanceKlass org/apache/logging/log4j/core/appender/DefaultErrorHandler
instanceKlass org/apache/logging/log4j/core/appender/ConsoleAppender$FactoryData
instanceKlass org/apache/logging/log4j/core/appender/ConsoleAppender$ConsoleManagerFactory
instanceKlass org/apache/logging/log4j/core/layout/ByteBufferDestination
instanceKlass org/apache/logging/log4j/core/ErrorHandler
instanceKlass org/apache/logging/log4j/core/layout/PatternLayout$PatternFormatterPatternSerializer
instanceKlass org/apache/logging/log4j/core/pattern/PlainTextRenderer
instanceKlass org/apache/logging/log4j/core/impl/ThrowableFormatOptions
instanceKlass org/apache/logging/log4j/core/pattern/PatternFormatter
instanceKlass  @bci jdk/internal/reflect/DirectConstructorHandleAccessor invokeImpl ([Ljava/lang/Object;)Ljava/lang/Object; 88 <adapter> ; # java/lang/invoke/LambdaForm$MH+0x0000000800120c00
instanceKlass org/apache/logging/log4j/core/pattern/TextRenderer
instanceKlass org/apache/logging/log4j/core/util/Integers
instanceKlass org/apache/logging/log4j/core/pattern/NameAbbreviator
instanceKlass org/apache/logging/log4j/core/util/OptionConverter
instanceKlass sun/util/calendar/CalendarUtils
instanceKlass sun/util/calendar/CalendarDate
instanceKlass sun/util/resources/Bundles$CacheKeyReference
instanceKlass  @bci java/util/ResourceBundle$ResourceBundleProviderHelper newResourceBundle (Ljava/lang/Class;)Ljava/util/ResourceBundle; 22 <appendix> member <vmtarget> ; # java/util/ResourceBundle$ResourceBundleProviderHelper$$Lambda+0x000000080015d100
instanceKlass java/util/ResourceBundle$ResourceBundleProviderHelper
instanceKlass  @bci sun/util/cldr/CLDRLocaleProviderAdapter applyAliases (Ljava/util/Locale;)Ljava/util/Locale; 4 <appendix> argL0 ; # sun/util/cldr/CLDRLocaleProviderAdapter$$Lambda+0x000000080015c828
instanceKlass sun/util/resources/Bundles$CacheKey
instanceKlass java/util/ResourceBundle$1
instanceKlass jdk/internal/access/JavaUtilResourceBundleAccess
instanceKlass sun/util/resources/Bundles
instanceKlass sun/util/resources/LocaleData$LocaleDataStrategy
instanceKlass sun/util/resources/Bundles$Strategy
instanceKlass sun/util/resources/LocaleData$1
instanceKlass sun/util/resources/LocaleData
instanceKlass sun/util/locale/provider/LocaleResources
instanceKlass java/util/stream/Nodes$ArrayNode
instanceKlass java/util/stream/Node$Builder
instanceKlass java/util/stream/Node$OfDouble
instanceKlass java/util/stream/Node$OfLong
instanceKlass java/util/stream/Node$OfInt
instanceKlass java/util/stream/Node$OfPrimitive
instanceKlass java/util/stream/Nodes$EmptyNode
instanceKlass java/util/stream/Node
instanceKlass java/util/stream/Nodes
instanceKlass  @bci sun/util/locale/provider/LocaleProviderAdapter toLocaleArray (Ljava/util/Set;)[Ljava/util/Locale; 16 <appendix> argL0 ; # sun/util/locale/provider/LocaleProviderAdapter$$Lambda+0x0000000800158688
instanceKlass java/util/function/IntFunction
instanceKlass  @bci sun/util/locale/provider/LocaleProviderAdapter toLocaleArray (Ljava/util/Set;)[Ljava/util/Locale; 6 <appendix> argL0 ; # sun/util/locale/provider/LocaleProviderAdapter$$Lambda+0x0000000800158068
instanceKlass java/util/Spliterators$IteratorSpliterator
instanceKlass  @bci sun/util/cldr/CLDRLocaleProviderAdapter getCalendarDataProvider ()Ljava/util/spi/CalendarDataProvider; 8 <appendix> member <vmtarget> ; # sun/util/cldr/CLDRLocaleProviderAdapter$$Lambda+0x0000000800157720
instanceKlass java/util/ResourceBundle
instanceKlass java/util/ResourceBundle$Control
instanceKlass sun/util/locale/provider/CalendarDataUtility$CalendarWeekParameterGetter
instanceKlass sun/util/locale/provider/LocaleServiceProviderPool$LocalizedObjectGetter
instanceKlass sun/util/locale/provider/LocaleServiceProviderPool
instanceKlass java/util/Locale$Builder
instanceKlass sun/util/locale/provider/CalendarDataUtility
instanceKlass sun/util/calendar/CalendarSystem$GregorianHolder
instanceKlass sun/util/calendar/CalendarSystem
instanceKlass java/util/Calendar$Builder
instanceKlass sun/util/locale/provider/AvailableLanguageTags
instanceKlass  @bci sun/util/locale/provider/JRELocaleProviderAdapter getCalendarProvider ()Lsun/util/spi/CalendarProvider; 8 <appendix> member <vmtarget> ; # sun/util/locale/provider/JRELocaleProviderAdapter$$Lambda+0x0000000800153298
instanceKlass sun/util/resources/cldr/provider/CLDRLocaleDataMetaInfo
instanceKlass jdk/internal/module/ModulePatcher$PatchedModuleReader
instanceKlass  @bci sun/util/cldr/CLDRLocaleProviderAdapter <init> ()V 4 <appendix> argL0 ; # sun/util/cldr/CLDRLocaleProviderAdapter$$Lambda+0x0000000800152b70
instanceKlass sun/util/locale/LocaleObjectCache
instanceKlass sun/util/locale/BaseLocale$Key
instanceKlass sun/util/locale/InternalLocaleBuilder$CaseInsensitiveChar
instanceKlass sun/util/locale/InternalLocaleBuilder
instanceKlass sun/util/locale/StringTokenIterator
instanceKlass sun/util/locale/ParseStatus
instanceKlass sun/util/locale/LanguageTag
instanceKlass sun/util/cldr/CLDRBaseLocaleDataMetaInfo
instanceKlass sun/util/locale/provider/LocaleDataMetaInfo
instanceKlass sun/util/locale/provider/ResourceBundleBasedAdapter
instanceKlass sun/util/locale/provider/LocaleProviderAdapter
instanceKlass java/util/spi/LocaleServiceProvider
instanceKlass java/util/Calendar
instanceKlass sun/util/calendar/ZoneInfoFile$ZoneOffsetTransitionRule
instanceKlass sun/util/calendar/ZoneInfoFile$1
instanceKlass sun/util/calendar/ZoneInfoFile
instanceKlass java/util/TimeZone
# instanceKlass java/lang/invoke/LambdaForm$MH+0x000000080011cc00
instanceKlass java/util/Date
instanceKlass org/apache/logging/log4j/core/util/datetime/FixedDateFormat
instanceKlass org/apache/logging/log4j/core/time/MutableInstant
instanceKlass java/time/temporal/TemporalAccessor
instanceKlass org/apache/logging/log4j/core/pattern/DatePatternConverter$CachedTime
instanceKlass org/apache/logging/log4j/core/pattern/DatePatternConverter$Formatter
instanceKlass org/apache/logging/log4j/core/time/Instant
instanceKlass org/apache/logging/log4j/core/pattern/PatternParser$1
instanceKlass org/apache/logging/log4j/core/pattern/FormattingInfo
instanceKlass java/lang/Class$AnnotationData
instanceKlass java/lang/annotation/Target
# instanceKlass java/lang/invoke/LambdaForm$MH+0x000000080011c400
instanceKlass  @bci com/sun/org/apache/xml/internal/dtm/ref/dom2dtm/DOM2DTMdefaultNamespaceDeclarationNode <init> (Lorg/w3c/dom/Element;Ljava/lang/String;Ljava/lang/String;I)V 33 <appendix> form vmentry <vmtarget> ; # java/lang/invoke/LambdaForm$MH+0x000000080011c000
instanceKlass java/lang/reflect/Proxy$ProxyBuilder$1
instanceKlass jdk/internal/org/objectweb/asm/Edge
instanceKlass  @bci java/lang/reflect/ProxyGenerator addProxyMethod (Ljava/lang/reflect/Method;Ljava/lang/Class;)V 23 <appendix> argL0 ; # java/lang/reflect/ProxyGenerator$$Lambda+0x000000080014b700
instanceKlass  @bci java/lang/reflect/ProxyGenerator addProxyMethod (Ljava/lang/reflect/ProxyGenerator$ProxyMethod;)V 10 <appendix> argL0 ; # java/lang/reflect/ProxyGenerator$$Lambda+0x000000080014b4c8
instanceKlass java/util/StringJoiner
instanceKlass java/lang/reflect/ProxyGenerator$ProxyMethod
instanceKlass  @bci java/lang/reflect/Proxy getLoader (Ljava/lang/Module;)Ljava/lang/ClassLoader; 6 <appendix> member <vmtarget> ; # java/lang/reflect/Proxy$$Lambda+0x000000080014ab80
instanceKlass  @bci java/lang/module/ModuleDescriptor$Builder packages (Ljava/util/Set;)Ljava/lang/module/ModuleDescriptor$Builder; 17 <appendix> argL0 ; # java/lang/module/ModuleDescriptor$Builder$$Lambda+0x000000080014a750
instanceKlass jdk/internal/module/Checks
instanceKlass java/lang/module/ModuleDescriptor$Builder
instanceKlass  @bci java/lang/reflect/Proxy$ProxyBuilder getDynamicModule (Ljava/lang/ClassLoader;)Ljava/lang/Module; 4 <appendix> argL0 ; # java/lang/reflect/Proxy$ProxyBuilder$$Lambda+0x000000080014a120
instanceKlass java/lang/reflect/Proxy$ProxyBuilder
instanceKlass  @bci java/lang/reflect/Proxy getProxyConstructor (Ljava/lang/Class;Ljava/lang/ClassLoader;[Ljava/lang/Class;)Ljava/lang/reflect/Constructor; 35 <appendix> argL0 ; # java/lang/reflect/Proxy$$Lambda+0x0000000800149cf0
instanceKlass java/lang/reflect/Proxy
instanceKlass sun/reflect/annotation/AnnotationInvocationHandler
instanceKlass java/lang/reflect/InvocationHandler
instanceKlass sun/reflect/annotation/AnnotationParser$1
instanceKlass java/lang/annotation/Documented
instanceKlass java/lang/annotation/Inherited
instanceKlass java/lang/annotation/Retention
instanceKlass sun/reflect/annotation/ExceptionProxy
instanceKlass sun/reflect/annotation/AnnotationType$1
instanceKlass sun/reflect/annotation/AnnotationType
instanceKlass java/lang/reflect/GenericArrayType
instanceKlass org/apache/logging/log4j/core/config/plugins/Plugin
instanceKlass sun/reflect/generics/visitor/Reifier
instanceKlass sun/reflect/generics/visitor/TypeTreeVisitor
instanceKlass sun/reflect/generics/factory/CoreReflectionFactory
instanceKlass sun/reflect/generics/factory/GenericsFactory
instanceKlass sun/reflect/generics/scope/AbstractScope
instanceKlass sun/reflect/generics/scope/Scope
instanceKlass sun/reflect/generics/tree/ClassTypeSignature
instanceKlass sun/reflect/generics/tree/SimpleClassTypeSignature
instanceKlass sun/reflect/generics/tree/FieldTypeSignature
instanceKlass sun/reflect/generics/tree/BaseType
instanceKlass sun/reflect/generics/tree/TypeSignature
instanceKlass sun/reflect/generics/tree/ReturnType
instanceKlass sun/reflect/generics/tree/TypeArgument
instanceKlass sun/reflect/generics/tree/TypeTree
instanceKlass sun/reflect/generics/tree/Tree
instanceKlass sun/reflect/generics/parser/SignatureParser
instanceKlass org/apache/logging/log4j/core/pattern/ConverterKeys
instanceKlass org/apache/logging/log4j/core/pattern/PatternParser
instanceKlass org/apache/logging/log4j/core/layout/StringBuilderEncoder
instanceKlass org/apache/logging/log4j/core/layout/PatternLayout$PatternSerializer
instanceKlass org/apache/logging/log4j/core/layout/AbstractStringLayout$Serializer
instanceKlass org/apache/logging/log4j/core/layout/PatternLayout$SerializerBuilder
instanceKlass org/apache/logging/log4j/core/layout/PatternLayout$Builder
instanceKlass org/apache/logging/log4j/core/layout/AbstractStringLayout$Serializer2
instanceKlass org/apache/logging/log4j/spi/LoggerRegistry$ConcurrentMapFactory
instanceKlass org/apache/logging/log4j/spi/LoggerRegistry$MapFactory
instanceKlass org/apache/logging/log4j/spi/LoggerRegistry
instanceKlass org/apache/logging/log4j/core/config/Node
instanceKlass org/apache/logging/log4j/core/util/DummyNanoClock
instanceKlass jdk/internal/foreign/MemorySessionImpl
instanceKlass java/lang/foreign/MemorySegment$Scope
instanceKlass org/apache/logging/log4j/core/util/WatchEventService
instanceKlass java/util/UUID
instanceKlass org/apache/logging/log4j/core/util/WatchManager$LocalUUID
instanceKlass java/util/concurrent/Future
instanceKlass java/util/concurrent/ScheduledExecutorService
instanceKlass java/util/concurrent/ExecutorService
instanceKlass java/util/concurrent/Executor
instanceKlass org/apache/logging/log4j/core/config/DefaultReliabilityStrategy
instanceKlass org/apache/logging/log4j/core/config/LocationAwareReliabilityStrategy
instanceKlass sun/reflect/misc/ReflectUtil
instanceKlass java/util/concurrent/atomic/AtomicReferenceFieldUpdater$AtomicReferenceFieldUpdaterImpl$1
instanceKlass java/util/concurrent/atomic/AtomicReferenceFieldUpdater
instanceKlass org/apache/logging/log4j/core/config/AppenderControlArraySet
instanceKlass org/apache/logging/log4j/core/util/SystemClock
instanceKlass org/apache/logging/log4j/core/time/PreciseClock
instanceKlass org/apache/logging/log4j/core/util/Clock
instanceKlass org/apache/logging/log4j/core/util/ClockFactory
instanceKlass org/apache/logging/log4j/core/impl/ReusableLogEventFactory
instanceKlass org/apache/logging/log4j/core/impl/LogEventFactory
instanceKlass org/apache/logging/log4j/core/impl/LocationAwareLogEventFactory
instanceKlass org/apache/logging/log4j/core/config/ReliabilityStrategy
instanceKlass org/apache/logging/log4j/core/LogEvent
instanceKlass java/util/DualPivotQuicksort
instanceKlass org/apache/logging/log4j/core/lookup/StrMatcher
instanceKlass sun/management/Util
instanceKlass  @bci java/util/stream/Collectors toList ()Ljava/util/stream/Collector; 14 <appendix> argL0 ; # java/util/stream/Collectors$$Lambda+0x0000000800142ba8
instanceKlass  @bci java/util/stream/Collectors toList ()Ljava/util/stream/Collector; 9 <appendix> argL0 ; # java/util/stream/Collectors$$Lambda+0x0000000800142980
instanceKlass  @bci java/util/stream/Collectors toList ()Ljava/util/stream/Collector; 4 <appendix> argL0 ; # java/util/stream/Collectors$$Lambda+0x0000000800142768
instanceKlass  @bci sun/management/spi/PlatformMBeanProvider$PlatformComponent getMBeans (Ljava/lang/Class;)Ljava/util/List; 63 <appendix> member <vmtarget> ; # sun/management/spi/PlatformMBeanProvider$PlatformComponent$$Lambda+0x0000000800142038
instanceKlass  @bci sun/management/spi/PlatformMBeanProvider$PlatformComponent getMBeans (Ljava/lang/Class;)Ljava/util/List; 47 <appendix> member <vmtarget> ; # sun/management/spi/PlatformMBeanProvider$PlatformComponent$$Lambda+0x0000000800141de8
instanceKlass  @cpi com/st/microxplorer/plugins/thirdparty/cli/ThirdPartyCli 477 form vmentry <vmtarget> ; # java/lang/invoke/LambdaForm$DMH+0x0000000800114400
instanceKlass java/util/Collections$2
instanceKlass sun/management/RuntimeImpl
instanceKlass java/util/stream/ReduceOps$2ReducingSink
instanceKlass  @bci java/lang/management/ManagementFactory$PlatformMBeanFinder findSingleton (Ljava/lang/Class;)Lsun/management/spi/PlatformMBeanProvider$PlatformComponent; 30 <appendix> member <vmtarget> ; # java/lang/management/ManagementFactory$PlatformMBeanFinder$$Lambda+0x00000008001409d8
instanceKlass  @bci java/lang/management/ManagementFactory$PlatformMBeanFinder findSingleton (Ljava/lang/Class;)Lsun/management/spi/PlatformMBeanProvider$PlatformComponent; 19 <appendix> member <vmtarget> ; # java/lang/management/ManagementFactory$PlatformMBeanFinder$$Lambda+0x00000008000ffd10
instanceKlass java/util/HashMap$HashMapSpliterator
instanceKlass java/util/Collections$1
instanceKlass jdk/management/jfr/internal/FlightRecorderMXBeanProvider$SingleMBeanComponent
instanceKlass jdk/management/jfr/FlightRecorderMXBean
instanceKlass java/util/Collections$UnmodifiableCollection$1
instanceKlass java/lang/management/DefaultPlatformMBeanProvider$11
instanceKlass java/lang/management/DefaultPlatformMBeanProvider$10
instanceKlass java/lang/management/DefaultPlatformMBeanProvider$9
instanceKlass java/util/logging/LogManager
instanceKlass sun/management/ManagementFactoryHelper$LoggingMXBeanAccess$1
instanceKlass sun/management/ManagementFactoryHelper$LoggingMXBeanAccess
instanceKlass java/lang/management/DefaultPlatformMBeanProvider$8
instanceKlass java/lang/management/DefaultPlatformMBeanProvider$7
instanceKlass java/lang/management/DefaultPlatformMBeanProvider$6
instanceKlass java/lang/management/DefaultPlatformMBeanProvider$5
instanceKlass java/lang/management/DefaultPlatformMBeanProvider$4
instanceKlass java/lang/management/DefaultPlatformMBeanProvider$3
instanceKlass java/lang/management/DefaultPlatformMBeanProvider$2
instanceKlass java/lang/management/DefaultPlatformMBeanProvider$1
instanceKlass java/util/concurrent/Callable
instanceKlass com/sun/management/internal/PlatformMBeanProviderImpl$5
instanceKlass sun/management/VMManagementImpl
instanceKlass sun/management/VMManagement
instanceKlass sun/management/ManagementFactoryHelper
instanceKlass sun/management/NotificationEmitterSupport
instanceKlass javax/management/NotificationEmitter
instanceKlass javax/management/NotificationBroadcaster
instanceKlass com/sun/management/DiagnosticCommandMBean
instanceKlass javax/management/DynamicMBean
instanceKlass com/sun/management/internal/PlatformMBeanProviderImpl$4
instanceKlass com/sun/management/internal/PlatformMBeanProviderImpl$3
instanceKlass com/sun/management/internal/PlatformMBeanProviderImpl$2
instanceKlass java/util/stream/ReduceOps$Box
instanceKlass java/util/stream/ReduceOps$AccumulatingSink
instanceKlass java/util/stream/ReduceOps$ReduceOp
instanceKlass java/util/stream/ReduceOps
instanceKlass  @bci java/util/stream/Collectors castingIdentity ()Ljava/util/function/Function; 0 <appendix> argL0 ; # java/util/stream/Collectors$$Lambda+0x00000008000f8b70
instanceKlass  @bci java/util/stream/Collectors toSet ()Ljava/util/stream/Collector; 14 <appendix> argL0 ; # java/util/stream/Collectors$$Lambda+0x00000008000f8930
instanceKlass java/util/function/BinaryOperator
instanceKlass  @bci java/util/stream/Collectors toSet ()Ljava/util/stream/Collector; 9 <appendix> argL0 ; # java/util/stream/Collectors$$Lambda+0x00000008000f8510
instanceKlass java/util/function/BiConsumer
instanceKlass  @bci java/util/stream/Collectors toSet ()Ljava/util/stream/Collector; 4 <appendix> argL0 ; # java/util/stream/Collectors$$Lambda+0x00000008000f8100
instanceKlass java/util/stream/Collector
instanceKlass java/util/stream/Collectors
instanceKlass com/sun/management/internal/PlatformMBeanProviderImpl$1
instanceKlass sun/management/spi/PlatformMBeanProvider$PlatformComponent
instanceKlass  @bci com/sun/management/internal/PlatformMBeanProviderImpl <clinit> ()V 8 <appendix> argL0 ; # com/sun/management/internal/PlatformMBeanProviderImpl$$Lambda+0x00000008000f7000
instanceKlass sun/management/spi/PlatformMBeanProvider
instanceKlass java/security/Security$1
instanceKlass jdk/internal/access/JavaSecurityPropertiesAccess
instanceKlass java/util/concurrent/ConcurrentHashMap$MapEntry
instanceKlass java/io/FileInputStream$1
instanceKlass java/util/Properties$LineReader
instanceKlass  @bci java/security/Security <clinit> ()V 9 <appendix> argL0 ; # java/security/Security$$Lambda+0x00000008000f5f28
instanceKlass java/security/Security
instanceKlass sun/security/util/SecurityProperties
instanceKlass sun/security/util/FilePermCompat
instanceKlass java/io/FilePermission$1
instanceKlass jdk/internal/access/JavaIOFilePermissionAccess
instanceKlass java/lang/management/ManagementFactory$PlatformMBeanFinder$1
instanceKlass java/lang/management/ManagementFactory$PlatformMBeanFinder
instanceKlass java/lang/management/RuntimeMXBean
instanceKlass java/lang/management/PlatformManagedObject
instanceKlass  @bci java/lang/management/ManagementFactory loadNativeLib ()V 0 <appendix> argL0 ; # java/lang/management/ManagementFactory$$Lambda+0x00000008000f44a8
instanceKlass java/lang/management/ManagementFactory
instanceKlass org/apache/logging/log4j/core/net/JndiManager$JndiManagerFactory
instanceKlass javax/naming/Context
instanceKlass org/apache/logging/log4j/core/appender/ManagerFactory
instanceKlass org/apache/logging/log4j/core/appender/AbstractManager
instanceKlass  @bci java/util/stream/MatchOps makeRef (Ljava/util/function/Predicate;Ljava/util/stream/MatchOps$MatchKind;)Ljava/util/stream/TerminalOp; 20 <appendix> member <vmtarget> ; # java/util/stream/MatchOps$$Lambda+0x00000008000f2d30
instanceKlass java/util/stream/MatchOps$BooleanTerminalSink
instanceKlass java/util/stream/MatchOps$MatchOp
instanceKlass java/util/stream/MatchOps
instanceKlass  @bci org/apache/logging/log4j/core/impl/ThreadContextDataInjector getServiceProviders ()Ljava/util/List; 69 <appendix> member <vmtarget> ; # org/apache/logging/log4j/core/impl/ThreadContextDataInjector$$Lambda+0x0000000800110230
instanceKlass  @cpi org/apache/logging/log4j/core/util/datetime/FastDateParser 466 form vmentry <vmtarget> ; # java/lang/invoke/LambdaForm$DMH+0x0000000800114000
instanceKlass java/util/ArrayList$ArrayListSpliterator
instanceKlass org/apache/logging/log4j/core/impl/ThreadContextDataProvider
instanceKlass org/apache/logging/log4j/core/util/ContextDataProvider
instanceKlass java/util/concurrent/ConcurrentLinkedDeque$Node
instanceKlass org/apache/logging/log4j/core/impl/ThreadContextDataInjector
instanceKlass org/apache/logging/log4j/core/impl/ThreadContextDataInjector$ForCopyOnWriteThreadContextMap
instanceKlass org/apache/logging/log4j/spi/DefaultThreadContextStack
instanceKlass org/apache/logging/log4j/spi/DefaultThreadContextMap
instanceKlass org/apache/logging/log4j/spi/GarbageFreeSortedArrayThreadContextMap
instanceKlass java/io/ObjectInputFilter$FilterInfo
instanceKlass org/apache/logging/log4j/util/internal/DefaultObjectInputFilter
instanceKlass java/io/ObjectInputStream$GetField
instanceKlass java/io/ObjectInputFilter
instanceKlass java/io/ObjectInputValidation
instanceKlass java/lang/PublicMethods
instanceKlass  @bci org/apache/logging/log4j/util/SortedArrayStringMap <clinit> ()V 0 <appendix> argL0 ; # org/apache/logging/log4j/util/SortedArrayStringMap$$Lambda+0x000000080010e9a8
instanceKlass  @cpi org/apache/logging/log4j/util/SortedArrayStringMap 465 form vmentry <vmtarget> ; # java/lang/invoke/LambdaForm$DMH+0x000000080010d400
instanceKlass  @cpi com/teamdev/jxbrowser/internal/rpc/transport/CommonThreadCallExecutor 25 form vmentry <vmtarget> ; # java/lang/invoke/LambdaForm$DMH+0x000000080010d000
instanceKlass org/apache/logging/log4j/util/TriConsumer
instanceKlass java/io/ObjectStreamConstants
instanceKlass java/io/ObjectInput
instanceKlass org/apache/logging/log4j/util/SortedArrayStringMap
instanceKlass org/apache/logging/log4j/util/IndexedStringMap
instanceKlass org/apache/logging/log4j/util/IndexedReadOnlyStringMap
instanceKlass org/apache/logging/log4j/util/StringMap
instanceKlass org/apache/logging/log4j/util/ReadOnlyStringMap
instanceKlass org/apache/logging/log4j/spi/CopyOnWriteSortedArrayThreadContextMap
instanceKlass org/apache/logging/log4j/spi/CopyOnWrite
instanceKlass org/apache/logging/log4j/spi/ObjectThreadContextMap
instanceKlass org/apache/logging/log4j/spi/CleanableThreadContextMap
instanceKlass org/apache/logging/log4j/spi/ThreadContextMap2
instanceKlass org/apache/logging/log4j/spi/ReadOnlyThreadContextMap
instanceKlass org/apache/logging/log4j/spi/ThreadContextMapFactory
instanceKlass org/apache/logging/log4j/ThreadContext$EmptyIterator
instanceKlass org/apache/logging/log4j/spi/ThreadContextMap
instanceKlass org/apache/logging/log4j/spi/ThreadContextStack
instanceKlass org/apache/logging/log4j/ThreadContext$ContextStack
instanceKlass org/apache/logging/log4j/ThreadContext
instanceKlass org/apache/logging/log4j/core/ContextDataInjector
instanceKlass org/apache/logging/log4j/core/impl/ContextDataInjectorFactory
instanceKlass org/apache/logging/log4j/core/util/ReflectionUtil
instanceKlass java/util/concurrent/CopyOnWriteArrayList$COWIterator
instanceKlass  @bci org/apache/logging/log4j/core/config/plugins/util/PluginRegistry decodeCacheFiles (Ljava/lang/ClassLoader;)Ljava/util/Map; 320 <adapter> ; # java/lang/invoke/LambdaForm$MH+0x000000080010cc00
# instanceKlass java/lang/invoke/LambdaForm$DMH+0x000000080010c800
instanceKlass  @bci org/apache/logging/log4j/core/config/plugins/util/PluginRegistry decodeCacheFiles (Ljava/lang/ClassLoader;)Ljava/util/Map; 320 <appendix> form vmentry <vmtarget> ; # java/lang/invoke/LambdaForm$DMH+0x000000080010c400
instanceKlass  @bci org/apache/logging/log4j/core/config/plugins/util/PluginRegistry decodeCacheFiles (Ljava/lang/ClassLoader;)Ljava/util/Map; 320 <appendix> member <vmtarget> ; # org/apache/logging/log4j/core/config/plugins/util/PluginRegistry$$Lambda+0x0000000800108d98
instanceKlass  @cpi org/apache/logging/log4j/core/config/plugins/util/PluginRegistry 326 form vmentry <vmtarget> ; # java/lang/invoke/LambdaForm$DMH+0x000000080010c000
instanceKlass org/apache/logging/log4j/util/Supplier
instanceKlass org/apache/logging/log4j/core/util/AbstractWatcher
instanceKlass org/apache/logging/log4j/core/config/plugins/convert/TypeConverters$UuidConverter
instanceKlass org/apache/logging/log4j/core/config/plugins/convert/TypeConverters$UrlConverter
instanceKlass org/apache/logging/log4j/core/config/plugins/convert/TypeConverters$UriConverter
instanceKlass org/apache/logging/log4j/core/config/plugins/convert/TypeConverters$StringConverter
instanceKlass org/apache/logging/log4j/core/config/plugins/convert/TypeConverters$ShortConverter
instanceKlass org/apache/logging/log4j/core/config/plugins/convert/TypeConverters$SecurityProviderConverter
instanceKlass org/apache/logging/log4j/core/config/plugins/convert/TypeConverters$PatternConverter
instanceKlass org/apache/logging/log4j/core/config/plugins/convert/TypeConverters$PathConverter
instanceKlass org/apache/logging/log4j/core/config/plugins/convert/TypeConverters$LongConverter
instanceKlass org/apache/logging/log4j/core/config/plugins/convert/TypeConverters$LevelConverter
instanceKlass org/apache/logging/log4j/core/config/plugins/convert/TypeConverters$IntegerConverter
instanceKlass org/apache/logging/log4j/core/config/plugins/convert/TypeConverters$InetAddressConverter
instanceKlass org/apache/logging/log4j/core/config/plugins/convert/TypeConverters$FloatConverter
instanceKlass org/apache/logging/log4j/core/config/plugins/convert/TypeConverters$FileConverter
instanceKlass org/apache/logging/log4j/core/config/plugins/convert/TypeConverters$DurationConverter
instanceKlass org/apache/logging/log4j/core/config/plugins/convert/TypeConverters$DoubleConverter
instanceKlass org/apache/logging/log4j/core/config/plugins/convert/TypeConverters$CronExpressionConverter
instanceKlass org/apache/logging/log4j/core/config/plugins/convert/TypeConverters$ClassConverter
instanceKlass org/apache/logging/log4j/core/config/plugins/convert/TypeConverters$CharsetConverter
instanceKlass org/apache/logging/log4j/core/config/plugins/convert/TypeConverters$CharArrayConverter
instanceKlass org/apache/logging/log4j/core/config/plugins/convert/TypeConverters$CharacterConverter
instanceKlass org/apache/logging/log4j/core/config/plugins/convert/TypeConverters$ByteArrayConverter
instanceKlass org/apache/logging/log4j/core/config/plugins/convert/TypeConverters$ByteConverter
instanceKlass org/apache/logging/log4j/core/config/plugins/convert/TypeConverters$BooleanConverter
instanceKlass org/apache/logging/log4j/core/config/plugins/convert/TypeConverters$BigIntegerConverter
instanceKlass org/apache/logging/log4j/core/config/plugins/convert/TypeConverters$BigDecimalConverter
instanceKlass org/apache/logging/log4j/core/config/plugins/convert/TypeConverter
instanceKlass org/apache/logging/log4j/core/lookup/UpperLookup
instanceKlass org/apache/logging/log4j/core/lookup/StructuredDataLookup
instanceKlass org/apache/logging/log4j/core/lookup/LowerLookup
instanceKlass org/apache/logging/log4j/core/lookup/MapLookup
instanceKlass org/apache/logging/log4j/core/lookup/DateLookup
instanceKlass org/apache/logging/log4j/core/lookup/ContextMapLookup
instanceKlass org/apache/logging/log4j/core/pattern/FileDatePatternConverter
instanceKlass org/apache/logging/log4j/core/config/arbiters/SystemPropertyArbiter
instanceKlass org/apache/logging/log4j/core/net/ssl/SslConfiguration
instanceKlass org/apache/logging/log4j/core/appender/rolling/action/PathSortByModificationTime
instanceKlass org/apache/logging/log4j/core/appender/rolling/action/PathSorter
instanceKlass org/apache/logging/log4j/core/net/SocketPerformancePreferences
instanceKlass org/apache/logging/log4j/core/net/SocketOptions
instanceKlass org/apache/logging/log4j/core/util/Builder
instanceKlass org/apache/logging/log4j/core/net/SocketAddress
instanceKlass org/apache/logging/log4j/core/config/arbiters/SelectArbiter
instanceKlass org/apache/logging/log4j/core/config/ScriptsPlugin
instanceKlass org/apache/logging/log4j/core/layout/ScriptPatternSelector
instanceKlass org/apache/logging/log4j/core/appender/rolling/action/ScriptCondition
instanceKlass org/apache/logging/log4j/core/config/arbiters/ScriptArbiter
instanceKlass org/apache/logging/log4j/core/script/AbstractScript
instanceKlass org/apache/logging/log4j/core/appender/routing/Routes
instanceKlass org/apache/logging/log4j/core/appender/routing/Route
instanceKlass org/apache/logging/log4j/core/pattern/RegexReplacement
instanceKlass org/apache/logging/log4j/core/appender/rewrite/PropertiesRewritePolicy
instanceKlass org/apache/logging/log4j/core/config/PropertiesPlugin
instanceKlass org/apache/logging/log4j/core/layout/PatternMatch
instanceKlass org/apache/logging/log4j/core/net/MulticastDnsAdvertiser
instanceKlass org/apache/logging/log4j/core/layout/MarkerPatternSelector
instanceKlass org/apache/logging/log4j/core/appender/rewrite/MapRewritePolicy
instanceKlass org/apache/logging/log4j/core/config/LoggersPlugin
instanceKlass org/apache/logging/log4j/core/appender/rewrite/LoggerNameLevelRewritePolicy
instanceKlass org/apache/logging/log4j/core/appender/rewrite/RewritePolicy
instanceKlass org/apache/logging/log4j/core/layout/LoggerFields
instanceKlass org/apache/logging/log4j/core/async/LinkedTransferQueueFactory
instanceKlass org/apache/logging/log4j/core/layout/LevelPatternSelector
instanceKlass org/apache/logging/log4j/core/layout/PatternSelector
instanceKlass org/apache/logging/log4j/core/util/KeyValuePair
instanceKlass org/apache/logging/log4j/core/net/ssl/StoreConfiguration
instanceKlass org/apache/logging/log4j/core/async/JCToolsBlockingQueueFactory
instanceKlass org/apache/logging/log4j/core/appender/rolling/action/IfNot
instanceKlass org/apache/logging/log4j/core/appender/rolling/action/IfLastModified
instanceKlass org/apache/logging/log4j/core/appender/rolling/action/IfFileName
instanceKlass org/apache/logging/log4j/core/appender/rolling/action/IfAny
instanceKlass org/apache/logging/log4j/core/appender/rolling/action/IfAll
instanceKlass org/apache/logging/log4j/core/appender/rolling/action/IfAccumulatedFileSize
instanceKlass org/apache/logging/log4j/core/appender/rolling/action/IfAccumulatedFileCount
instanceKlass org/apache/logging/log4j/core/appender/rolling/action/PathCondition
instanceKlass org/apache/logging/log4j/core/appender/routing/PurgePolicy
instanceKlass org/apache/logging/log4j/core/appender/FailoversPlugin
instanceKlass org/apache/logging/log4j/core/async/DisruptorBlockingQueueFactory
instanceKlass org/apache/logging/log4j/core/appender/rolling/DirectFileRolloverStrategy
instanceKlass org/apache/logging/log4j/core/appender/rolling/action/AbstractAction
instanceKlass org/apache/logging/log4j/core/appender/rolling/action/Action
instanceKlass org/apache/logging/log4j/core/appender/rolling/AbstractRolloverStrategy
instanceKlass org/apache/logging/log4j/core/appender/rolling/RolloverStrategy
instanceKlass org/apache/logging/log4j/core/config/arbiters/DefaultArbiter
instanceKlass org/apache/logging/log4j/core/config/CustomLevels
instanceKlass org/apache/logging/log4j/core/config/CustomLevelConfig
instanceKlass org/apache/logging/log4j/core/layout/AbstractLayout
instanceKlass org/apache/logging/log4j/core/StringLayout
instanceKlass org/apache/logging/log4j/core/appender/rolling/TriggeringPolicy
instanceKlass org/apache/logging/log4j/core/appender/db/jdbc/ConnectionSource
instanceKlass org/apache/logging/log4j/core/appender/db/ColumnMapping
instanceKlass org/apache/logging/log4j/core/appender/db/jdbc/ColumnConfig
instanceKlass org/apache/logging/log4j/core/config/arbiters/ClassArbiter
instanceKlass org/apache/logging/log4j/core/config/arbiters/Arbiter
instanceKlass org/apache/logging/log4j/core/async/ArrayBlockingQueueFactory
instanceKlass org/apache/logging/log4j/core/async/BlockingQueueFactory
instanceKlass org/apache/logging/log4j/core/appender/AppenderSet
instanceKlass org/apache/logging/log4j/core/config/AppendersPlugin
instanceKlass org/apache/logging/log4j/core/config/AppenderRef
instanceKlass org/apache/logging/log4j/core/pattern/AnsiConverter
instanceKlass org/apache/logging/log4j/core/pattern/ArrayPatternConverter
instanceKlass org/apache/logging/log4j/core/impl/LocationAware
instanceKlass org/apache/logging/log4j/core/pattern/AbstractPatternConverter
instanceKlass org/apache/logging/log4j/core/pattern/PatternConverter
instanceKlass org/apache/logging/log4j/core/config/plugins/util/PluginType
instanceKlass org/apache/logging/log4j/core/config/builder/api/ConfigurationBuilderFactory
instanceKlass  @bci org/apache/logging/log4j/core/config/plugins/processor/PluginCache loadCacheFiles (Ljava/util/Enumeration;)V 140 <adapter> ; # java/lang/invoke/LambdaForm$MH+0x000000080009cc00
# instanceKlass java/lang/invoke/LambdaForm$DMH+0x000000080009c800
instanceKlass  @bci org/apache/logging/log4j/core/config/plugins/processor/PluginCache loadCacheFiles (Ljava/util/Enumeration;)V 140 <appendix> form vmentry <vmtarget> ; # java/lang/invoke/LambdaForm$DMH+0x000000080009c400
instanceKlass  @bci org/apache/logging/log4j/core/config/plugins/processor/PluginCache loadCacheFiles (Ljava/util/Enumeration;)V 140 <appendix> member <vmtarget> ; # org/apache/logging/log4j/core/config/plugins/processor/PluginCache$$Lambda+0x000000080009b488
instanceKlass  @cpi org/apache/logging/log4j/core/config/plugins/processor/PluginCache 190 form vmentry <vmtarget> ; # java/lang/invoke/LambdaForm$DMH+0x000000080009c000
instanceKlass org/apache/logging/log4j/core/config/plugins/processor/PluginEntry
instanceKlass  @bci org/apache/logging/log4j/core/config/plugins/processor/PluginCache getCategory (Ljava/lang/String;)Ljava/util/Map; 10 <appendix> argL0 ; # org/apache/logging/log4j/core/config/plugins/processor/PluginCache$$Lambda+0x000000080009afe8
instanceKlass jdk/internal/util/ByteArray
instanceKlass org/apache/logging/log4j/core/config/plugins/processor/PluginCache
instanceKlass org/apache/logging/log4j/core/config/plugins/util/ResolverUtil$Test
instanceKlass org/apache/logging/log4j/core/config/plugins/util/PluginRegistry
instanceKlass org/apache/logging/log4j/core/config/plugins/util/PluginManager
instanceKlass org/apache/logging/log4j/core/lookup/PropertiesLookup
instanceKlass org/apache/logging/log4j/core/lookup/LookupResult
instanceKlass org/apache/logging/log4j/core/lookup/AbstractLookup
instanceKlass org/apache/logging/log4j/core/config/DefaultAdvertiser
instanceKlass org/apache/logging/log4j/core/config/Property
instanceKlass org/apache/logging/log4j/core/config/ConfigurationSource
instanceKlass org/apache/logging/log4j/core/util/NanoClock
instanceKlass org/apache/logging/log4j/core/net/Advertiser
instanceKlass org/apache/logging/log4j/core/Appender
instanceKlass org/apache/logging/log4j/core/Layout
instanceKlass org/apache/logging/log4j/core/layout/Encoder
instanceKlass org/apache/logging/log4j/core/lookup/StrLookup
instanceKlass org/apache/logging/log4j/core/util/Watcher
instanceKlass org/apache/logging/log4j/core/async/AsyncLoggerConfigDelegate
instanceKlass org/apache/logging/log4j/core/lookup/StrSubstitutor
instanceKlass org/apache/logging/log4j/core/config/ConfigurationAware
instanceKlass org/apache/logging/log4j/core/Filter
instanceKlass org/apache/logging/log4j/core/AbstractLifeCycle
instanceKlass org/apache/logging/log4j/spi/LoggerContextShutdownEnabled
instanceKlass org/apache/logging/log4j/core/config/ConfigurationListener
instanceKlass org/apache/logging/log4j/spi/Terminable
instanceKlass  @bci org/apache/logging/log4j/util/StackLocator getCallerClass (Ljava/lang/String;Ljava/lang/String;)Ljava/lang/Class; 16 <appendix> argL0 ; # org/apache/logging/log4j/util/StackLocator$$Lambda+0x0000000800095088
instanceKlass  @cpi org/glassfish/jaxb/core/StackHelper 41 form vmentry <vmtarget> ; # java/lang/invoke/LambdaForm$DMH+0x0000000800083c00
instanceKlass java/util/stream/Sink$ChainedReference
instanceKlass java/util/stream/WhileOps$DropWhileSink
instanceKlass  @bci java/util/stream/FindOps$FindSink$OfRef <clinit> ()V 43 <appendix> argL0 ; # java/util/stream/FindOps$FindSink$OfRef$$Lambda+0x00000008000ea328
instanceKlass  @bci java/util/stream/FindOps$FindSink$OfRef <clinit> ()V 38 <appendix> argL0 ; # java/util/stream/FindOps$FindSink$OfRef$$Lambda+0x00000008000ea0e0
instanceKlass  @bci java/util/stream/FindOps$FindSink$OfRef <clinit> ()V 16 <appendix> argL0 ; # java/util/stream/FindOps$FindSink$OfRef$$Lambda+0x00000008000e9ec8
instanceKlass  @bci java/util/stream/FindOps$FindSink$OfRef <clinit> ()V 11 <appendix> argL0 ; # java/util/stream/FindOps$FindSink$OfRef$$Lambda+0x00000008000e9c80
instanceKlass java/util/stream/FindOps$FindOp
instanceKlass java/util/stream/TerminalOp
instanceKlass java/util/stream/FindOps$FindSink
instanceKlass java/util/stream/TerminalSink
instanceKlass java/util/stream/Sink
instanceKlass java/util/stream/FindOps
instanceKlass  @bci org/apache/logging/log4j/util/StackLocator lambda$getCallerClass$6 (Ljava/lang/String;Ljava/lang/String;Ljava/util/stream/Stream;)Ljava/util/Optional; 24 <appendix> member <vmtarget> ; # org/apache/logging/log4j/util/StackLocator$$Lambda+0x0000000800094e38
instanceKlass  @bci org/apache/logging/log4j/util/StackLocator lambda$getCallerClass$6 (Ljava/lang/String;Ljava/lang/String;Ljava/util/stream/Stream;)Ljava/util/Optional; 13 <appendix> member <vmtarget> ; # org/apache/logging/log4j/util/StackLocator$$Lambda+0x0000000800094be8
instanceKlass java/util/stream/WhileOps$DropWhileOp
instanceKlass java/util/stream/WhileOps
instanceKlass  @bci org/apache/logging/log4j/util/StackLocator lambda$getCallerClass$6 (Ljava/lang/String;Ljava/lang/String;Ljava/util/stream/Stream;)Ljava/util/Optional; 2 <appendix> member <vmtarget> ; # org/apache/logging/log4j/util/StackLocator$$Lambda+0x0000000800094998
instanceKlass java/util/function/Predicate
instanceKlass java/lang/StackStreamFactory$FrameBuffer
instanceKlass java/lang/StackStreamFactory
instanceKlass  @bci org/apache/logging/log4j/util/StackLocator getCallerClass (Ljava/lang/String;Ljava/lang/String;)Ljava/lang/Class; 5 <appendix> member <vmtarget> ; # org/apache/logging/log4j/util/StackLocator$$Lambda+0x0000000800094758
instanceKlass org/apache/logging/log4j/util/StackLocator
instanceKlass org/apache/logging/log4j/util/StackLocatorUtil
instanceKlass org/apache/logging/log4j/internal/LogManagerStatus
instanceKlass java/lang/Shutdown$Lock
instanceKlass java/lang/Shutdown
instanceKlass java/lang/ApplicationShutdownHooks$1
instanceKlass java/lang/ApplicationShutdownHooks
instanceKlass java/lang/invoke/VarHandle$AccessDescriptor
instanceKlass java/util/concurrent/Executors$DefaultThreadFactory
instanceKlass java/util/concurrent/Executors
instanceKlass org/apache/logging/log4j/core/util/Cancellable
instanceKlass org/apache/logging/log4j/core/util/DefaultShutdownCallbackRegistry
instanceKlass org/apache/logging/log4j/core/LifeCycle2
instanceKlass java/util/concurrent/atomic/AtomicReference
instanceKlass org/apache/logging/log4j/core/selector/ClassLoaderContextSelector
instanceKlass org/apache/logging/log4j/spi/LoggerContextShutdownAware
instanceKlass org/apache/logging/log4j/core/util/Loader
instanceKlass org/apache/logging/log4j/core/util/Constants
instanceKlass org/apache/logging/log4j/core/config/Configuration
instanceKlass org/apache/logging/log4j/core/filter/Filterable
instanceKlass org/apache/logging/log4j/core/LifeCycle
instanceKlass org/apache/logging/log4j/spi/LoggerContext
instanceKlass org/apache/logging/log4j/core/selector/ContextSelector
instanceKlass org/apache/logging/log4j/core/impl/Log4jContextFactory
instanceKlass org/apache/logging/log4j/core/util/ShutdownCallbackRegistry
instanceKlass org/apache/logging/log4j/spi/Provider
instanceKlass org/apache/logging/log4j/util/ProviderUtil
instanceKlass java/text/Format
instanceKlass java/util/RegularEnumSet$EnumSetIterator
instanceKlass org/apache/logging/log4j/Level
instanceKlass  @bci org/apache/logging/log4j/util/Strings <clinit> ()V 0 <appendix> argL0 ; # org/apache/logging/log4j/util/Strings$$Lambda+0x000000080008e378
instanceKlass org/apache/logging/log4j/util/Strings
instanceKlass java/lang/invoke/VarForm
instanceKlass java/lang/invoke/VarHandleGuards
instanceKlass java/lang/ClassValue$Version
instanceKlass java/lang/ClassValue$Identity
instanceKlass java/lang/ClassValue
instanceKlass java/lang/invoke/VarHandles
instanceKlass java/util/concurrent/ConcurrentLinkedQueue$Node
instanceKlass java/util/concurrent/locks/ReentrantReadWriteLock$WriteLock
instanceKlass java/util/concurrent/locks/ReentrantReadWriteLock$ReadLock
instanceKlass java/util/concurrent/locks/ReentrantReadWriteLock
instanceKlass org/apache/logging/log4j/message/EntryMessage
instanceKlass org/apache/logging/log4j/message/ExitMessage
instanceKlass org/apache/logging/log4j/message/FlowMessage
instanceKlass org/apache/logging/log4j/message/DefaultFlowMessageFactory
instanceKlass org/apache/logging/log4j/message/FlowMessageFactory
instanceKlass java/util/regex/IntHashSet
instanceKlass java/util/regex/Matcher
instanceKlass java/util/regex/MatchResult
instanceKlass java/util/regex/Pattern$TreeInfo
instanceKlass  @bci java/util/regex/Pattern union (Ljava/util/regex/Pattern$CharPredicate;Ljava/util/regex/Pattern$CharPredicate;Z)Ljava/util/regex/Pattern$CharPredicate; 6 <appendix> member <vmtarget> ; # java/util/regex/Pattern$$Lambda+0x00000008000de978
instanceKlass  @bci java/util/regex/Pattern Range (II)Ljava/util/regex/Pattern$CharPredicate; 23 <appendix> member <vmtarget> ; # java/util/regex/Pattern$$Lambda+0x00000008000de290
instanceKlass java/util/regex/Pattern$BitClass
instanceKlass  @bci java/util/regex/Pattern Single (I)Ljava/util/regex/Pattern$BmpCharPredicate; 1 <appendix> member <vmtarget> ; # java/util/regex/Pattern$$Lambda+0x00000008000dcea0
instanceKlass java/util/regex/Pattern$BmpCharPredicate
instanceKlass java/util/regex/Pattern$CharPredicate
instanceKlass java/util/regex/ASCII
instanceKlass java/util/regex/Pattern$Node
instanceKlass java/util/regex/Pattern
instanceKlass org/apache/logging/log4j/util/PropertySource$Util
instanceKlass java/util/Collections$UnmodifiableMap$UnmodifiableEntrySet$UnmodifiableEntry
instanceKlass java/util/Collections$UnmodifiableMap$UnmodifiableEntrySet$1
instanceKlass java/util/Collections$UnmodifiableCollection
instanceKlass java/lang/ProcessEnvironment$CheckedEntry
instanceKlass java/lang/ProcessEnvironment$CheckedEntrySet$1
instanceKlass java/lang/ProcessEnvironment$EntryComparator
instanceKlass java/lang/ProcessEnvironment$NameComparator
instanceKlass  @bci org/apache/logging/log4j/util/PropertiesUtil$Environment reload ()V 59 <appendix> member <vmtarget> ; # org/apache/logging/log4j/util/PropertiesUtil$Environment$$Lambda+0x000000080008cbb8
instanceKlass  @cpi com/teamdev/jxbrowser/internal/rpc/ServiceConnectionImpl 139 form vmentry <vmtarget> ; # java/lang/invoke/LambdaForm$DMH+0x0000000800083800
instanceKlass org/apache/logging/log4j/util/SystemPropertiesPropertySource
instanceKlass java/util/ServiceLoader$ProviderImpl
instanceKlass java/util/ServiceLoader$Provider
instanceKlass java/util/ServiceLoader$1
instanceKlass org/apache/logging/log4j/util/EnvironmentPropertySource
instanceKlass java/io/Reader
instanceKlass sun/net/www/MessageHeader
instanceKlass sun/net/www/protocol/jar/JarFileFactory
instanceKlass sun/net/www/protocol/jar/URLJarFile$URLJarFileCloseController
instanceKlass java/net/URLConnection
instanceKlass java/util/ServiceLoader$3
instanceKlass java/util/ServiceLoader$2
instanceKlass java/util/ServiceLoader$LazyClassPathLookupIterator
instanceKlass java/util/Spliterators$1Adapter
instanceKlass java/util/function/Consumer
# instanceKlass java/lang/invoke/LambdaForm$MH+0x0000000800083400
instanceKlass jdk/internal/reflect/MethodHandleAccessorFactory$LazyStaticHolder
instanceKlass sun/reflect/annotation/AnnotationParser
instanceKlass java/lang/Class$3
instanceKlass java/util/EnumMap$1
instanceKlass java/util/stream/StreamOpFlag$MaskBuilder
instanceKlass java/util/stream/PipelineHelper
instanceKlass java/util/stream/Stream
instanceKlass java/util/stream/BaseStream
instanceKlass java/util/stream/StreamSupport
instanceKlass java/util/Spliterators$ArraySpliterator
instanceKlass java/util/Spliterator$OfDouble
instanceKlass java/util/Spliterator$OfLong
instanceKlass java/util/Spliterator$OfInt
instanceKlass java/util/Spliterator$OfPrimitive
instanceKlass java/util/Spliterators$EmptySpliterator
instanceKlass java/util/Spliterator
instanceKlass java/util/Spliterators
instanceKlass java/util/ServiceLoader$ModuleServicesLookupIterator
instanceKlass java/util/ServiceLoader
instanceKlass java/util/Collections$SynchronizedCollection
instanceKlass java/util/Properties$EntrySet
instanceKlass  @bci org/apache/logging/log4j/util/PropertiesUtil$Environment <init> (Lorg/apache/logging/log4j/util/PropertySource;)V 66 <appendix> argL0 ; # org/apache/logging/log4j/util/PropertiesUtil$Environment$$Lambda+0x000000080008c4e0
instanceKlass  @cpi com/teamdev/jxbrowser/browser/internal/BrowserWidgetThread 44 form vmentry <vmtarget> ; # java/lang/invoke/LambdaForm$DMH+0x0000000800083000
instanceKlass org/apache/logging/log4j/util/BiConsumer
instanceKlass org/apache/logging/log4j/util/PropertySource$Comparator
instanceKlass java/util/LinkedHashMap$LinkedHashIterator
instanceKlass jdk/internal/loader/URLClassPath$1
instanceKlass java/lang/CompoundEnumeration
instanceKlass jdk/internal/loader/BuiltinClassLoader$1
instanceKlass java/util/Collections$EmptyEnumeration
instanceKlass java/util/Collections$EmptyIterator
instanceKlass jdk/internal/jimage/ImageLocation
instanceKlass jdk/internal/jimage/decompressor/Decompressor
instanceKlass jdk/internal/jimage/ImageStringsReader
instanceKlass jdk/internal/jimage/ImageStrings
instanceKlass jdk/internal/jimage/ImageHeader
instanceKlass jdk/internal/jimage/NativeImageBuffer$1
instanceKlass jdk/internal/jimage/NativeImageBuffer
instanceKlass jdk/internal/jimage/BasicImageReader$1
instanceKlass jdk/internal/jimage/BasicImageReader
instanceKlass jdk/internal/jimage/ImageReader
instanceKlass jdk/internal/jimage/ImageReaderFactory$1
instanceKlass java/net/URI$Parser
instanceKlass java/nio/file/FileSystems$DefaultFileSystemHolder$1
instanceKlass java/nio/file/FileSystems$DefaultFileSystemHolder
instanceKlass java/nio/file/FileSystems
instanceKlass java/nio/file/Paths
instanceKlass jdk/internal/jimage/ImageReaderFactory
instanceKlass jdk/internal/module/SystemModuleFinders$SystemImage
instanceKlass jdk/internal/module/SystemModuleFinders$SystemModuleReader
instanceKlass java/lang/module/ModuleReader
instanceKlass jdk/internal/loader/BuiltinClassLoader$5
instanceKlass jdk/internal/loader/BuiltinClassLoader$2
instanceKlass jdk/internal/module/Resources
instanceKlass org/apache/logging/log4j/util/LoaderUtil$ThreadContextClassLoaderGetter
instanceKlass org/apache/logging/log4j/util/LoaderUtil
instanceKlass org/apache/logging/log4j/util/PropertiesPropertySource
instanceKlass org/apache/logging/log4j/util/PropertiesUtil$Environment
instanceKlass org/apache/logging/log4j/util/PropertySource
instanceKlass org/apache/logging/log4j/util/PropertiesUtil
instanceKlass org/apache/logging/log4j/util/Constants
instanceKlass org/apache/logging/log4j/message/AbstractMessageFactory
instanceKlass org/apache/logging/log4j/message/ReusableMessageFactory
instanceKlass org/apache/logging/log4j/MarkerManager$Log4jMarker
instanceKlass org/apache/logging/log4j/util/StringBuilderFormattable
instanceKlass org/apache/logging/log4j/Marker
instanceKlass org/apache/logging/log4j/MarkerManager
instanceKlass java/util/concurrent/locks/ReadWriteLock
instanceKlass org/apache/logging/log4j/message/MessageFactory2
instanceKlass org/apache/logging/log4j/LogBuilder
instanceKlass org/apache/logging/log4j/message/Message
instanceKlass org/apache/logging/log4j/spi/AbstractLogger
instanceKlass org/apache/logging/log4j/spi/LocationAwareLogger
instanceKlass org/apache/logging/log4j/spi/ExtendedLogger
instanceKlass org/apache/logging/log4j/spi/LoggerContextFactory
instanceKlass org/apache/logging/log4j/Logger
instanceKlass org/apache/logging/log4j/message/MessageFactory
instanceKlass org/apache/logging/log4j/LogManager
instanceKlass java/lang/PublicMethods$Key
instanceKlass java/lang/PublicMethods$MethodList
instanceKlass javax/swing/TransferHandler$HasGetTransferHandler
instanceKlass javax/swing/RootPaneContainer
instanceKlass javax/swing/WindowConstants
instanceKlass java/awt/event/MouseListener
instanceKlass java/awt/event/WindowStateListener
instanceKlass java/awt/event/ComponentListener
instanceKlass java/util/EventListener
instanceKlass com/st/microxplorer/plugin/PluginViewConstants
instanceKlass com/st/microxplorer/maingui/IMainframe
instanceKlass java/awt/Component
instanceKlass java/awt/image/ImageObserver
instanceKlass javax/accessibility/Accessible
instanceKlass java/awt/MenuContainer
instanceKlass com/st/microxplorer/plugin/IPluginDBAccessor
instanceKlass com/st/components/util/CommandLineListener
instanceKlass jdk/internal/misc/PreviewFeatures
instanceKlass jdk/internal/misc/MainMethodFinder
instanceKlass com/st/microxplorer/maingui/MicroXplorer
instanceKlass java/security/SecureClassLoader$DebugHolder
instanceKlass java/security/Permission
instanceKlass java/security/Guard
instanceKlass java/security/PermissionCollection
instanceKlass java/security/SecureClassLoader$1
instanceKlass java/util/zip/Checksum$1
instanceKlass java/util/zip/CRC32
instanceKlass java/util/zip/Checksum
instanceKlass sun/nio/ByteBuffered
instanceKlass java/lang/Package$VersionInfo
instanceKlass java/lang/NamedPackage
instanceKlass jdk/internal/loader/Resource
instanceKlass java/util/jar/Attributes$Name
instanceKlass java/util/jar/Attributes
instanceKlass sun/security/action/GetIntegerAction
instanceKlass sun/security/util/Debug
instanceKlass sun/security/util/SignatureFileVerifier
instanceKlass java/util/zip/ZipFile$InflaterCleanupAction
instanceKlass java/util/zip/Inflater$InflaterZStreamRef
instanceKlass java/util/zip/Inflater
instanceKlass java/util/zip/ZipEntry
instanceKlass java/util/zip/ZipFile$2
instanceKlass java/nio/Bits$1
instanceKlass jdk/internal/misc/VM$BufferPool
instanceKlass java/nio/Bits
instanceKlass sun/nio/ch/DirectBuffer
instanceKlass jdk/internal/perf/PerfCounter$CoreCounters
instanceKlass jdk/internal/perf/Perf
instanceKlass jdk/internal/perf/Perf$GetPerfAction
instanceKlass jdk/internal/perf/PerfCounter
instanceKlass sun/util/locale/LocaleUtils
instanceKlass sun/util/locale/BaseLocale
instanceKlass java/util/Locale
instanceKlass java/nio/file/attribute/FileTime
instanceKlass java/util/TreeMap$PrivateEntryIterator
instanceKlass java/util/TreeMap$Entry
instanceKlass java/util/NavigableMap
instanceKlass java/util/SortedMap
instanceKlass java/util/SequencedMap
instanceKlass java/util/NavigableSet
instanceKlass java/util/SortedSet
instanceKlass java/util/SequencedSet
instanceKlass java/util/zip/ZipUtils
instanceKlass java/util/zip/ZipFile$Source$End
instanceKlass java/io/RandomAccessFile$2
instanceKlass jdk/internal/access/JavaIORandomAccessFileAccess
instanceKlass java/io/RandomAccessFile
instanceKlass java/io/DataInput
instanceKlass java/io/DataOutput
instanceKlass sun/nio/fs/WindowsNativeDispatcher$CompletionStatus
instanceKlass sun/nio/fs/WindowsNativeDispatcher$AclInformation
instanceKlass sun/nio/fs/WindowsNativeDispatcher$Account
instanceKlass sun/nio/fs/WindowsNativeDispatcher$DiskFreeSpace
instanceKlass sun/nio/fs/WindowsNativeDispatcher$VolumeInformation
instanceKlass sun/nio/fs/WindowsNativeDispatcher$FirstStream
instanceKlass sun/nio/fs/WindowsNativeDispatcher$FirstFile
instanceKlass java/util/concurrent/ConcurrentHashMap$Traverser
instanceKlass java/util/Enumeration
instanceKlass jdk/internal/loader/NativeLibraries$3
instanceKlass jdk/internal/loader/NativeLibrary
instanceKlass java/util/ArrayDeque$DeqIterator
instanceKlass jdk/internal/loader/NativeLibraries$NativeLibraryContext$1
instanceKlass jdk/internal/loader/NativeLibraries$NativeLibraryContext
instanceKlass jdk/internal/loader/NativeLibraries$2
instanceKlass jdk/internal/loader/NativeLibraries$1
instanceKlass jdk/internal/loader/NativeLibraries$LibraryPaths
instanceKlass sun/nio/fs/WindowsNativeDispatcher
instanceKlass sun/nio/fs/NativeBuffer$Deallocator
instanceKlass sun/nio/fs/NativeBuffer
instanceKlass java/lang/ThreadLocal$ThreadLocalMap
instanceKlass java/lang/ThreadLocal
instanceKlass sun/nio/fs/NativeBuffers
instanceKlass sun/nio/fs/WindowsFileAttributes
instanceKlass java/nio/file/attribute/DosFileAttributes
instanceKlass sun/nio/fs/AbstractBasicFileAttributeView
instanceKlass sun/nio/fs/DynamicFileAttributeView
instanceKlass sun/nio/fs/WindowsFileAttributeViews
instanceKlass sun/nio/fs/Util
instanceKlass java/nio/file/attribute/BasicFileAttributeView
instanceKlass java/nio/file/attribute/FileAttributeView
instanceKlass java/nio/file/attribute/AttributeView
instanceKlass java/nio/file/Files
instanceKlass java/nio/file/CopyOption
instanceKlass java/nio/file/attribute/BasicFileAttributes
instanceKlass sun/nio/fs/WindowsPath
instanceKlass java/nio/file/Path
instanceKlass java/nio/file/Watchable
instanceKlass java/util/zip/ZipFile$Source$Key
instanceKlass sun/nio/fs/WindowsPathParser$Result
instanceKlass sun/nio/fs/WindowsPathParser
instanceKlass java/nio/file/FileSystem
instanceKlass java/nio/file/OpenOption
instanceKlass java/nio/file/spi/FileSystemProvider
instanceKlass sun/nio/fs/DefaultFileSystemProvider
instanceKlass java/util/zip/ZipFile$Source
instanceKlass java/util/zip/ZipCoder
instanceKlass java/util/zip/ZipFile$CleanableResource
instanceKlass java/lang/Runtime$Version
instanceKlass java/util/jar/JavaUtilJarAccessImpl
instanceKlass jdk/internal/access/JavaUtilJarAccess
instanceKlass jdk/internal/loader/FileURLMapper
instanceKlass jdk/internal/loader/URLClassPath$JarLoader$1
instanceKlass java/util/zip/ZipFile$1
instanceKlass jdk/internal/access/JavaUtilZipFileAccess
instanceKlass java/util/zip/ZipFile
instanceKlass java/util/zip/ZipConstants
instanceKlass jdk/internal/loader/URLClassPath$Loader
instanceKlass jdk/internal/loader/URLClassPath$3
instanceKlass java/security/PrivilegedExceptionAction
instanceKlass sun/net/util/URLUtil
instanceKlass sun/launcher/LauncherHelper
instanceKlass java/lang/invoke/StringConcatFactory
instanceKlass  @bci java/lang/WeakPairMap computeIfAbsent (Ljava/lang/Object;Ljava/lang/Object;Ljava/util/function/BiFunction;)Ljava/lang/Object; 18 <appendix> member <vmtarget> ; # java/lang/WeakPairMap$$Lambda+0x0000000800013220
instanceKlass  @bci java/lang/Module implAddExportsOrOpens (Ljava/lang/String;Ljava/lang/Module;ZZ)V 145 <appendix> argL0 ; # java/lang/Module$$Lambda+0x00000008000128e8
instanceKlass java/lang/WeakPairMap$Pair$Lookup
instanceKlass java/lang/WeakPairMap$Pair
instanceKlass java/util/concurrent/ForkJoinPool$ManagedBlocker
instanceKlass java/lang/WeakPairMap
instanceKlass java/util/concurrent/locks/AbstractQueuedSynchronizer$Node
instanceKlass java/lang/Module$ReflectionData
instanceKlass java/lang/ref/Cleaner$Cleanable
instanceKlass jdk/internal/ref/CleanerImpl
instanceKlass java/lang/ref/Cleaner$1
instanceKlass java/lang/ref/Cleaner
instanceKlass jdk/internal/ref/CleanerFactory$1
instanceKlass java/util/concurrent/ThreadFactory
instanceKlass jdk/internal/ref/CleanerFactory
instanceKlass  @bci org/sqlite/core/CoreResultSet close ()V 105 <appendix> form vmentry <vmtarget> ; # java/lang/invoke/LambdaForm$MH+0x0000000800000400
instanceKlass jdk/internal/org/objectweb/asm/FieldVisitor
instanceKlass java/util/ArrayList$Itr
instanceKlass java/lang/invoke/InvokerBytecodeGenerator$ClassData
instanceKlass jdk/internal/org/objectweb/asm/Frame
instanceKlass java/lang/invoke/LambdaFormBuffer
instanceKlass java/lang/invoke/LambdaFormEditor$TransformKey
instanceKlass java/lang/invoke/LambdaFormEditor
instanceKlass java/lang/invoke/DelegatingMethodHandle$Holder
instanceKlass java/lang/invoke/DirectMethodHandle$2
instanceKlass java/lang/invoke/ClassSpecializer$Factory
instanceKlass java/lang/invoke/ClassSpecializer$SpeciesData
instanceKlass java/lang/invoke/ClassSpecializer$1
instanceKlass java/lang/invoke/ClassSpecializer
instanceKlass sun/invoke/empty/Empty
instanceKlass sun/invoke/util/VerifyType
instanceKlass  @bci jdk/internal/module/ModuleBootstrap decode (Ljava/lang/String;Ljava/lang/String;Z)Ljava/util/Map; 193 <appendix> argL0 ; # jdk/internal/module/ModuleBootstrap$$Lambda+0x000000080003a4c8
instanceKlass java/lang/invoke/MethodHandles$Lookup$ClassDefiner
instanceKlass java/lang/invoke/MethodHandles$Lookup$ClassFile
instanceKlass jdk/internal/org/objectweb/asm/AnnotationVisitor
instanceKlass jdk/internal/org/objectweb/asm/Attribute
instanceKlass jdk/internal/org/objectweb/asm/Handler
instanceKlass jdk/internal/org/objectweb/asm/Label
instanceKlass jdk/internal/org/objectweb/asm/MethodVisitor
instanceKlass java/lang/invoke/LambdaProxyClassArchive
instanceKlass jdk/internal/org/objectweb/asm/ByteVector
instanceKlass jdk/internal/org/objectweb/asm/Symbol
instanceKlass jdk/internal/org/objectweb/asm/SymbolTable
instanceKlass jdk/internal/org/objectweb/asm/ClassVisitor
instanceKlass java/lang/invoke/InfoFromMemberName
instanceKlass java/lang/invoke/MethodHandleInfo
instanceKlass jdk/internal/org/objectweb/asm/ConstantDynamic
instanceKlass sun/invoke/util/BytecodeDescriptor
instanceKlass jdk/internal/org/objectweb/asm/Handle
instanceKlass sun/security/action/GetBooleanAction
instanceKlass jdk/internal/org/objectweb/asm/Type
instanceKlass java/lang/invoke/AbstractValidatingLambdaMetafactory
instanceKlass java/lang/invoke/MethodHandleImpl$1
instanceKlass jdk/internal/access/JavaLangInvokeAccess
instanceKlass java/lang/invoke/Invokers$Holder
instanceKlass java/lang/invoke/BootstrapMethodInvoker
instanceKlass java/lang/invoke/InvokerBytecodeGenerator$1
instanceKlass java/lang/invoke/InvokerBytecodeGenerator
instanceKlass java/lang/invoke/LambdaForm$Holder
instanceKlass java/lang/invoke/LambdaForm$Name
instanceKlass java/lang/reflect/Array
instanceKlass java/lang/invoke/Invokers
instanceKlass java/lang/invoke/MethodHandleImpl
instanceKlass sun/invoke/util/ValueConversions
instanceKlass java/lang/invoke/DirectMethodHandle$Holder
instanceKlass java/lang/invoke/LambdaForm$NamedFunction
instanceKlass sun/invoke/util/Wrapper$Format
instanceKlass java/lang/invoke/MethodTypeForm
instanceKlass java/lang/Void
instanceKlass java/lang/invoke/MethodType$ConcurrentWeakInternSet
instanceKlass java/lang/invoke/LambdaMetafactory
instanceKlass java/lang/ModuleLayer$Controller
instanceKlass java/util/concurrent/CopyOnWriteArrayList
instanceKlass jdk/internal/module/ServicesCatalog$ServiceProvider
instanceKlass jdk/internal/loader/AbstractClassLoaderValue$Memoizer
instanceKlass java/util/ImmutableCollections$ListItr
instanceKlass java/util/ListIterator
instanceKlass java/lang/ModuleLayer
instanceKlass jdk/internal/module/ModuleLoaderMap$Modules
instanceKlass jdk/internal/module/ModuleLoaderMap$Mapper
instanceKlass jdk/internal/module/ModuleLoaderMap
instanceKlass java/util/AbstractMap$1$1
instanceKlass java/lang/module/ResolvedModule
instanceKlass java/lang/module/Configuration
instanceKlass jdk/internal/loader/BuiltinClassLoader$LoadedModule
instanceKlass jdk/internal/loader/AbstractClassLoaderValue
instanceKlass jdk/internal/module/ServicesCatalog
instanceKlass java/util/Deque
instanceKlass java/util/Queue
instanceKlass sun/net/util/IPAddressUtil$MASKS
instanceKlass sun/net/util/IPAddressUtil
instanceKlass java/net/URLStreamHandler
instanceKlass sun/net/www/ParseUtil
instanceKlass java/net/URL$3
instanceKlass jdk/internal/access/JavaNetURLAccess
instanceKlass java/net/URL$DefaultFactory
instanceKlass java/net/URLStreamHandlerFactory
instanceKlass jdk/internal/loader/URLClassPath
instanceKlass java/security/Principal
instanceKlass java/security/ProtectionDomain$Key
instanceKlass java/security/ProtectionDomain$JavaSecurityAccessImpl
instanceKlass jdk/internal/access/JavaSecurityAccess
instanceKlass java/lang/ClassLoader$ParallelLoaders
instanceKlass java/security/cert/Certificate
instanceKlass jdk/internal/loader/ArchivedClassLoaders
instanceKlass java/util/concurrent/ConcurrentHashMap$CollectionView
instanceKlass jdk/internal/loader/ClassLoaderHelper
instanceKlass jdk/internal/loader/NativeLibraries
instanceKlass java/lang/Module$EnableNativeAccess
instanceKlass jdk/internal/loader/BootLoader
instanceKlass java/util/Optional
instanceKlass jdk/internal/module/SystemModuleFinders$SystemModuleFinder
instanceKlass java/lang/module/ModuleFinder
instanceKlass jdk/internal/module/SystemModuleFinders$3
instanceKlass jdk/internal/module/ModuleHashes$HashSupplier
instanceKlass jdk/internal/module/SystemModuleFinders$2
instanceKlass java/util/function/Supplier
instanceKlass java/lang/module/ModuleReference
instanceKlass jdk/internal/module/ModuleResolution
instanceKlass java/util/Collections$UnmodifiableMap
instanceKlass jdk/internal/module/ModuleHashes$Builder
instanceKlass jdk/internal/module/ModuleHashes
instanceKlass jdk/internal/module/ModuleTarget
instanceKlass java/util/ImmutableCollections$Set12$1
instanceKlass java/lang/reflect/AccessFlag$18
instanceKlass java/lang/reflect/AccessFlag$17
instanceKlass java/lang/reflect/AccessFlag$16
instanceKlass java/lang/reflect/AccessFlag$15
instanceKlass java/lang/reflect/AccessFlag$14
instanceKlass java/lang/reflect/AccessFlag$13
instanceKlass java/lang/reflect/AccessFlag$12
instanceKlass java/lang/reflect/AccessFlag$11
instanceKlass java/lang/reflect/AccessFlag$10
instanceKlass java/lang/reflect/AccessFlag$9
instanceKlass java/lang/reflect/AccessFlag$8
instanceKlass java/lang/reflect/AccessFlag$7
instanceKlass java/lang/reflect/AccessFlag$6
instanceKlass java/lang/reflect/AccessFlag$5
instanceKlass java/lang/reflect/AccessFlag$4
instanceKlass java/lang/reflect/AccessFlag$3
instanceKlass java/lang/reflect/AccessFlag$2
instanceKlass java/lang/reflect/AccessFlag$1
instanceKlass java/lang/module/ModuleDescriptor$Version
instanceKlass java/lang/module/ModuleDescriptor$Provides
instanceKlass java/lang/module/ModuleDescriptor$Opens
instanceKlass java/util/ImmutableCollections$SetN$SetNIterator
instanceKlass java/lang/module/ModuleDescriptor$Exports
instanceKlass java/lang/module/ModuleDescriptor$Requires
instanceKlass jdk/internal/module/Builder
instanceKlass jdk/internal/module/SystemModules$default
instanceKlass jdk/internal/module/SystemModules
instanceKlass jdk/internal/module/SystemModulesMap
instanceKlass java/net/URI$1
instanceKlass jdk/internal/access/JavaNetUriAccess
instanceKlass java/net/URI
instanceKlass jdk/internal/module/SystemModuleFinders
instanceKlass jdk/internal/module/ArchivedModuleGraph
instanceKlass jdk/internal/module/ArchivedBootLayer
instanceKlass jdk/internal/module/ModuleBootstrap$Counters
instanceKlass jdk/internal/module/ModulePatcher
instanceKlass java/io/FileSystem
instanceKlass java/io/DefaultFileSystem
instanceKlass java/io/File
instanceKlass java/lang/module/ModuleDescriptor$1
instanceKlass jdk/internal/access/JavaLangModuleAccess
instanceKlass sun/invoke/util/VerifyAccess
instanceKlass java/util/KeyValueHolder
instanceKlass java/util/ImmutableCollections$MapN$MapNIterator
instanceKlass java/lang/StrictMath
instanceKlass java/lang/invoke/MethodHandles$Lookup
instanceKlass java/lang/invoke/MemberName$Factory
instanceKlass java/lang/invoke/MethodHandles
instanceKlass java/lang/module/ModuleDescriptor
instanceKlass jdk/internal/module/ModuleBootstrap
instanceKlass java/lang/Character$CharacterCache
instanceKlass java/util/HexFormat
instanceKlass jdk/internal/util/ClassFileDumper
instanceKlass sun/security/action/GetPropertyAction
instanceKlass java/lang/invoke/MethodHandleStatics
instanceKlass java/util/concurrent/locks/AbstractQueuedSynchronizer$ConditionObject
instanceKlass java/util/concurrent/locks/Condition
instanceKlass jdk/internal/misc/Blocker
instanceKlass java/util/Collections
instanceKlass java/lang/Thread$ThreadIdentifiers
instanceKlass sun/io/Win32ErrorMode
instanceKlass jdk/internal/misc/OSEnvironment
instanceKlass java/lang/Integer$IntegerCache
instanceKlass jdk/internal/misc/Signal$NativeHandler
instanceKlass java/util/Hashtable$Entry
instanceKlass jdk/internal/misc/Signal
instanceKlass java/lang/Terminator$1
instanceKlass jdk/internal/misc/Signal$Handler
instanceKlass java/lang/Terminator
instanceKlass java/nio/charset/CoderResult
instanceKlass java/lang/Readable
instanceKlass java/nio/ByteOrder
instanceKlass java/nio/Buffer$2
instanceKlass jdk/internal/access/JavaNioAccess
instanceKlass java/nio/Buffer$1
instanceKlass jdk/internal/misc/ScopedMemoryAccess
instanceKlass sun/nio/cs/GBK$EncodeHolder
instanceKlass java/nio/charset/CharsetEncoder
instanceKlass sun/nio/cs/ArrayEncoder
instanceKlass java/io/Writer
instanceKlass java/io/PrintStream$1
instanceKlass jdk/internal/access/JavaIOPrintStreamAccess
instanceKlass jdk/internal/misc/InternalLock
instanceKlass java/io/OutputStream
instanceKlass java/io/Flushable
instanceKlass java/io/FileDescriptor$1
instanceKlass jdk/internal/access/JavaIOFileDescriptorAccess
instanceKlass java/io/FileDescriptor
instanceKlass jdk/internal/util/StaticProperty
instanceKlass java/util/HashMap$HashIterator
instanceKlass java/util/concurrent/locks/LockSupport
instanceKlass java/util/concurrent/ConcurrentHashMap$Node
instanceKlass java/util/concurrent/ConcurrentHashMap$CounterCell
instanceKlass java/util/concurrent/locks/ReentrantLock
instanceKlass java/util/concurrent/locks/Lock
instanceKlass java/lang/CharacterData
instanceKlass java/lang/Runtime
instanceKlass java/lang/VersionProps
instanceKlass java/lang/StringConcatHelper
instanceKlass java/util/HashMap$Node
instanceKlass java/util/Map$Entry
instanceKlass java/lang/StringCoding
instanceKlass java/nio/charset/CodingErrorAction
instanceKlass java/lang/StringUTF16
instanceKlass sun/nio/cs/DoubleByte
instanceKlass sun/nio/cs/GBK$DecodeHolder
instanceKlass java/nio/charset/CharsetDecoder
instanceKlass sun/nio/cs/ArrayDecoder
instanceKlass sun/nio/cs/DelegatableDecoder
instanceKlass jdk/internal/reflect/MethodHandleAccessorFactory
instanceKlass java/lang/reflect/Modifier
instanceKlass java/lang/Class$1
instanceKlass java/lang/Class$Atomic
instanceKlass java/lang/Class$ReflectionData
instanceKlass java/nio/charset/StandardCharsets
instanceKlass sun/nio/cs/HistoricallyNamedCharset
instanceKlass jdk/internal/util/ArraysSupport
instanceKlass java/util/Arrays
instanceKlass jdk/internal/util/Preconditions$3
instanceKlass jdk/internal/util/Preconditions$2
instanceKlass jdk/internal/util/Preconditions$4
instanceKlass java/util/function/BiFunction
instanceKlass jdk/internal/util/Preconditions$1
instanceKlass java/util/function/Function
instanceKlass jdk/internal/util/Preconditions
instanceKlass java/nio/charset/spi/CharsetProvider
instanceKlass java/nio/charset/Charset
instanceKlass jdk/internal/util/SystemProps$Raw
instanceKlass jdk/internal/util/SystemProps
instanceKlass java/lang/System$2
instanceKlass jdk/internal/access/JavaLangAccess
instanceKlass java/lang/ref/NativeReferenceQueue$Lock
instanceKlass java/lang/ref/ReferenceQueue
instanceKlass java/lang/ref/Reference$1
instanceKlass jdk/internal/access/JavaLangRefAccess
instanceKlass jdk/internal/reflect/ReflectionFactory
instanceKlass java/lang/Math
instanceKlass java/lang/StringLatin1
instanceKlass jdk/internal/reflect/Reflection
instanceKlass jdk/internal/reflect/ReflectionFactory$GetReflectionFactoryAction
instanceKlass java/security/PrivilegedAction
instanceKlass jdk/internal/access/SharedSecrets
instanceKlass java/lang/reflect/ReflectAccess
instanceKlass jdk/internal/access/JavaLangReflectAccess
instanceKlass java/util/ImmutableCollections
instanceKlass java/util/Objects
instanceKlass java/util/Set
instanceKlass jdk/internal/misc/CDS
instanceKlass java/lang/Module$ArchivedData
instanceKlass jdk/internal/misc/VM
instanceKlass java/lang/String$CaseInsensitiveComparator
instanceKlass java/util/Comparator
instanceKlass java/io/ObjectStreamField
instanceKlass jdk/internal/vm/FillerObject
instanceKlass jdk/internal/vm/vector/VectorSupport$VectorPayload
instanceKlass jdk/internal/vm/vector/VectorSupport
instanceKlass java/lang/reflect/RecordComponent
instanceKlass java/util/Iterator
instanceKlass java/lang/Number
instanceKlass java/lang/Character
instanceKlass java/lang/Boolean
instanceKlass java/util/concurrent/locks/AbstractOwnableSynchronizer
instanceKlass java/lang/LiveStackFrame
instanceKlass java/lang/StackFrameInfo
instanceKlass java/lang/StackWalker$StackFrame
instanceKlass java/lang/StackStreamFactory$AbstractStackWalker
instanceKlass java/lang/StackWalker
instanceKlass java/nio/Buffer
instanceKlass java/lang/StackTraceElement
instanceKlass java/util/AbstractCollection
instanceKlass java/util/RandomAccess
instanceKlass java/util/List
instanceKlass java/util/SequencedCollection
instanceKlass java/util/Collection
instanceKlass java/lang/Iterable
instanceKlass java/util/AbstractMap
instanceKlass java/util/concurrent/ConcurrentMap
instanceKlass java/security/CodeSource
instanceKlass jdk/internal/loader/ClassLoaders
instanceKlass java/util/jar/Manifest
instanceKlass java/lang/Enum
instanceKlass java/net/URL
instanceKlass java/io/InputStream
instanceKlass java/io/Closeable
instanceKlass java/lang/AutoCloseable
instanceKlass jdk/internal/module/Modules
instanceKlass jdk/internal/misc/Unsafe
instanceKlass jdk/internal/misc/UnsafeConstants
instanceKlass java/lang/AbstractStringBuilder
instanceKlass java/lang/Appendable
instanceKlass java/lang/AssertionStatusDirectives
instanceKlass java/lang/invoke/MethodHandleNatives$CallSiteContext
instanceKlass jdk/internal/foreign/abi/ABIDescriptor
instanceKlass jdk/internal/foreign/abi/NativeEntryPoint
instanceKlass java/lang/invoke/CallSite
instanceKlass java/lang/invoke/MethodType
instanceKlass java/lang/invoke/TypeDescriptor$OfMethod
instanceKlass java/lang/invoke/LambdaForm
instanceKlass java/lang/invoke/MethodHandleNatives
instanceKlass java/lang/invoke/ResolvedMethodName
instanceKlass java/lang/invoke/MemberName
instanceKlass java/lang/invoke/VarHandle
instanceKlass java/lang/invoke/MethodHandle
instanceKlass jdk/internal/reflect/CallerSensitive
instanceKlass java/lang/annotation/Annotation
instanceKlass jdk/internal/reflect/FieldAccessor
instanceKlass jdk/internal/reflect/ConstantPool
instanceKlass jdk/internal/reflect/ConstructorAccessor
instanceKlass jdk/internal/reflect/MethodAccessor
instanceKlass jdk/internal/reflect/MagicAccessorImpl
instanceKlass jdk/internal/vm/StackChunk
instanceKlass jdk/internal/vm/Continuation
instanceKlass jdk/internal/vm/ContinuationScope
instanceKlass java/lang/reflect/Parameter
instanceKlass java/lang/reflect/Member
instanceKlass java/lang/reflect/AccessibleObject
instanceKlass java/lang/Module
instanceKlass java/util/Dictionary
instanceKlass java/util/Map
instanceKlass java/lang/ThreadGroup
instanceKlass java/lang/Thread$UncaughtExceptionHandler
instanceKlass java/lang/Thread$Constants
instanceKlass java/lang/Thread$FieldHolder
instanceKlass java/lang/Thread
instanceKlass java/lang/Runnable
instanceKlass java/lang/ref/Reference
instanceKlass java/lang/Record
instanceKlass java/security/AccessController
instanceKlass java/security/AccessControlContext
instanceKlass java/security/ProtectionDomain
instanceKlass java/lang/SecurityManager
instanceKlass java/lang/Throwable
instanceKlass java/lang/System
instanceKlass java/lang/ClassLoader
instanceKlass java/lang/Cloneable
instanceKlass java/lang/Class
instanceKlass java/lang/invoke/TypeDescriptor$OfField
instanceKlass java/lang/invoke/TypeDescriptor
instanceKlass java/lang/reflect/Type
instanceKlass java/lang/reflect/GenericDeclaration
instanceKlass java/lang/reflect/AnnotatedElement
instanceKlass java/lang/String
instanceKlass java/lang/constant/ConstantDesc
instanceKlass java/lang/constant/Constable
instanceKlass java/lang/CharSequence
instanceKlass java/lang/Comparable
instanceKlass java/io/Serializable
ciInstanceKlass java/lang/Object 1 1 124 7 1 10 12 1 1 10 7 12 1 1 1 10 7 12 1 1 1 10 12 1 1 8 1 10 12 1 1 10 7 12 1 1 1 10 12 1 10 12 1 1 10 7 12 1 1 1 10 12 1 10 12 1 7 1 10 100 12 1 1 1 10 12 1 1 10 12 1 100 1 8 1 10 12 1 3 8 1 100 1 5 0 1 1 1 1 1 1 1 1 1 1 1 1 1 1 1 1 7 1 1 1 1 1 1 1 1 1 1 7 1 1 1 1 1 1 1 1 1 1 3 1 1
ciInstanceKlass java/io/Serializable 1 1 7 100 1 100 1 1 1
ciInstanceKlass java/lang/Comparable 1 0 12 100 1 100 1 1 1 1 1 1 1 1
ciInstanceKlass java/lang/CharSequence 1 1 131 11 7 12 1 1 1 18 12 1 1 100 1 10 100 12 1 1 1 18 10 100 12 1 1 1 11 12 1 1 11 100 1 11 12 1 1 10 100 12 1 1 1 11 12 1 1 100 1 10 12 1 1 10 100 12 1 1 1 100 1 10 10 12 1 1 100 1 1 1 1 1 1 1 1 1 1 1 1 1 1 1 1 1 1 1 1 1 1 1 1 1 1 1 1 1 1 1 1 1 16 1 15 11 12 16 15 11 12 15 10 100 12 1 1 1 1 1 100 1 100 1 1 100 1 1 100 1 100 1 1
ciInstanceKlass java/lang/constant/Constable 1 0 11 100 1 100 1 1 1 1 1 1 1
ciInstanceKlass java/lang/constant/ConstantDesc 1 0 37 100 1 100 1 1 1 1 100 1 1 1 1 100 1 100 1 100 1 100 1 100 1 100 1 100 1 100 1 100 1 1 100 1 100 1 1
ciInstanceKlass java/lang/String 1 1 1443 10 7 12 1 1 1 8 1 9 7 12 1 1 1 9 12 1 1 9 12 1 1 9 12 1 1 10 12 1 10 12 1 1 10 12 1 1 9 12 1 10 7 12 1 1 1 10 7 1 10 7 12 1 1 1 10 12 1 1 10 12 1 1 10 12 1 10 12 1 1 10 12 1 10 7 12 1 1 1 7 1 9 7 12 1 1 1 10 7 12 1 1 1 10 7 12 1 1 1 10 12 1 1 10 12 1 1 10 12 1 1 10 12 1 1 9 7 12 1 1 10 12 9 7 12 1 1 10 12 1 1 3 10 12 1 1 7 1 11 12 1 1 11 12 1 11 12 1 1 10 7 12 1 1 1 10 12 1 1 9 7 12 1 1 1 10 12 1 1 10 12 1 11 12 1 1 10 12 1 1 10 12 10 12 1 1 10 7 12 1 1 1 10 12 1 1 10 12 1 1 7 1 100 1 10 12 1 10 12 1 10 12 1 1 100 1 10 12 1 1 100 1 10 12 1 1 10 12 1 1 10 12 1 10 10 12 1 100 1 100 1 7 1 10 12 1 10 12 1 1 10 12 1 1 10 12 1 10 12 1 1 10 12 1 1 10 7 12 1 1 7 1 11 10 7 12 1 1 11 12 1 11 12 1 10 12 1 1 10 12 1 10 12 10 12 1 1 10 10 7 12 1 1 1 10 7 12 1 1 10 12 1 1 10 7 12 1 1 10 12 1 10 12 1 1 10 12 1 1 10 12 1 10 12 1 10 12 1 1 100 1 10 12 1 1 10 12 10 12 1 10 12 1 1 10 12 1 1 10 7 12 1 1 1 10 12 1 10 12 1 1 10 12 1 10 12 1 3 3 10 12 1 1 10 12 1 10 12 1 1 10 12 1 1 10 12 1 1 10 12 1 10 12 1 1 10 12 1 1 10 12 1 10 12 1 10 12 1 10 12 1 1 10 12 1 10 12 1 10 12 1 10 12 1 10 12 1 10 12 1 10 100 1 10 8 1 10 12 1 1 10 12 1 8 1 10 12 1 1 10 12 10 12 1 8 1 10 10 12 1 1 10 12 1 1 10 12 1 1 10 100 1 10 10 12 1 10 12 1 10 12 1 10 10 12 1 10 12 1 10 12 1 10 12 1 10 12 1 10 12 1 10 12 1 1 10 12 1 1 10 12 1 1 10 10 12 1 1 10 10 12 1 100 1 10 10 12 1 1 10 12 1 1 10 7 1 10 12 1 10 12 1 10 7 12 1 1 1 10 12 1 10 12 1 1 10 12 1 11 7 1 11 12 10 12 1 10 12 1 1 10 12 1 1 10 10 12 1 10 12 1 9 12 1 1 11 7 12 1 1 1 10 12 10 10 12 1 10 12 1 1 10 10 12 1 10 12 1 10 12 1 1 10 12 1 1 10 10 12 1 1 10 12 1 10 10 12 1 10 12 10 10 12 10 10 12 1 10 12 1 10 10 12 10 7 12 1 1 1 10 12 10 10 12 10 12 1 10 12 10 12 10 10 12 1 10 12 1 1 10 12 1 1 10 10 12 1 10 7 12 1 1 1 10 12 1 1 10 10 7 12 1 1 1 11 10 12 1 10 12 1 1 10 12 1 1 10 7 12 1 1 1 10 12 1 10 12 1 10 12 1 10 12 1 10 12 1 10 12 1 100 1 100 1 8 1 10 10 10 12 1 10 12 1 1 8 1 10 12 1 3 3 10 12 1 10 12 1 1 10 12 7 1 10 10 12 1 1 10 12 1 10 12 1 10 12 1 1 10 12 1 1 11 7 12 1 1 1 7 1 10 12 1 10 12 1 1 8 1 10 12 1 1 10 12 1 11 100 12 1 1 1 11 100 12 1 1 11 12 1 10 12 1 10 12 1 1 10 10 7 12 1 1 1 10 12 1 10 12 1 10 10 12 10 12 1 1 10 10 12 1 10 10 12 1 10 10 12 1 10 10 12 1 10 12 1 1 10 10 12 1 8 1 10 12 1 1 18 12 1 1 11 100 12 1 1 1 7 1 3 18 12 1 18 12 1 8 1 10 100 12 1 1 1 11 12 1 1 10 12 10 10 12 1 10 11 12 1 1 10 12 1 1 11 12 1 18 3 11 10 12 1 11 11 10 12 1 10 12 1 1 8 1 10 12 1 10 12 1 10 12 1 1 10 10 12 1 11 100 12 1 7 1 100 1 10 12 7 1 10 10 7 12 1 1 1 100 1 10 7 1 10 10 12 1 10 10 12 1 8 1 10 10 12 1 8 1 8 1 10 12 1 10 12 1 10 10 12 10 7 12 1 1 10 7 12 1 1 10 7 12 1 1 8 1 10 12 1 10 12 1 10 9 12 1 10 12 9 7 12 1 1 1 10 12 1 10 12 1 10 12 1 10 12 1 10 12 1 8 1 10 100 12 1 1 1 10 12 10 12 1 1 10 12 10 10 12 10 12 7 1 9 12 1 1 7 1 10 100 1 100 1 100 1 100 1 1 1 1 1 1 5 0 1 1 1 1 1 3 1 3 1 1 1 1 1 1 1 1 1 1 1 1 1 1 1 100 1 1 1 1 1 1 1 1 1 1 1 1 1 1 1 1 1 1 1 1 1 1 1 1 1 1 1 1 1 1 1 100 1 1 1 1 1 1 1 1 1 1 100 1 1 1 1 1 1 1 1 1 1 1 1 1 1 1 1 1 1 1 1 1 1 1 1 1 1 1 1 1 1 1 1 1 1 1 1 1 1 1 1 1 1 1 1 1 1 1 1 1 1 1 1 1 1 1 1 1 1 1 1 1 1 1 1 1 1 1 1 1 1 1 1 1 1 1 1 1 1 1 1 1 1 1 1 1 1 1 1 1 1 1 1 1 1 1 1 1 1 1 1 1 1 1 1 1 1 1 1 1 1 1 1 1 1 1 1 1 1 1 1 1 1 1 1 1 1 1 1 1 1 1 1 1 1 1 1 1 1 1 1 1 1 1 1 1 1 1 1 1 1 1 1 1 1 1 1 1 1 1 1 1 1 1 1 1 1 1 1 1 1 1 1 1 1 1 100 1 1 1 1 1 1 1 1 1 1 1 1 1 1 1 1 1 1 1 1 1 1 1 100 1 1 1 1 1 1 1 1 1 1 1 1 1 1 1 7 1 1 1 1 1 1 1 1 1 1 1 1 1 1 1 16 15 10 12 16 15 10 12 15 10 12 15 10 12 15 10 100 12 1 1 1 1 1 1 1 100 1 100 1 1 1
staticfield java/lang/String COMPACT_STRINGS Z 1
staticfield java/lang/String serialPersistentFields [Ljava/io/ObjectStreamField; 0 [Ljava/io/ObjectStreamField;
staticfield java/lang/String CASE_INSENSITIVE_ORDER Ljava/util/Comparator; java/lang/String$CaseInsensitiveComparator
ciInstanceKlass java/lang/reflect/AnnotatedElement 1 1 164 11 7 12 1 1 1 11 12 1 1 100 1 10 100 12 1 1 1 10 12 1 1 10 12 1 1 10 12 1 10 100 12 1 1 1 11 12 1 1 11 100 12 1 1 10 100 12 1 1 1 10 12 1 10 100 12 1 1 1 18 12 1 1 11 100 12 1 1 18 12 1 18 12 1 1 10 100 12 1 1 1 11 100 12 1 1 1 100 1 10 100 12 1 1 1 1 1 1 1 1 1 1 1 1 1 1 1 1 1 1 1 1 1 1 1 1 1 100 1 1 1 1 1 1 1 1 1 1 1 16 15 16 1 16 1 15 11 12 16 16 1 15 10 100 12 1 1 1 16 1 15 10 100 12 1 1 1 1 100 1 100 1 1
ciInstanceKlass java/lang/reflect/GenericDeclaration 1 0 30 100 1 100 1 100 1 1 1 1 1 1 1 1 100 1 8 1 1 12 10 1 1 1 8 1 1 1 8 1
ciInstanceKlass java/lang/reflect/Type 1 1 17 11 100 12 1 1 1 100 1 1 1 1 1 1 1 1 1
ciInstanceKlass java/lang/invoke/TypeDescriptor 1 0 17 100 1 100 1 1 1 1 1 1 100 1 100 1 1 1 1
ciInstanceKlass java/lang/invoke/TypeDescriptor$OfField 1 0 21 100 1 100 1 100 1 1 1 1 1 1 1 1 1 1 1 1 1 1 1
ciInstanceKlass java/lang/Class 1 1 1698 10 7 12 1 1 1 9 7 12 1 1 1 9 12 1 1 10 12 1 1 8 1 10 12 1 8 1 8 1 10 12 1 1 10 7 12 1 1 1 10 12 1 7 1 10 10 12 1 10 12 1 1 10 12 1 1 10 12 1 1 10 7 12 1 1 10 12 1 10 12 1 10 12 1 8 1 10 12 1 8 1 10 12 1 8 1 8 1 10 12 1 1 10 7 12 1 1 1 18 12 1 1 11 7 12 1 1 1 8 1 8 1 8 1 10 7 12 1 1 1 11 12 1 1 8 1 10 12 1 10 11 100 12 1 1 1 11 100 12 1 1 1 11 8 1 18 8 1 10 12 1 10 7 12 1 1 10 12 1 1 10 7 12 1 1 1 10 12 1 1 10 12 1 1 10 7 12 1 1 1 10 12 9 7 12 1 1 1 10 100 12 1 1 1 10 12 1 10 7 12 1 1 1 10 12 1 1 18 12 1 1 10 7 12 1 1 1 10 7 12 1 10 12 1 1 10 7 1 100 1 10 12 1 1 9 12 1 1 100 1 8 1 10 12 1 10 12 1 1 10 12 1 1 10 7 12 1 1 1 7 1 10 12 1 7 1 100 1 10 10 12 1 1 10 12 1 1 100 1 10 100 12 1 1 1 10 12 1 1 10 12 1 1 9 12 1 1 10 12 1 10 12 1 1 9 12 1 1 9 12 1 1 10 12 1 1 10 7 1 10 12 1 10 12 1 10 12 1 1 10 9 12 1 10 12 1 8 1 10 12 1 1 10 12 1 1 10 12 1 10 12 1 1 10 12 1 1 10 12 1 1 9 7 12 1 1 1 10 7 12 1 1 10 12 10 12 1 10 12 1 10 12 1 10 12 1 9 100 12 1 1 1 9 12 1 10 12 1 10 100 12 1 1 1 10 12 1 1 10 100 12 1 1 10 12 1 10 12 1 1 10 100 12 1 1 1 10 12 1 10 12 1 1 10 12 1 10 12 1 10 12 1 1 10 7 1 10 10 10 12 1 1 10 12 1 1 10 12 10 10 12 1 1 100 1 8 1 10 10 12 1 1 10 12 1 100 1 11 12 1 10 100 12 1 1 10 12 1 10 12 1 10 100 12 1 1 10 10 12 1 1 8 1 10 12 1 10 12 1 1 8 1 10 12 1 9 12 1 10 12 1 10 12 1 10 12 1 10 12 100 1 9 12 1 10 12 1 9 12 1 10 12 1 10 12 1 10 12 1 10 10 12 1 10 12 1 10 7 12 1 1 10 12 1 10 12 1 10 12 1 1 10 12 1 10 12 1 10 12 1 100 1 10 12 1 10 12 1 1 10 12 1 1 10 12 1 1 10 12 1 1 10 12 1 1 10 12 1 1 7 1 10 10 12 1 1 10 12 1 1 10 12 1 1 10 10 12 1 10 12 1 1 10 12 1 1 10 12 1 1 10 12 1 1 7 1 10 10 12 11 100 12 1 1 10 12 1 10 12 1 10 7 12 1 1 1 10 12 1 1 10 10 12 1 1 100 1 10 10 12 1 1 10 100 12 1 1 1 100 1 100 1 10 12 1 1 10 12 1 10 10 12 1 1 10 12 1 10 12 1 10 12 1 10 100 12 1 1 1 11 7 12 1 1 10 12 1 10 12 1 9 12 1 10 12 1 1 10 12 1 9 12 1 1 7 1 10 9 12 1 1 10 12 7 1 10 12 1 9 12 1 10 100 12 1 1 1 10 12 1 10 12 1 10 100 12 1 1 1 10 12 1 10 12 10 12 1 1 100 1 10 8 1 10 12 1 11 11 12 1 1 11 7 12 1 1 11 12 1 8 1 10 12 1 10 12 1 1 9 12 1 9 12 1 1 10 7 12 1 1 9 12 1 10 12 1 1 10 10 12 1 10 7 12 1 1 1 10 7 12 1 1 10 7 12 1 1 9 12 1 1 10 12 1 9 12 1 10 12 1 10 12 1 1 9 12 1 1 9 12 1 10 12 1 10 12 1 1 9 12 1 100 1 10 10 12 1 1 7 1 10 12 1 1 100 11 100 1 9 12 1 1 9 12 1 100 1 10 12 1 9 12 1 1 9 12 1 10 12 1 10 12 1 1 9 12 1 7 1 10 10 12 1 1 10 10 12 1 10 12 10 10 12 1 9 12 1 10 12 1 1 10 7 12 1 1 1 10 12 1 1 10 12 1 8 10 7 8 1 18 8 1 8 1 10 12 1 9 12 1 9 12 1 1 10 12 1 7 1 7 1 10 12 1 9 12 1 1 7 1 10 10 12 1 10 7 1 9 12 1 8 1 10 12 1 7 1 10 12 1 10 12 1 1 100 1 100 1 9 12 1 100 1 8 1 10 10 7 12 1 1 1 10 12 11 7 12 1 1 1 10 12 1 10 12 1 1 10 8 1 8 1 10 12 1 1 9 7 12 1 1 11 12 7 1 11 7 12 1 1 9 12 1 10 100 12 1 1 1 10 7 12 1 1 10 12 1 1 9 12 1 9 10 12 1 1 10 12 1 1 10 12 1 1 10 12 1 1 10 12 1 1 11 12 1 7 1 11 12 1 10 7 12 1 1 1 10 12 1 11 12 1 10 100 12 1 1 1 10 12 1 10 100 12 1 1 1 11 12 1 11 12 1 1 10 12 1 10 12 1 1 9 12 1 1 9 100 12 1 1 10 12 1 10 100 12 1 1 1 10 12 1 1 10 12 1 10 12 1 10 12 1 10 7 12 1 1 1 10 12 1 8 1 10 12 1 10 12 1 10 12 1 100 1 10 12 10 100 12 1 1 1 11 100 12 1 1 1 10 12 1 1 10 12 1 18 12 1 1 11 12 1 1 18 11 12 1 18 12 1 11 12 1 10 12 1 1 10 12 1 10 12 1 10 12 1 10 12 1 10 12 10 12 1 8 1 10 12 1 7 1 9 12 1 1 100 1 100 1 100 1 100 1 1 1 3 1 3 1 3 1 1 1 1 1 1 1 5 0 1 1 1 1 1 1 1 1 1 1 1 1 1 1 1 1 1 1 1 1 1 1 1 1 100 1 1 1 1 1 1 1 100 1 1 1 1 1 100 1 1 1 1 1 1 1 1 1 1 1 1 1 1 1 1 1 1 1 1 1 1 1 1 1 1 1 1 1 1 1 1 1 1 1 1 1 1 1 1 1 1 100 1 1 1 1 1 1 1 1 1 1 1 1 1 1 1 1 1 1 1 1 1 1 1 1 1 1 1 1 1 1 1 100 1 1 1 1 1 1 1 1 1 1 1 1 1 1 1 1 1 1 1 1 3 1 1 1 1 1 1 1 1 1 1 1 1 1 1 1 1 1 1 1 1 1 1 1 1 1 1 1 1 1 1 1 1 1 1 1 100 1 100 1 1 1 1 1 1 1 1 1 1 1 1 1 1 1 1 1 1 1 1 1 1 1 1 1 1 1 1 1 1 1 1 1 1 1 1 1 1 1 1 1 1 1 1 1 1 1 1 1 1 1 1 1 1 1 1 1 1 1 1 1 1 1 1 1 1 1 1 1 1 1 1 1 1 1 1 1 1 1 1 1 1 1 1 1 1 1 1 1 1 1 1 1 1 1 1 1 1 1 1 1 1 1 1 1 1 1 1 1 1 1 1 1 1 1 1 1 1 1 1 1 1 1 1 1 1 1 1 1 1 1 1 16 15 10 12 16 15 11 12 16 1 16 15 16 15 10 12 16 16 15 10 12 16 15 16 1 15 10 12 16 15 10 7 12 1 1 1 1 1 1 1 1 1 1 1 1 100 1 1 100 1 100 1 1 100 1 100 1 1 100 1 100 1 1
staticfield java/lang/Class EMPTY_CLASS_ARRAY [Ljava/lang/Class; 0 [Ljava/lang/Class;
staticfield java/lang/Class serialPersistentFields [Ljava/io/ObjectStreamField; 0 [Ljava/io/ObjectStreamField;
ciInstanceKlass java/lang/Cloneable 1 0 7 100 1 100 1 1 1
instanceKlass com/thoughtworks/xstream/core/util/ClassLoaderReference
instanceKlass com/thoughtworks/xstream/core/util/CompositeClassLoader
instanceKlass jdk/internal/reflect/DelegatingClassLoader
instanceKlass java/security/SecureClassLoader
ciInstanceKlass java/lang/ClassLoader 1 1 1108 9 7 12 1 1 1 10 7 12 1 1 1 9 12 1 1 10 7 12 1 1 1 7 1 10 12 1 1 10 12 1 1 9 12 1 1 10 12 1 1 100 1 10 12 1 10 12 1 1 10 7 12 1 1 1 100 1 8 1 10 12 1 10 7 12 1 1 1 10 100 12 1 10 7 1 10 7 1 7 1 7 1 10 12 1 10 12 1 9 12 1 1 10 10 7 12 1 1 1 9 12 1 1 9 12 1 9 12 1 1 9 12 1 9 12 1 1 9 12 1 1 7 1 10 12 1 9 12 1 1 10 12 1 1 10 7 12 1 1 1 9 12 1 9 12 1 1 9 12 1 10 12 1 1 9 12 10 12 1 1 7 1 10 8 1 10 12 1 1 10 12 1 10 7 1 7 1 10 12 1 1 10 7 12 1 1 1 8 1 10 12 1 10 12 1 10 12 1 1 10 12 1 1 10 12 1 1 10 12 1 1 10 12 1 1 10 12 1 7 1 10 12 1 10 7 12 1 1 1 10 12 1 1 10 12 1 10 12 1 10 12 1 10 12 1 10 12 1 1 10 10 12 1 10 12 1 10 100 12 1 1 10 12 1 1 10 12 1 1 10 12 1 100 1 10 12 1 100 1 10 12 1 10 100 12 1 1 1 10 10 12 1 1 10 12 1 1 100 1 8 1 10 8 1 10 12 1 10 12 1 100 1 8 1 10 12 1 1 10 12 1 1 10 10 12 1 1 10 12 1 1 10 12 1 1 10 7 1 10 12 1 1 10 12 1 1 10 12 1 1 10 12 1 1 10 12 1 1 10 12 1 1 10 12 1 10 7 12 1 1 1 10 12 1 10 12 1 10 12 1 1 10 12 1 10 12 1 10 12 1 10 12 1 1 10 12 1 10 12 1 1 8 1 9 12 1 10 12 1 1 8 1 8 1 10 7 12 1 1 100 1 10 10 12 10 12 1 10 12 1 10 12 1 10 12 1 1 10 7 12 1 1 10 12 1 10 7 1 7 1 10 12 1 1 10 12 1 10 7 1 10 12 1 100 1 18 12 1 10 100 12 1 1 1 10 100 12 1 1 1 10 7 12 1 1 10 12 1 10 12 1 100 1 10 12 1 8 1 10 10 12 1 1 10 12 1 10 12 1 1 7 1 10 12 1 10 12 1 1 10 7 12 1 1 10 12 1 8 1 100 1 10 10 12 1 9 12 1 10 7 12 1 1 10 12 1 100 1 8 1 10 12 1 10 8 1 8 1 10 12 1 1 10 12 1 1 10 12 1 1 10 100 12 1 1 100 1 100 1 10 12 1 1 100 1 100 1 10 100 12 1 1 10 12 1 10 12 1 1 10 12 1 10 12 1 1 10 12 1 1 9 100 12 1 1 1 10 12 1 1 10 12 1 10 12 1 10 12 1 1 10 12 1 8 1 7 1 18 12 1 1 10 12 1 1 10 12 1 10 12 1 10 12 1 8 1 10 12 1 10 12 1 18 12 1 11 100 12 1 1 1 100 1 10 12 1 1 10 12 1 10 11 12 1 1 10 18 10 12 1 1 11 100 12 1 18 12 1 11 12 1 1 10 12 10 12 1 1 10 12 1 1 100 1 8 1 10 10 12 1 8 1 8 1 10 100 12 1 1 10 12 1 100 1 10 10 12 1 8 1 8 1 8 1 10 12 1 10 12 1 1 10 12 1 10 100 12 1 1 1 11 100 12 1 1 100 1 10 11 10 12 1 10 12 1 10 12 1 1 9 100 12 1 1 9 12 1 1 9 12 9 12 1 9 12 1 9 12 1 8 10 12 1 1 10 7 12 1 1 1 10 12 1 1 10 12 1 1 10 12 1 10 10 12 1 11 12 1 1 10 100 12 1 1 1 100 1 10 12 1 10 12 1 10 12 1 1 1 1 1 1 1 1 1 1 1 1 1 1 1 1 1 1 1 1 1 1 1 1 1 1 1 1 100 1 1 1 1 1 1 1 1 1 1 1 1 1 1 1 1 1 1 1 1 1 100 1 1 1 1 1 1 1 1 1 1 7 1 1 1 1 1 1 1 1 1 1 1 1 1 1 1 1 1 1 1 1 1 1 1 1 1 1 1 1 1 1 1 1 1 1 1 1 1 1 1 1 1 100 1 1 1 1 1 1 1 1 1 1 1 1 1 1 1 1 1 1 1 100 1 1 1 1 1 1 1 1 1 1 1 1 1 1 1 1 1 1 1 1 1 1 1 1 1 1 1 1 1 1 1 1 1 1 1 1 1 1 1 1 1 1 1 1 1 1 1 1 1 1 100 1 1 1 1 1 1 1 1 1 1 1 1 1 1 1 1 1 1 1 1 1 1 1 1 1 1 1 1 1 1 1 1 1 1 1 1 1 1 1 1 1 1 1 1 1 1 16 1 15 10 12 16 1 16 15 10 12 16 1 16 1 15 10 12 16 15 10 12 16 15 10 12 16 15 10 100 12 1 1 1 1 1 100 1 100 1 1
staticfield java/lang/ClassLoader nocerts [Ljava/security/cert/Certificate; 0 [Ljava/security/cert/Certificate;
staticfield java/lang/ClassLoader $assertionsDisabled Z 1
ciInstanceKlass java/lang/System 1 1 834 10 100 12 1 1 1 9 7 12 1 1 1 10 12 1 10 12 1 1 10 12 1 1 10 12 1 9 12 1 1 10 7 12 1 1 1 11 100 12 1 1 1 10 100 12 1 1 1 10 12 1 1 10 12 1 1 100 1 8 1 10 12 1 10 100 12 1 1 1 10 7 12 1 1 1 18 12 1 1 10 100 12 1 1 1 100 1 10 12 1 1 10 100 12 1 1 1 10 12 1 10 7 12 1 1 1 9 100 12 1 1 1 10 100 12 1 1 1 11 7 12 1 1 1 10 12 1 1 10 7 12 1 1 1 100 1 10 10 12 1 1 8 1 10 12 1 8 1 10 12 1 9 12 1 1 8 1 10 7 12 1 1 1 10 12 1 1 100 1 8 1 10 9 12 1 1 8 1 10 12 1 1 10 100 12 1 1 1 8 1 10 12 1 100 1 10 12 1 8 1 10 12 1 10 12 1 1 100 1 10 12 10 12 1 9 12 1 1 9 12 1 1 10 7 12 1 1 1 10 7 12 1 1 1 10 12 1 1 10 12 1 10 12 1 10 7 12 1 1 1 10 12 1 100 1 100 1 8 1 10 12 1 10 12 1 1 7 1 10 12 1 100 1 8 1 10 10 12 1 100 1 8 1 10 8 1 10 7 12 1 1 8 1 10 12 100 1 8 1 10 10 12 1 1 10 7 12 1 1 1 100 1 18 12 1 100 1 9 100 12 1 1 1 10 12 1 100 1 10 12 1 1 10 12 1 1 10 7 12 1 1 1 10 12 1 1 10 12 1 10 12 1 10 12 1 1 10 12 1 7 1 10 12 1 9 7 12 1 1 1 10 7 12 1 1 1 10 12 1 10 12 1 10 7 12 1 1 1 100 1 8 1 10 9 12 1 9 12 1 10 12 1 10 100 12 1 1 10 12 1 10 12 1 1 8 1 10 12 1 1 8 1 11 12 1 10 12 11 12 1 1 11 7 12 1 1 1 11 7 12 1 1 11 12 1 1 7 1 11 12 1 10 12 1 8 1 10 12 1 1 8 1 8 1 8 1 8 1 11 12 1 10 12 1 10 12 1 10 12 1 8 1 10 12 1 1 8 1 9 12 1 8 1 10 7 12 1 1 8 1 7 1 9 7 12 1 1 1 10 12 1 7 1 9 12 10 9 12 7 1 10 12 9 12 1 1 8 1 10 12 1 1 8 1 10 7 12 1 1 10 12 1 10 12 1 1 11 7 12 1 1 10 12 10 7 12 1 1 1 9 12 1 1 100 1 8 1 10 12 1 1 10 7 12 1 1 1 7 1 10 12 1 1 10 12 1 8 1 8 1 10 8 1 8 1 8 1 8 1 10 10 7 12 1 1 10 12 1 10 12 1 1 10 12 1 1 10 12 1 10 100 12 1 1 1 10 100 1 8 1 10 10 10 12 1 1 10 12 1 1 8 1 10 12 1 8 1 8 1 10 12 1 10 7 12 1 1 1 10 12 1 1 7 1 10 10 12 1 10 12 1 9 12 1 1 3 1 3 1 1 1 1 1 1 1 1 1 1 1 1 100 1 1 100 1 1 1 1 1 1 1 1 1 1 1 100 1 100 1 1 1 1 1 1 1 1 1 1 1 1 1 1 1 1 1 1 1 1 1 1 1 1 1 1 1 1 1 1 1 1 1 1 1 1 1 1 1 1 1 1 1 1 1 1 1 1 1 1 1 1 1 1 1 1 1 1 100 1 1 1 1 1 1 1 1 1 1 1 1 1 1 1 1 1 1 1 1 1 1 1 1 1 1 1 1 1 1 1 1 1 100 1 1 16 15 10 12 1 1 16 15 10 12 16 1 15 10 100 12 1 1 1 1 1 1 1 1 1 100 1 100 1 1
staticfield java/lang/System in Ljava/io/InputStream; java/io/BufferedInputStream
staticfield java/lang/System out Ljava/io/PrintStream; com/st/microxplorer/maingui/MicroXplorer$RedirectStdOutToLogger
staticfield java/lang/System err Ljava/io/PrintStream; com/st/microxplorer/maingui/MicroXplorer$RedirectStdErrToLogger
instanceKlass java/lang/Exception
instanceKlass java/lang/Error
ciInstanceKlass java/lang/Throwable 1 1 404 10 7 12 1 1 1 9 7 12 1 1 1 9 12 1 1 9 12 1 9 12 1 1 9 12 1 10 12 1 1 9 12 1 1 10 12 1 1 10 12 1 100 1 7 1 10 8 1 10 12 1 1 8 1 10 7 12 1 1 10 10 12 1 100 1 8 1 10 10 12 1 1 10 7 12 1 1 10 12 1 8 1 9 100 12 1 1 1 10 12 1 1 100 1 10 12 10 12 1 10 100 12 1 1 1 100 1 10 12 10 12 1 10 12 1 100 1 10 10 7 12 1 1 1 11 100 12 1 1 1 10 12 1 1 10 12 1 1 8 1 10 12 1 10 12 1 1 8 1 8 1 10 12 1 1 10 12 1 8 1 8 1 9 12 1 1 10 12 1 1 100 1 10 11 12 1 8 1 8 1 10 7 12 1 1 8 1 10 12 1 8 1 100 1 10 12 1 9 12 1 1 10 12 1 10 7 12 1 9 12 1 1 10 12 1 1 100 1 8 1 10 12 1 10 100 12 1 1 10 12 1 1 7 1 10 100 12 1 1 1 10 12 1 11 7 12 1 1 1 11 100 12 1 1 11 12 1 8 1 10 12 1 1 8 1 10 10 9 100 12 1 1 1 8 1 10 12 1 1 11 10 100 1 8 1 10 11 12 1 1 8 1 9 12 1 10 100 12 1 1 11 9 12 1 1 11 12 1 1 100 10 12 1 10 12 1 1 100 1 1 1 1 5 0 1 1 1 1 1 1 1 1 1 1 1 1 1 100 1 1 1 1 1 1 1 1 1 1 1 1 1 1 1 1 1 1 1 1 1 1 1 1 1 1 1 1 1 1 1 1 1 1 1 1 1 1 1 1 1 1 1 1 100 1 100 1 1 1 1 1 1 1 1 1 1 1 1 1 1 1 1 1 1
staticfield java/lang/Throwable UNASSIGNED_STACK [Ljava/lang/StackTraceElement; 0 [Ljava/lang/StackTraceElement;
staticfield java/lang/Throwable SUPPRESSED_SENTINEL Ljava/util/List; java/util/Collections$EmptyList
staticfield java/lang/Throwable EMPTY_THROWABLE_ARRAY [Ljava/lang/Throwable; 0 [Ljava/lang/Throwable;
staticfield java/lang/Throwable $assertionsDisabled Z 1
instanceKlass java/lang/ThreadDeath
instanceKlass javax/xml/parsers/FactoryConfigurationError
instanceKlass java/lang/AssertionError
instanceKlass org/apache/xerces/impl/dv/ObjectFactory$ConfigurationError
instanceKlass org/apache/xerces/parsers/ObjectFactory$ConfigurationError
instanceKlass java/lang/VirtualMachineError
instanceKlass java/lang/LinkageError
ciInstanceKlass java/lang/Error 1 1 40 10 7 12 1 1 1 10 12 1 10 12 1 10 12 1 10 12 1 100 1 1 1 1 5 0 1 1 1 1 1 1 1 1 1 1 1 1 1 1
instanceKlass java/awt/print/PrinterException
instanceKlass org/jaxen/saxpath/SAXPathException
instanceKlass java/awt/geom/NoninvertibleTransformException
instanceKlass com/st/microxplorer/plugins/thirdparty/ThirdPartyPackRequestProcessor$BadParameterTypeException
instanceKlass javax/swing/tree/ExpandVetoException
instanceKlass org/sqlite/NativeLibraryNotFoundException
instanceKlass org/sqlite/FileException
instanceKlass com/st/microxplorer/plugins/thirdparty/ThirdPartyIpManager$ThirdPartyIpManagerException
instanceKlass com/st/microxplorer/plugins/thirdparty/Migration$NoMigrationOngoing
instanceKlass com/st/microxplorer/plugins/thirdparty/Migration$MigrationNotPossible
instanceKlass com/teamdev/jxbrowser/deps/com/google/protobuf/Descriptors$DescriptorValidationException
instanceKlass com/st/microxplorer/mcufinder/crossselector/core/WebServiceHttpErrorException
instanceKlass com/st/microxplorer/mcufinder/crossselector/core/WebServiceServerUnreachableException
instanceKlass java/util/concurrent/ExecutionException
instanceKlass java/util/concurrent/TimeoutException
instanceKlass sun/security/ec/ECOperations$IntermediateValueException
instanceKlass sun/security/pkcs11/wrapper/PKCS11Exception
instanceKlass org/apache/http/HttpException
instanceKlass java/util/prefs/BackingStoreException
instanceKlass com/st/microxplorer/plugins/power/util/IncorrectSeriesDataException
instanceKlass com/st/microxplorer/plugins/power/util/DbException
instanceKlass java/awt/AWTException
instanceKlass com/st/microxplorer/plugins/thirdparty/db/solver/condition/EvaluatedConditionItemBuilder$CompositeConditionException
instanceKlass com/st/microxplorer/plugins/thirdparty/ThirdPartyApiDb$PackCreationException
instanceKlass com/st/microxplorer/plugins/thirdparty/engine/PackLoader$PackLoaderException
instanceKlass com/st/microxplorer/plugins/thirdparty/AbstractThirdPartyUpdaterManager$UpdaterTaskErrorException
instanceKlass com/st/microxplorer/plugins/thirdparty/AbstractThirdPartyUpdaterManager$UpdaterNotAvailableException
instanceKlass com/st/microxplorer/plugins/thirdparty/AbstractThirdPartyUpdaterManager$UpdaterNotRetrievedException
instanceKlass com/st/microxplorer/plugins/thirdparty/util/SwPackException
instanceKlass com/st/microxplorer/plugins/thirdparty/util/EngineException
instanceKlass org/glassfish/jaxb/runtime/v2/model/impl/ClassInfoImpl$DuplicateException
instanceKlass org/glassfish/jaxb/runtime/v2/model/impl/ClassInfoImpl$ConflictException
instanceKlass jakarta/activation/MimeTypeParseException
instanceKlass org/glassfish/jaxb/runtime/api/AccessorException
instanceKlass org/apache/xerces/impl/xpath/XPathException
instanceKlass org/apache/xerces/impl/xs/traversers/XSDComplexTypeTraverser$ComplexTypeRecoverableError
instanceKlass org/apache/xerces/impl/xs/XMLSchemaException
instanceKlass javax/xml/stream/XMLStreamException
instanceKlass jakarta/xml/bind/JAXBException
instanceKlass freemarker/template/TemplateException
instanceKlass javax/xml/transform/TransformerException
instanceKlass javax/xml/xpath/XPathException
instanceKlass com/lowagie/text/DocumentException
instanceKlass sun/nio/fs/WindowsException
instanceKlass javax/xml/datatype/DatatypeConfigurationException
instanceKlass javax/activation/MimeTypeParseException
instanceKlass javax/swing/text/BadLocationException
instanceKlass org/apache/commons/cli/ParseException
instanceKlass org/jdom/JDOMException
instanceKlass com/bestcode/mathparser/ParserException
instanceKlass com/st/microxplorer/mcufinder/db/crossselector/PleaseUseOtherDataSourceException
instanceKlass com/st/microxplorer/mcufinder/db/crossselector/CrdbException
instanceKlass java/sql/SQLException
instanceKlass com/st/microxplorer/db/DbException
instanceKlass java/awt/FontFormatException
instanceKlass java/text/ParseException
instanceKlass org/apache/xerces/impl/dv/DatatypeException
instanceKlass org/xml/sax/SAXException
instanceKlass javax/xml/parsers/ParserConfigurationException
instanceKlass java/security/GeneralSecurityException
instanceKlass javax/management/JMException
instanceKlass javax/naming/NamingException
instanceKlass java/lang/InterruptedException
instanceKlass java/lang/CloneNotSupportedException
instanceKlass java/security/PrivilegedActionException
instanceKlass java/io/IOException
instanceKlass java/net/URISyntaxException
instanceKlass java/lang/ReflectiveOperationException
instanceKlass java/lang/RuntimeException
ciInstanceKlass java/lang/Exception 1 1 40 10 7 12 1 1 1 10 12 1 10 12 1 10 12 1 10 12 1 100 1 1 1 1 5 0 1 1 1 1 1 1 1 1 1 1 1 1 1 1
instanceKlass org/jfree/data/general/SeriesException
instanceKlass org/jaxen/JaxenRuntimeException
instanceKlass com/teamdev/jxbrowser/js/NotSupportedTypeException
instanceKlass com/teamdev/jxbrowser/js/TypeNotPublicException
instanceKlass com/teamdev/jxbrowser/js/JsException
instanceKlass java/util/concurrent/CompletionException
instanceKlass com/teamdev/jxbrowser/internal/reflect/ReflectionException
instanceKlass com/teamdev/jxbrowser/frame/WebStorageException
instanceKlass com/teamdev/jxbrowser/navigation/NavigationException
instanceKlass com/altova/SourceInstanceUnavailableException
instanceKlass com/altova/TargetInstanceUnavailableException
instanceKlass java/util/concurrent/RejectedExecutionException
instanceKlass com/teamdev/jxbrowser/navigation/TimeoutException
instanceKlass org/apache/xerces/xs/XSException
instanceKlass com/teamdev/jxbrowser/cast/ReceiverNotDiscoveredException
instanceKlass com/teamdev/jxbrowser/internal/ChromiumProcessException
instanceKlass com/teamdev/jxbrowser/internal/rpc/transport/ConnectionClosureException
instanceKlass com/teamdev/jxbrowser/internal/DirectoryCreationException
instanceKlass com/teamdev/jxbrowser/deps/com/google/protobuf/UninitializedMessageException
instanceKlass com/teamdev/jxbrowser/os/EnvironmentException
instanceKlass com/teamdev/jxbrowser/engine/EngineInitializationException
instanceKlass org/apache/http/ParseException
instanceKlass java/security/ProviderException
instanceKlass org/apache/commons/logging/LogConfigurationException
instanceKlass java/lang/reflect/InaccessibleObjectException
instanceKlass com/st/microxplorer/plugins/updater/util/WinRegistry$RegError
instanceKlass com/vdurmont/semver4j/SemverException
instanceKlass java/lang/reflect/MalformedParameterizedTypeException
instanceKlass org/apache/xerces/impl/xpath/regex/ParseException
instanceKlass org/apache/xerces/impl/dv/xs/SchemaDateTimeException
instanceKlass com/thoughtworks/xstream/core/BaseException
instanceKlass org/json/JSONException
instanceKlass java/lang/IndexOutOfBoundsException
instanceKlass org/w3c/dom/events/EventException
instanceKlass org/w3c/dom/DOMException
instanceKlass org/apache/xerces/impl/dv/DVFactoryException
instanceKlass org/apache/xerces/parsers/AbstractDOMParser$Abort
instanceKlass org/apache/xerces/xni/XNIException
instanceKlass java/nio/file/FileSystemAlreadyExistsException
instanceKlass java/nio/file/FileSystemNotFoundException
instanceKlass java/time/DateTimeException
instanceKlass java/lang/reflect/UndeclaredThrowableException
instanceKlass org/apache/logging/log4j/core/config/ConfigurationException
instanceKlass java/util/ConcurrentModificationException
instanceKlass java/util/MissingResourceException
instanceKlass java/util/NoSuchElementException
instanceKlass java/lang/SecurityException
instanceKlass org/apache/logging/log4j/LoggingException
instanceKlass java/lang/IllegalStateException
instanceKlass java/lang/UnsupportedOperationException
instanceKlass java/lang/IllegalArgumentException
instanceKlass java/lang/ArithmeticException
instanceKlass java/lang/NullPointerException
instanceKlass java/lang/IllegalMonitorStateException
instanceKlass java/lang/ArrayStoreException
instanceKlass java/lang/ClassCastException
ciInstanceKlass java/lang/RuntimeException 1 1 40 10 7 12 1 1 1 10 12 1 10 12 1 10 12 1 10 12 1 100 1 1 1 1 5 0 1 1 1 1 1 1 1 1 1 1 1 1 1 1
ciInstanceKlass java/lang/SecurityManager 0 0 576 10 100 12 1 1 1 9 100 12 1 1 1 10 100 12 1 1 1 100 1 8 1 10 12 1 10 12 1 1 10 100 12 1 1 1 10 100 1 10 100 1 10 9 100 12 1 1 1 10 100 12 1 1 1 10 12 1 1 10 100 12 1 1 100 1 8 1 10 9 12 1 1 9 12 1 8 1 9 12 1 100 1 10 8 1 10 12 1 1 10 12 1 10 12 1 1 100 1 10 10 12 1 1 100 1 8 1 10 12 1 8 1 8 1 8 1 8 1 8 1 8 1 10 12 1 8 1 8 1 8 1 8 1 8 1 10 100 12 1 1 1 10 12 1 1 8 1 100 1 8 1 10 8 1 8 1 8 1 8 1 8 1 10 100 12 1 1 8 1 100 1 8 1 8 1 10 8 1 10 12 1 100 1 8 1 10 10 12 1 1 10 12 1 10 12 1 10 12 1 10 100 12 1 1 1 10 12 1 10 100 12 1 1 11 100 12 1 1 1 18 12 1 1 11 100 12 1 1 1 18 12 1 1 11 12 1 1 18 18 11 12 1 18 12 1 11 12 1 1 9 12 1 1 9 12 1 9 12 1 9 12 1 100 1 10 100 12 1 1 10 12 1 10 12 1 18 12 1 18 10 100 12 1 1 1 18 12 1 10 12 1 18 18 8 1 10 12 1 9 12 1 1 11 100 12 1 1 1 8 1 100 1 10 12 1 10 12 1 1 10 12 1 1 9 12 1 1 10 12 1 10 12 1 1 8 1 100 1 10 9 12 1 8 1 10 12 1 8 1 100 1 10 10 100 12 1 1 10 100 1 9 100 12 1 1 1 11 12 1 1 10 12 1 11 12 1 10 12 1 100 1 10 10 12 1 1 10 12 1 1 1 1 1 1 1 1 1 1 1 100 1 1 1 1 1 1 1 1 1 1 1 1 1 1 1 1 1 1 1 1 1 1 1 1 1 1 1 1 1 1 1 1 1 1 1 1 1 1 1 1 1 1 1 1 1 1 1 1 1 1 1 1 1 1 1 1 3 1 1 1 1 1 1 1 1 1 1 100 1 1 1 1 1 1 1 1 1 1 1 1 1 1 1 1 1 1 1 1 1 1 1 1 1 1 1 1 1 1 1 1 1 1 1 1 1 1 16 15 10 100 12 1 1 1 16 1 16 15 10 12 16 1 15 10 12 16 15 11 100 1 16 1 16 1 15 10 12 16 15 10 12 16 15 10 12 1 16 1 15 11 12 1 15 10 12 16 15 10 16 1 15 10 100 12 1 1 1 1 1 1 100 1 100 1 1
ciInstanceKlass java/security/ProtectionDomain 1 1 348 10 7 12 1 1 1 9 7 12 1 1 1 7 1 10 9 12 1 1 9 12 1 1 9 12 1 1 10 7 12 1 1 7 1 9 12 1 9 12 1 1 7 1 9 12 1 1 9 12 1 10 100 12 1 1 10 100 12 1 1 1 10 12 1 1 10 12 1 9 12 1 9 100 12 1 1 10 12 1 1 10 100 1 10 12 1 1 8 1 100 1 8 1 10 12 1 10 11 10 100 12 1 1 1 10 12 1 1 8 1 11 8 1 10 12 1 8 1 8 1 10 12 1 1 10 12 1 10 12 1 1 10 12 1 8 1 10 12 1 8 1 8 1 10 100 12 1 1 1 9 100 12 1 1 1 10 12 1 1 9 100 12 1 1 1 10 100 12 1 1 1 100 1 18 12 1 1 10 100 12 1 1 1 10 100 1 10 12 1 10 12 1 1 11 100 12 1 1 11 12 1 100 1 11 100 12 1 1 1 10 12 1 10 11 12 1 1 11 12 1 1 10 12 1 10 7 12 1 1 10 100 12 1 1 11 12 1 10 12 10 12 1 8 1 8 1 10 7 12 1 1 1 7 1 10 10 7 12 1 1 1 1 1 1 1 1 1 1 100 1 1 100 1 1 1 1 1 1 1 1 1 1 1 1 1 1 1 1 1 1 1 1 1 1 1 1 1 1 1 1 1 1 1 1 1 1 1 1 1 1 1 1 1 1 1 1 100 1 1 1 1 1 1 100 1 1 16 15 10 12 16 15 10 100 12 1 1 1 1 1 1 1 100 1 100 1 1
staticfield java/security/ProtectionDomain filePermCompatInPD Z 0
ciInstanceKlass java/security/AccessControlContext 1 1 374 9 7 12 1 1 1 9 12 1 1 10 100 12 1 1 1 8 1 10 100 12 1 1 1 10 7 12 1 1 1 9 12 1 9 12 1 1 9 12 1 1 10 7 12 1 1 100 1 10 12 1 11 100 12 1 1 1 11 12 1 11 12 1 11 12 1 1 7 1 11 12 1 1 10 12 1 10 7 12 1 1 1 9 100 12 1 1 1 10 100 12 1 1 1 11 100 12 1 1 1 10 7 1 100 1 8 1 10 12 1 10 12 1 1 7 1 10 7 12 1 1 1 9 12 1 9 12 1 9 12 1 9 12 1 1 9 12 1 1 9 12 1 9 12 1 10 7 12 1 1 1 9 12 1 10 12 1 1 10 12 1 1 8 1 10 12 1 1 10 12 1 1 10 100 12 1 1 1 100 1 10 10 12 1 1 10 100 12 1 1 1 10 8 1 10 100 12 1 1 8 1 10 100 12 1 1 8 1 8 1 10 12 1 8 1 10 12 1 8 1 10 12 1 10 12 1 10 12 1 1 8 1 8 1 100 1 10 12 1 10 12 1 1 100 1 10 12 1 8 1 10 12 1 10 12 1 10 8 1 10 12 1 1 10 12 1 1 10 12 1 1 10 12 1 1 10 12 1 10 12 1 11 10 12 1 10 12 1 1 10 10 10 12 1 1 1 1 1 1 1 1 1 1 1 1 1 1 1 1 1 1 1 1 1 1 1 1 100 1 1 1 1 1 1 1 1 1 1 1 1 1 1 1 1 1 1 1 1 1 1 1 1 1 1 1 1 1 1 1 1 1 1 1 1 1 1 1 1 1 1 1 1 1 1 1 1 1 1 1 1 3 1 1
ciInstanceKlass java/security/AccessController 1 1 295 10 100 12 1 1 1 10 7 12 1 1 1 10 7 12 1 1 1 10 12 1 1 10 12 1 1 10 7 12 1 1 1 10 12 1 1 10 12 1 10 12 1 1 10 12 1 100 1 8 1 10 12 1 10 12 1 10 12 1 1 10 12 1 7 1 7 1 10 12 1 1 10 12 1 10 12 1 10 12 1 1 10 7 12 1 1 1 10 12 1 1 9 100 12 1 1 1 10 100 12 1 1 1 10 12 1 10 12 1 9 100 12 1 1 1 10 12 1 10 12 1 1 9 12 1 1 10 100 1 10 11 7 12 1 1 1 10 7 12 1 1 11 7 1 7 1 10 12 1 10 12 1 10 12 1 8 1 10 12 1 1 8 1 10 100 12 1 1 1 8 1 100 1 10 10 12 1 1 10 12 1 10 7 12 1 1 1 10 12 1 8 1 10 100 12 1 1 8 1 8 1 10 12 1 8 1 10 12 1 10 12 1 1 10 12 1 1 1 1 1 1 1 1 1 1 1 1 1 1 1 1 1 1 1 1 1 1 1 1 1 1 1 1 100 1 1 1 1 1 1 1 1 1 1 1 1 1 1 1 1 1 1 1 1 1 1 1 1 1 1 1 1 1 1 1 1 1 1 100 1 100 1 1 1 1 1 1 1 1 1 3 1 1 1
staticfield java/security/AccessController $assertionsDisabled Z 1
instanceKlass sun/reflect/misc/MethodUtil
instanceKlass jdk/internal/loader/BuiltinClassLoader
instanceKlass java/net/URLClassLoader
ciInstanceKlass java/security/SecureClassLoader 1 1 102 10 7 12 1 1 1 7 1 10 12 1 9 7 12 1 1 1 10 12 1 10 12 1 10 12 1 1 10 12 1 1 10 12 1 7 1 10 7 1 10 12 1 7 1 10 12 1 11 7 12 1 1 1 7 1 11 12 1 10 12 1 1 1 1 1 1 1 1 1 1 1 1 1 1 1 1 1 1 1 1 1 1 1 1 1 1 1 1 1 1 1 1 1 1 1 1 100 1 1 1 1
instanceKlass java/lang/reflect/InvocationTargetException
instanceKlass java/lang/IllegalAccessException
instanceKlass java/lang/InstantiationException
instanceKlass java/lang/NoSuchFieldException
instanceKlass java/lang/NoSuchMethodException
instanceKlass java/lang/ClassNotFoundException
ciInstanceKlass java/lang/ReflectiveOperationException 1 1 34 10 7 12 1 1 1 10 12 1 10 12 1 10 12 1 100 1 1 1 1 5 0 1 1 1 1 1 1 1 1 1 1 1
ciInstanceKlass java/lang/ClassNotFoundException 1 1 96 7 1 10 7 12 1 1 1 10 12 1 10 12 1 1 10 100 12 1 1 1 8 1 10 100 12 1 1 1 10 7 12 1 1 10 100 12 1 1 1 10 100 12 1 1 1 10 12 1 1 7 1 10 12 1 9 12 1 1 1 1 1 5 0 1 1 1 1 1 1 1 1 1 1 1 1 1 1 1 1 1 1 100 1 1 1 1 1 1 1 1 1 1 1 1
staticfield java/lang/ClassNotFoundException serialPersistentFields [Ljava/io/ObjectStreamField; 1 [Ljava/io/ObjectStreamField;
instanceKlass jdk/net/UnixDomainPrincipal
instanceKlass jdk/internal/misc/ThreadTracker$ThreadRef
instanceKlass jdk/jfr/internal/jfc/model/Constraint
instanceKlass java/nio/DirectByteBuffer$Deallocator
instanceKlass jdk/jfr/internal/query/ViewFile$ViewConfiguration
instanceKlass jdk/jfr/internal/dcmd/Argument
instanceKlass java/lang/reflect/Proxy$ProxyBuilder$ProxyClassContext
instanceKlass java/util/stream/Collectors$CollectorImpl
instanceKlass java/security/SecureClassLoader$CodeSourceKey
instanceKlass jdk/internal/reflect/ReflectionFactory$Config
instanceKlass jdk/internal/foreign/abi/UpcallLinker$CallRegs
instanceKlass jdk/internal/foreign/abi/VMStorage
ciInstanceKlass java/lang/Record 1 1 22 10 7 12 1 1 1 100 1 1 1 1 1 1 1 1 1 1 1 1 1 1
instanceKlass java/lang/UnsatisfiedLinkError
instanceKlass java/lang/ClassFormatError
instanceKlass java/lang/ExceptionInInitializerError
instanceKlass java/lang/IncompatibleClassChangeError
instanceKlass java/lang/BootstrapMethodError
instanceKlass java/lang/NoClassDefFoundError
ciInstanceKlass java/lang/LinkageError 1 1 31 10 7 12 1 1 1 10 12 1 10 12 1 100 1 1 1 1 5 0 1 1 1 1 1 1 1 1 1 1 1
ciInstanceKlass java/lang/NoClassDefFoundError 0 0 26 10 100 12 1 1 1 10 12 1 100 1 1 1 1 5 0 1 1 1 1 1 1 1 1 1
instanceKlass com/teamdev/jxbrowser/internal/UnsupportedImplementationException
ciInstanceKlass java/lang/ClassCastException 1 1 26 10 100 12 1 1 1 10 12 1 100 1 1 1 1 5 0 1 1 1 1 1 1 1 1 1
ciInstanceKlass java/lang/ArrayStoreException 1 1 26 10 100 12 1 1 1 10 12 1 100 1 1 1 1 5 0 1 1 1 1 1 1 1 1 1
instanceKlass java/lang/StackOverflowError
instanceKlass java/lang/OutOfMemoryError
instanceKlass java/lang/InternalError
ciInstanceKlass java/lang/VirtualMachineError 1 1 34 10 100 12 1 1 1 10 12 1 10 12 1 10 12 1 100 1 1 1 1 5 0 1 1 1 1 1 1 1 1 1 1 1
ciInstanceKlass java/lang/InternalError 0 0 34 10 100 12 1 1 1 10 12 1 10 12 1 10 12 1 100 1 1 1 1 5 0 1 1 1 1 1 1 1 1 1 1 1
ciInstanceKlass java/lang/OutOfMemoryError 1 1 26 10 100 12 1 1 1 10 12 1 100 1 1 1 1 5 0 1 1 1 1 1 1 1 1 1
ciInstanceKlass java/lang/StackOverflowError 1 1 26 10 100 12 1 1 1 10 12 1 100 1 1 1 1 5 0 1 1 1 1 1 1 1 1 1
ciInstanceKlass java/lang/IllegalMonitorStateException 1 1 26 10 100 12 1 1 1 10 12 1 100 1 1 1 1 5 0 1 1 1 1 1 1 1 1 1
instanceKlass java/lang/ref/PhantomReference
instanceKlass java/lang/ref/FinalReference
instanceKlass java/lang/ref/WeakReference
instanceKlass java/lang/ref/SoftReference
ciInstanceKlass java/lang/ref/Reference 1 1 190 9 7 12 1 1 1 9 7 12 1 1 10 12 1 1 10 12 1 1 9 12 1 1 10 12 1 1 9 12 1 1 9 12 1 1 7 1 10 12 1 10 7 12 1 1 10 12 1 10 12 1 1 10 12 1 7 1 8 1 10 12 1 1 7 1 10 12 1 1 10 12 1 1 10 12 1 9 12 1 10 12 1 1 10 12 1 10 12 1 9 12 1 100 1 100 1 10 12 9 12 1 9 12 1 100 1 10 10 12 1 10 10 7 12 1 1 7 1 10 10 7 12 1 1 1 1 1 1 1 1 1 1 1 1 1 1 1 1 1 1 1 100 1 1 1 100 1 1 1 1 1 1 1 1 1 1 1 1 1 1 1 1 1 1 1 1 1 1 1 1 1 1 1 1 1 1 1 1 1 1 1 100 1 100 1 100 1 1 1
staticfield java/lang/ref/Reference processPendingLock Ljava/lang/Object; java/lang/Object
staticfield java/lang/ref/Reference $assertionsDisabled Z 1
instanceKlass sun/security/util/MemoryCache$SoftCacheEntry
instanceKlass java/io/ClassCache$CacheRef
instanceKlass sun/awt/SoftCache$ValueCell
instanceKlass sun/font/FontDesignMetrics$KeyReference
instanceKlass sun/font/StrikeCache$SoftDisposerRef
instanceKlass java/util/ResourceBundle$BundleReference
instanceKlass sun/util/locale/provider/LocaleResources$ResourceReference
instanceKlass sun/util/resources/Bundles$BundleReference
instanceKlass sun/util/locale/LocaleObjectCache$CacheEntry
instanceKlass java/lang/invoke/LambdaFormEditor$Transform
ciInstanceKlass java/lang/ref/SoftReference 1 1 47 10 7 12 1 1 1 9 7 12 1 1 1 9 12 1 10 12 1 10 12 1 1 1 1 1 1 1 1 1 1 1 1 1 1 1 1 1 1 1 1 100 1 1 1 1 1
instanceKlass sun/java2d/ReentrantContextProvider$HardReference
instanceKlass sun/nio/ch/FileLockTable$FileLockReference
instanceKlass javax/crypto/JceSecurity$WeakIdentityWrapper
instanceKlass org/apache/commons/logging/impl/WeakHashtable$WeakKey
instanceKlass javax/swing/ActionPropertyChangeListener$OwnedWeakReference
instanceKlass sun/awt/image/ImageWatched$AccWeakReference
instanceKlass javax/swing/text/DefaultStyledDocument$AbstractChangeHandler$DocReference
instanceKlass javax/swing/text/GapContent$MarkData
instanceKlass sun/awt/WeakIdentityHashMap$WeakKey
instanceKlass javax/swing/plaf/metal/MetalLookAndFeel$AATextListener
instanceKlass java/util/ResourceBundle$KeyElementReference
instanceKlass java/util/logging/LogManager$LoggerWeakRef
instanceKlass java/util/logging/Level$KnownLevel
instanceKlass com/sun/jmx/mbeanserver/WeakIdentityHashMap$IdentityWeakReference
instanceKlass java/lang/ClassValue$Entry
instanceKlass java/lang/ThreadLocal$ThreadLocalMap$Entry
instanceKlass java/lang/WeakPairMap$WeakRefPeer
instanceKlass java/lang/invoke/MethodType$ConcurrentWeakInternSet$WeakEntry
instanceKlass java/util/WeakHashMap$Entry
ciInstanceKlass java/lang/ref/WeakReference 1 1 31 10 7 12 1 1 1 10 12 1 100 1 1 1 1 1 1 1 1 1 1 1 1 1 1 1 1 1 1 1 1
instanceKlass java/lang/ref/Finalizer
ciInstanceKlass java/lang/ref/FinalReference 1 1 50 10 7 12 1 1 1 10 7 12 1 1 1 10 12 1 1 100 1 8 1 10 12 1 1 1 1 1 1 1 1 1 1 1 1 1 1 1 1 1 1 1 1 1 1 1 1 1 100 1
instanceKlass jdk/internal/ref/PhantomCleanable
instanceKlass jdk/internal/ref/Cleaner
ciInstanceKlass java/lang/ref/PhantomReference 1 1 39 10 100 12 1 1 1 10 7 12 1 1 1 1 1 1 1 1 1 1 1 1 1 1 1 1 1 1 1 1 1 1 1 1 1 1 1 1 1
ciInstanceKlass java/lang/ref/Finalizer 1 1 155 9 7 12 1 1 1 10 7 12 1 1 1 9 12 1 1 9 12 1 1 9 12 1 9 12 1 9 12 1 1 10 12 1 100 1 8 1 10 12 1 10 12 1 1 9 12 1 100 1 10 12 1 7 1 11 7 12 1 1 10 12 1 100 1 10 12 1 100 1 10 12 1 10 100 12 1 1 1 10 100 12 1 1 1 100 1 10 10 12 1 7 1 10 12 1 7 1 10 12 1 1 10 12 1 1 10 12 1 10 7 12 1 1 1 7 1 10 7 1 10 10 12 1 1 1 1 1 1 1 1 1 1 1 1 1 1 1 1 1 1 1 1 1 1 1 1 1 1 1 1 1 1 1 1
staticfield java/lang/ref/Finalizer lock Ljava/lang/Object; java/lang/Object
staticfield java/lang/ref/Finalizer ENABLED Z 1
staticfield java/lang/ref/Finalizer $assertionsDisabled Z 1
ciInstanceKlass java/lang/Runnable 1 0 11 100 1 100 1 1 1 1 1 1 1
instanceKlass com/st/microxplorer/plugins/updater/engine/LoadUrlFilesThread
instanceKlass com/st/microxplorer/plugins/updater/engine/CheckServerUpdateThread
instanceKlass com/st/microxplorer/plugins/updater/engine/DeleteFilesThread
instanceKlass com/st/microxplorer/plugins/updater/engine/LoadLocalFilesThread
instanceKlass com/st/microxplorer/plugins/updater/engine/LoadServerUpdatesThread
instanceKlass com/st/microxplorer/plugins/thirdparty/engine/IntegrityCheckThread
instanceKlass com/st/microxplorer/plugins/projectmanager/engine/GenerateProjectThread
instanceKlass com/st/microxplorer/plugins/projectmanager/engine/GenerateProjectThread
instanceKlass sun/awt/image/ImageFetcher
instanceKlass java/awt/EventDispatchThread
instanceKlass java/util/logging/LogManager$Cleaner
instanceKlass org/apache/logging/log4j/core/util/Log4jThread
instanceKlass java/util/concurrent/ForkJoinWorkerThread
instanceKlass jdk/internal/misc/InnocuousThread
instanceKlass java/lang/ref/Finalizer$FinalizerThread
instanceKlass java/lang/ref/Reference$ReferenceHandler
instanceKlass java/lang/BaseVirtualThread
ciInstanceKlass java/lang/Thread 1 1 870 10 7 12 1 1 1 9 12 1 1 10 7 12 1 1 10 12 1 10 100 12 1 1 100 1 8 1 10 12 1 1 9 12 1 9 12 1 1 9 12 1 1 7 1 10 12 1 1 10 12 1 10 7 12 1 1 1 10 12 9 12 1 1 10 12 1 100 1 10 12 1 100 1 8 1 10 9 7 12 1 1 1 10 12 1 1 10 12 1 1 10 12 1 1 10 12 1 10 12 1 1 3 8 1 100 1 5 0 10 7 12 1 1 1 9 12 1 10 12 1 1 10 7 12 1 1 1 10 7 12 1 1 1 10 12 1 1 10 12 1 1 9 12 1 1 10 100 1 8 1 10 7 1 10 12 1 9 12 1 1 10 100 12 1 1 1 10 10 12 1 1 9 100 12 1 1 1 10 12 1 1 10 12 1 1 10 7 12 1 1 10 12 1 10 12 1 10 7 12 1 1 9 12 1 10 7 12 1 1 1 10 12 1 1 9 12 1 1 9 12 1 1 10 7 12 1 1 1 9 12 1 1 10 100 12 1 1 10 100 12 1 1 1 10 12 1 10 12 1 10 7 12 1 1 9 12 1 8 1 9 100 12 1 1 9 12 1 1 5 0 100 1 10 100 1 10 100 1 10 7 1 10 8 1 10 12 1 1 10 7 12 1 10 12 1 10 12 1 100 1 8 1 10 10 12 1 10 12 1 1 10 100 12 1 1 1 10 100 12 1 1 1 10 12 1 7 1 9 12 1 1 100 1 10 10 12 1 9 12 1 1 10 12 1 1 10 12 1 1 10 12 1 10 12 1 9 12 1 1 10 10 12 1 1 10 12 1 1 11 7 12 1 1 10 7 12 1 1 9 12 1 9 12 1 1 9 12 1 1 10 100 12 1 1 10 12 1 1 9 7 12 1 1 1 10 7 12 1 1 10 12 1 10 12 1 100 1 10 10 12 9 12 1 1 10 12 1 11 100 12 1 1 10 12 1 10 12 1 10 12 1 9 12 1 10 10 12 1 10 12 1 1 9 12 1 9 12 10 12 1 8 1 10 12 1 10 12 1 10 12 1 10 12 1 10 12 1 1 10 12 1 10 12 1 1 10 12 1 10 12 1 10 12 1 10 12 1 10 12 1 1 9 7 12 1 1 1 8 1 10 9 12 1 10 12 1 7 1 8 1 10 10 12 1 8 1 10 12 1 1 9 12 10 12 8 1 10 10 12 1 10 12 1 8 1 10 12 1 10 8 1 10 100 12 1 1 10 12 1 1 100 1 8 1 10 9 12 1 9 12 1 1 10 12 1 1 10 10 12 1 10 12 1 100 10 7 12 1 1 1 9 12 1 10 12 1 1 10 12 1 1 10 100 12 1 1 1 11 100 12 1 1 1 9 100 12 1 1 1 10 100 12 1 1 1 100 1 10 12 1 100 1 10 12 1 10 12 1 1 10 12 1 1 8 1 9 12 1 10 12 1 10 12 1 1 11 100 12 1 1 1 10 12 1 1 1 1 3 1 3 1 3 1 3 1 1 1 1 1 1 1 1 1 1 1 1 1 1 1 1 1 1 1 1 1 100 1 1 1 1 1 1 1 1 1 1 1 1 1 1 1 1 1 1 1 1 1 1 100 1 1 1 1 1 1 1 1 1 1 1 1 1 1 1 1 100 1 100 1 1 1 1 1 1 1 1 1 1 1 1 1 1 1 1 1 1 1 1 1 1 1 1 1 1 1 1 1 1 1 1 1 1 1 1 1 1 1 1 1 1 1 1 1 1 1 1 1 1 1 1 1 1 1 1 1 1 1 1 1 1 1 1 1 1 1 1 1 1 1 1 1 1 1 1 100 100 1 1 1 1 1 1 1 1 1 1 1 1 1 1 1 1 1 1 1 1 1 1 1 1 1 1 100 1 100 1 100 1 100 1 100 1 1 100 1 1 1 1 1 1 1 1 1 1 1 1 1 1 1
staticfield java/lang/Thread NEW_THREAD_BINDINGS Ljava/lang/Object; java/lang/Class
staticfield java/lang/Thread EMPTY_STACK_TRACE [Ljava/lang/StackTraceElement; 0 [Ljava/lang/StackTraceElement;
ciInstanceKlass java/lang/Thread$FieldHolder 1 1 48 10 7 12 1 1 1 9 7 12 1 1 1 9 12 1 1 9 12 1 1 9 12 1 1 9 12 1 1 1 1 1 1 1 1 1 1 100 1 100 1 1 1 1 100 1 1 1
ciInstanceKlass java/lang/Thread$Constants 0 0 59 100 1 10 100 12 1 1 1 100 1 10 10 100 12 1 1 1 100 1 8 1 10 12 1 9 100 12 1 1 1 100 1 100 1 10 12 1 10 12 1 9 12 1 1 1 1 1 1 1 1 1 1 1 1 1 1 1 1
ciInstanceKlass java/lang/Thread$UncaughtExceptionHandler 1 0 16 100 1 100 1 1 1 1 1 1 1 1 100 1 1 1
ciInstanceKlass java/lang/ThreadGroup 1 1 411 10 7 12 1 1 1 9 7 12 1 1 1 8 1 9 12 1 1 100 1 9 12 1 1 9 12 1 1 10 7 12 1 1 1 10 12 1 1 10 12 1 10 12 1 10 12 1 10 12 1 1 10 12 1 1 10 12 1 10 12 1 1 10 12 1 10 12 1 10 100 12 1 1 1 10 12 1 1 18 12 1 1 11 100 12 1 1 1 10 7 12 1 1 1 10 100 12 1 10 12 1 1 10 12 1 1 10 12 1 1 10 100 12 1 1 1 10 12 1 11 12 1 1 11 100 12 1 1 11 12 1 1 10 12 1 1 10 12 1 10 12 1 11 12 1 11 12 1 1 100 1 10 10 12 1 100 1 10 18 12 1 1 11 100 12 1 1 1 11 12 1 1 9 12 1 1 10 12 1 1 8 1 10 100 12 1 1 1 10 100 12 1 1 1 10 12 1 1 11 12 10 12 1 1 10 12 1 1 11 100 1 9 12 1 100 1 10 8 1 10 12 1 1 10 12 1 1 8 1 10 12 1 10 100 12 1 1 1 10 12 1 1 10 7 1 8 1 10 8 1 10 12 1 10 12 1 8 1 9 12 1 1 9 12 1 10 100 12 1 1 1 100 9 12 1 1 100 1 9 12 1 10 12 10 12 1 1 100 10 12 9 12 1 10 12 1 100 1 10 11 12 1 1 100 1 10 10 12 1 10 12 1 1 1 1 1 1 1 1 1 1 1 1 1 1 1 1 1 1 3 1 1 1 1 1 1 1 1 1 1 1 1 100 1 1 1 1 1 1 1 1 1 1 1 1 1 1 1 1 1 1 1 1 1 1 1 1 1 1 1 1 1 1 1 1 1 1 1 1 1 1 1 1 1 1 1 16 15 10 12 16 16 15 10 12 16 15 10 100 12 1 1 1 1 1 100 1 100 1 1
staticfield java/lang/ThreadGroup $assertionsDisabled Z 1
instanceKlass java/lang/ThreadBuilders$BoundVirtualThread
instanceKlass java/lang/VirtualThread
ciInstanceKlass java/lang/BaseVirtualThread 0 0 36 10 100 12 1 1 1 100 1 1 1 1 1 1 1 1 1 1 1 1 1 1 1 1 1 1 1 1 100 1 100 1 1 100 1 1
ciInstanceKlass java/lang/VirtualThread 0 0 890 100 1 9 12 1 1 10 100 12 1 1 1 10 100 12 1 1 1 10 100 12 1 1 1 9 12 1 1 9 12 1 1 100 1 10 12 1 9 12 1 1 18 12 1 1 9 12 1 1 10 12 1 1 100 1 10 12 1 10 12 1 1 10 12 1 1 10 12 1 1 10 12 1 10 100 12 1 10 12 1 10 12 1 10 12 1 11 100 12 1 1 1 100 1 10 12 1 1 10 100 12 1 1 1 10 100 12 1 1 1 10 12 1 100 1 10 10 12 1 10 12 1 1 9 12 1 1 10 12 1 1 9 12 1 1 10 12 1 9 12 1 1 9 12 1 100 1 10 10 12 1 10 12 1 10 100 12 1 1 10 9 10 10 12 1 1 10 12 1 1 10 100 12 1 1 10 100 1 10 9 10 10 12 1 10 12 1 10 12 1 1 100 1 10 12 1 1 10 12 1 10 12 1 1 9 12 1 10 12 1 10 12 1 9 12 1 1 10 12 1 10 12 1 9 12 1 1 10 12 1 10 12 1 11 100 12 1 1 10 12 1 1 10 12 1 10 12 1 1 9 12 1 10 100 1 10 12 1 1 10 12 1 1 10 12 1 10 12 1 10 12 1 10 12 1 9 12 1 1 10 100 12 1 1 10 12 1 10 12 1 1 10 100 12 1 1 10 12 1 100 1 8 1 10 12 1 10 12 1 1 10 12 1 10 12 1 10 100 12 1 1 10 12 1 10 12 1 1 10 12 1 10 12 1 1 10 100 12 1 1 18 10 12 1 1 10 12 1 1 100 1 10 10 12 1 100 1 9 12 1 1 10 100 12 1 1 10 9 12 1 1 9 100 12 1 1 1 11 100 12 1 1 1 11 100 1 11 12 10 12 1 10 12 1 1 10 12 1 100 1 10 10 12 1 10 12 1 1 10 12 1 1 10 12 1 10 12 1 10 12 1 9 12 1 1 11 100 12 1 1 10 12 9 100 12 1 1 1 9 12 1 10 12 1 1 9 12 1 9 12 1 100 1 10 10 12 1 1 10 12 1 10 12 10 12 1 100 1 100 1 8 1 10 10 12 1 1 10 12 1 10 100 12 1 1 8 1 10 12 1 8 1 10 12 1 9 100 12 1 1 1 10 12 1 1 10 12 1 10 10 10 10 12 9 12 1 10 12 1 1 9 12 1 10 12 1 1 9 12 1 10 12 1 1 18 12 1 1 18 12 1 10 100 12 1 1 1 8 1 10 100 12 1 1 1 10 100 12 1 1 1 18 12 1 10 100 12 1 1 1 100 1 10 12 1 8 1 10 12 1 8 1 10 12 1 1 8 1 8 1 10 100 12 1 1 8 1 10 12 1 8 1 8 1 10 100 12 1 1 1 10 12 1 10 12 1 1 10 12 1 18 12 1 1 18 12 1 1 5 0 9 12 1 10 12 1 18 12 1 100 1 10 12 10 100 12 1 1 10 12 1 1 100 1 8 1 10 10 12 1 10 12 1 1 10 12 1 9 12 1 8 10 12 1 1 8 8 9 12 1 8 10 12 1 1 3 1 3 3 1 3 1 3 1 3 1 3 1 3 3 1 3 1 3 1 3 1 1 1 1 1 1 1 1 1 1 1 1 1 1 100 1 1 1 1 1 1 1 1 1 1 1 1 100 1 1 1 1 1 1 1 1 1 1 1 1 1 100 1 1 1 1 1 1 1 1 1 1 1 1 1 1 1 1 1 1 1 1 1 1 1 1 1 1 1 1 1 1 1 1 1 1 1 1 1 1 100 1 1 1 1 1 1 1 1 1 1 1 1 1 1 1 1 1 1 1 1 1 1 1 1 1 1 1 1 1 1 1 1 1 100 1 1 1 1 1 1 1 1 1 1 1 1 1 1 100 1 1 16 15 10 12 15 16 15 10 12 16 15 10 12 16 16 15 10 12 16 15 10 12 16 15 10 12 16 15 10 12 16 1 15 10 100 12 1 1 1 1 1 1 1 100 1 1 100 1 100 1 1
ciInstanceKlass java/lang/ThreadBuilders$BoundVirtualThread 0 0 132 10 100 12 1 1 1 9 100 12 1 1 1 10 100 12 1 1 1 9 12 1 1 10 12 1 1 10 12 1 1 9 12 1 1 10 100 12 1 1 1 10 12 1 1 100 1 8 1 10 12 1 10 12 1 1 10 12 1 1 10 12 1 1 10 100 12 1 1 1 8 1 10 12 1 8 1 10 12 1 1 10 100 12 1 1 9 100 12 1 1 1 10 12 1 1 10 10 12 1 1 1 1 1 1 1 1 1 1 1 1 1 1 1 1 1 1 1 1 1 1 1 1 1 1 1 1 100 1 1 1 1
ciInstanceKlass java/util/Map 1 1 263 11 7 12 1 1 1 11 12 1 1 10 7 12 1 1 11 12 1 1 11 7 12 1 1 1 11 7 12 1 1 1 11 12 1 1 7 1 11 12 1 11 12 1 100 1 100 1 10 12 1 1 11 7 12 1 1 1 11 100 12 1 1 1 11 12 1 11 12 1 10 12 1 1 11 12 1 11 7 12 1 9 7 12 1 1 1 7 1 10 12 7 1 7 1 10 12 1 7 1 10 7 1 11 12 1 11 12 1 1 11 12 1 1 7 1 11 12 1 1 1 1 1 1 1 1 1 1 1 1 1 1 1 1 1 1 1 1 1 1 1 1 1 1 1 1 1 1 1 1 1 1 1 1 1 1 1 1 1 1 1 1 1 1 1 1 1 1 1 1 1 1 1 1 1 1 1 1 1 1 1 1 1 1 1 1 1 1 1 1 1 1 1 1 1 1 1 1 1 1 1 1 1 1 1 1 1 1 1 1 1 1 1 1 1 1 1 1 1 1 1 1 1 1 1 1 1 1 1 1 1 1 1 1 1 1 1 1 1 1 1 1 1 1 100 1 1 1 1 1 1 1 1 1 1 1 1 1 1 1 1 1 1
instanceKlass java/util/Hashtable
ciInstanceKlass java/util/Dictionary 1 1 36 10 7 12 1 1 1 100 1 1 1 1 1 1 1 1 1 1 1 1 1 1 1 1 1 1 1 1 1 1 1 1 1 1 1 1
instanceKlass javax/swing/JSlider$1SmartHashtable
instanceKlass org/apache/commons/logging/impl/WeakHashtable
instanceKlass javax/swing/UIDefaults
instanceKlass java/util/Properties
ciInstanceKlass java/util/Hashtable 1 1 516 100 1 10 7 12 1 1 1 9 7 12 1 1 1 100 1 100 1 10 8 1 10 12 1 1 10 12 1 10 12 1 1 10 12 1 10 7 12 1 1 1 8 1 10 12 1 9 12 1 1 7 1 9 12 1 1 4 10 7 12 1 1 1 9 12 1 4 10 12 1 11 100 12 1 1 1 10 12 1 1 10 12 1 1 9 12 1 10 12 1 1 100 1 10 9 12 1 1 10 7 12 1 1 1 9 12 1 1 10 12 1 10 12 1 3 9 12 1 9 12 1 3 10 12 1 10 12 1 10 12 1 1 11 12 1 1 11 100 12 1 1 1 11 100 12 1 1 1 11 12 1 100 1 11 12 1 11 12 1 10 12 1 1 10 12 1 1 10 12 1 9 12 1 1 9 12 9 12 1 1 10 100 1 100 1 10 12 1 10 8 1 10 10 12 1 8 1 10 8 1 10 7 12 1 1 1 7 1 10 12 1 10 12 1 100 1 10 12 1 10 12 1 1 7 1 10 100 1 10 10 12 1 1 11 12 1 1 11 12 1 100 1 10 10 10 100 12 1 1 11 100 12 1 1 1 100 1 10 11 100 12 1 1 11 100 12 1 10 12 1 10 12 1 1 10 100 12 1 1 10 12 1 1 10 12 1 1 10 12 1 1 10 100 12 1 1 1 8 10 100 12 1 1 100 1 8 1 10 4 4 10 12 1 1 10 12 1 8 1 4 10 12 10 100 12 1 1 1 100 1 11 100 12 1 1 1 10 100 12 1 1 1 10 12 1 10 12 1 1 10 100 1 100 1 1 1 1 1 1 5 0 1 1 1 1 1 3 1 3 1 3 1 1 1 1 1 1 1 1 1 1 1 1 1 1 1 1 1 1 1 1 1 1 1 1 1 100 1 1 1 1 1 1 1 1 1 1 1 1 1 1 1 1 1 1 1 1 1 1 1 1 1 1 1 1 1 100 1 1 1 1 1 1 1 1 1 1 1 1 1 1 100 1 1 1 1 1 1 1 1 1 1 1 1 1 1 1 1 1 1 1 1 1 1 1 1 1 1 1 1 1 1 1 1 1 1 1 1 1 1 1 1 1 1 1 1 100 1 1 1 100 1 1 1 1 1 100 1 1 1 1 1 1 1 1 1 1 1 1 1 1 1 1 1 1
instanceKlass com/st/components/util/SortedProperties
instanceKlass com/st/microxplorer/mcufinder/gui/ApiFinderProperties
instanceKlass java/security/Provider
ciInstanceKlass java/util/Properties 1 1 690 10 7 12 1 1 1 100 1 10 7 12 1 1 7 1 10 12 1 9 12 1 1 9 12 1 1 9 12 1 1 10 7 12 1 1 1 10 12 1 1 8 1 10 7 12 1 1 1 7 1 10 12 1 10 12 1 1 8 1 10 12 1 7 1 10 12 10 12 1 1 9 12 1 1 10 12 1 1 7 1 10 12 1 10 12 1 10 12 1 1 100 1 8 1 10 12 1 10 12 1 10 12 1 1 10 12 1 100 1 3 10 10 7 12 1 1 1 10 12 1 10 12 1 1 8 1 10 12 1 10 12 1 1 8 1 10 7 12 1 1 10 12 1 1 10 12 1 10 12 1 1 100 1 10 12 1 10 12 1 1 7 1 9 7 12 1 1 1 10 12 1 10 12 1 1 10 12 1 1 10 12 1 1 7 1 9 12 1 1 7 1 7 1 10 12 1 7 1 11 7 12 1 1 1 11 12 1 1 11 7 12 1 1 1 11 7 12 1 1 1 11 12 1 1 11 12 1 11 12 1 10 12 1 1 8 1 10 12 1 10 7 12 1 1 10 12 1 7 1 10 10 12 1 10 12 1 100 1 10 10 12 1 1 10 100 12 1 1 9 100 12 1 1 10 12 1 1 10 100 12 1 1 1 100 1 100 1 100 1 10 8 1 8 1 10 12 1 10 12 1 10 12 1 1 10 10 12 1 1 10 12 1 1 7 1 10 10 12 1 11 7 12 1 1 10 7 12 1 1 1 8 1 10 100 12 1 1 11 11 7 1 8 1 10 100 1 11 10 12 1 10 10 12 1 10 12 1 1 10 12 1 1 10 12 1 1 10 12 1 10 12 1 10 10 12 1 10 12 1 10 12 1 10 10 12 1 1 10 12 1 1 10 10 12 1 10 12 1 10 12 1 10 12 1 10 12 1 1 10 12 1 1 10 12 1 10 12 1 10 12 1 1 10 12 10 12 1 1 10 12 1 1 10 12 1 10 12 1 1 10 12 1 1 10 12 10 11 12 1 4 11 10 12 1 1 10 100 12 1 1 11 12 1 10 12 1 1 10 100 12 1 1 10 12 1 100 1 8 1 10 12 1 10 10 100 12 1 1 1 100 1 6 0 10 12 1 1 11 100 12 1 1 1 10 12 1 10 12 1 1 1 1 1 5 0 1 1 1 1 1 1 1 1 1 1 1 1 1 1 1 1 1 1 1 1 1 1 1 1 1 1 1 1 1 1 1 1 1 1 1 1 1 1 1 100 1 1 1 1 1 1 1 1 1 1 1 1 1 1 1 1 1 1 1 1 100 1 1 1 1 1 1 1 1 1 1 1 1 100 1 100 1 1 1 1 1 100 1 1 1 1 1 1 1 1 1 1 1 1 1 1 1 1 1 1 1 1 1 1 1 1 1 1 1 1 1 1 1 1 1 1 1 1 1 1 1 1 1 1 1 1 1 1 1 1 1 1 1 1 1 1 1 1 1 1 1 1 1 1 1 1 1 1 1 1 1 1 1 1 1 1 1 1 1 100 1 1 1 1 1 1 1 1 1 1 1 100 1 1
staticfield java/util/Properties UNSAFE Ljdk/internal/misc/Unsafe; jdk/internal/misc/Unsafe
ciInstanceKlass java/lang/Module 1 1 1070 10 7 12 1 1 1 9 7 12 1 1 1 10 7 12 1 1 1 9 12 1 9 12 1 1 9 12 1 1 10 12 1 1 10 12 1 10 12 1 1 10 7 12 1 1 1 7 1 10 7 12 1 1 1 10 12 1 1 11 7 12 1 1 1 10 12 1 1 10 7 12 1 1 1 10 12 1 1 10 7 12 1 1 1 9 100 12 1 1 1 10 100 12 1 1 1 10 12 1 8 1 10 7 12 1 1 1 10 7 12 1 1 1 10 7 12 1 1 1 10 12 1 10 12 1 9 12 1 1 10 100 12 1 1 100 1 7 1 10 8 1 10 12 1 1 10 12 1 10 12 10 12 1 10 7 12 1 1 8 1 8 1 10 8 1 8 1 9 12 1 1 8 1 10 100 12 1 1 1 10 12 1 9 12 1 1 11 12 1 9 7 12 1 1 10 7 12 1 1 1 10 7 12 1 1 1 10 12 1 1 8 1 10 12 1 1 10 12 1 10 12 1 1 9 7 12 1 1 1 10 12 1 1 10 12 1 1 9 12 1 10 12 1 10 12 1 9 12 1 1 11 7 12 1 1 10 12 1 1 9 12 1 9 12 1 10 12 1 10 12 1 100 1 8 1 10 10 12 1 1 10 12 1 8 1 10 12 1 1 8 1 8 1 10 12 1 1 10 12 1 10 12 1 1 18 12 1 1 10 12 1 1 11 12 1 9 12 1 11 12 10 100 12 1 1 100 1 8 1 10 11 12 1 1 10 7 12 1 1 1 10 12 1 10 12 1 1 11 12 1 1 11 7 12 1 1 11 12 1 1 9 12 1 11 12 1 10 12 1 1 10 12 1 1 9 12 1 10 12 10 7 12 1 1 10 7 1 18 12 1 1 11 100 12 1 1 1 18 12 1 11 12 1 1 10 100 12 1 1 1 11 12 1 1 10 7 12 1 1 7 1 11 12 1 7 1 7 1 10 12 1 10 7 12 1 1 1 10 11 7 12 1 8 1 10 10 12 1 1 10 7 12 1 1 10 12 1 10 12 1 7 1 10 12 1 10 11 12 1 1 10 12 10 12 1 1 9 12 1 1 100 1 10 10 12 1 1 11 7 1 10 12 1 1 11 12 1 10 10 12 1 11 10 12 1 1 10 12 1 1 10 12 1 1 10 7 12 1 1 10 12 1 10 12 1 1 10 10 12 1 1 10 12 1 18 12 1 11 12 1 18 12 1 10 12 1 10 12 1 10 12 7 1 10 12 1 10 12 1 10 12 1 9 12 1 7 1 10 10 10 10 12 1 10 12 1 10 12 1 10 12 1 1 10 12 1 1 10 12 1 9 12 1 18 12 1 1 10 100 12 1 1 1 100 1 8 1 10 12 1 1 10 12 1 1 10 100 12 1 1 100 1 10 12 1 1 100 1 8 1 10 12 1 1 100 1 11 12 1 1 10 100 12 1 1 1 18 12 1 1 11 100 12 1 1 1 100 1 10 12 1 10 12 1 1 100 1 100 1 10 12 8 1 10 12 1 1 10 12 1 1 10 7 12 1 1 10 12 1 1 10 12 1 10 12 10 12 1 1 100 1 10 10 12 1 1 10 100 12 1 1 1 100 1 10 12 1 1 10 7 12 1 1 8 1 18 12 1 1 100 1 100 1 9 12 1 1 9 12 1 9 12 1 11 100 12 1 1 1 100 1 11 12 1 1 100 1 10 12 1 8 1 10 12 1 10 12 10 12 1 8 1 10 10 100 12 1 1 7 1 10 10 12 1 10 7 12 1 1 9 12 1 9 12 1 9 12 1 9 12 1 10 12 11 12 1 10 12 1 100 1 1 1 1 1 1 1 1 1 1 1 1 1 1 1 1 1 1 1 100 1 1 1 1 1 1 1 1 1 1 1 1 1 1 1 1 1 1 1 1 1 1 1 1 1 1 1 1 1 1 1 1 1 1 1 1 1 1 1 1 1 1 1 1 1 1 1 1 1 1 1 1 1 1 1 1 1 1 1 1 1 1 1 1 1 1 1 1 1 1 1 1 1 1 1 1 1 1 1 1 1 1 1 1 1 1 1 1 1 1 1 1 1 1 1 100 100 1 1 1 1 1 1 1 1 1 1 1 1 1 1 1 1 1 1 1 1 1 1 1 1 1 1 1 100 1 100 1 1 1 1 1 1 1 1 1 1 1 1 1 1 1 1 1 1 1 1 100 1 1 1 1 1 1 1 1 1 1 1 1 1 1 1 1 1 1 1 1 1 1 1 16 15 10 12 16 16 15 10 12 16 16 15 10 16 1 15 10 12 16 1 15 10 12 16 1 16 15 10 12 16 16 1 15 10 12 16 15 10 7 12 1 1 1 15 10 100 12 1 1 1 1 1 1 1 1 1 1 1 100 1 100 1 1 100 1 100 1 1
staticfield java/lang/Module ALL_UNNAMED_MODULE Ljava/lang/Module; java/lang/Module
staticfield java/lang/Module ALL_UNNAMED_MODULE_SET Ljava/util/Set; java/util/ImmutableCollections$Set12
staticfield java/lang/Module EVERYONE_MODULE Ljava/lang/Module; java/lang/Module
staticfield java/lang/Module EVERYONE_SET Ljava/util/Set; java/util/ImmutableCollections$Set12
staticfield java/lang/Module $assertionsDisabled Z 1
instanceKlass java/lang/reflect/Executable
instanceKlass java/lang/reflect/Field
ciInstanceKlass java/lang/reflect/AccessibleObject 1 1 400 10 7 12 1 1 1 9 100 12 1 1 1 10 100 12 1 1 1 10 7 12 1 1 10 7 12 1 1 1 10 7 12 1 1 1 10 12 1 1 10 12 1 1 9 12 1 1 7 1 10 7 12 1 1 1 11 12 1 100 1 10 12 1 7 1 100 1 10 12 1 10 12 1 1 10 12 1 1 10 12 1 1 10 12 1 1 7 1 10 7 12 1 1 1 10 12 1 1 11 10 7 12 1 1 1 10 12 1 1 10 12 1 10 12 1 10 12 1 1 10 12 1 8 1 7 1 7 1 10 10 12 1 1 8 1 10 12 1 10 12 1 8 1 8 1 8 1 8 1 8 1 8 1 8 1 8 1 8 1 7 1 10 12 1 10 12 1 9 12 1 1 10 12 1 1 10 12 1 10 100 1 100 1 8 1 10 8 1 10 12 1 8 1 10 12 1 10 12 1 1 10 100 1 8 1 10 11 7 12 1 1 1 10 12 1 1 10 12 1 1 10 12 1 1 9 12 1 1 100 1 10 12 1 7 1 10 12 1 10 12 1 1 10 100 1 10 12 1 10 12 10 12 1 10 12 1 10 12 1 1 10 12 1 9 12 1 10 7 12 1 1 8 1 10 7 12 1 1 1 8 1 10 100 12 1 1 1 9 12 1 100 1 10 7 1 10 10 7 12 1 1 1 7 1 10 10 7 12 1 1 1 7 1 9 12 1 1 1 1 1 1 1 1 1 1 1 1 1 1 1 1 1 1 1 1 1 1 1 1 1 1 1 1 1 1 1 1 1 1 1 1 1 1 1 1 1 1 1 1 1 1 1 1 1 1 1 1 1 1 1 1 1 1 1 1 1 1 1 1 1 1 1 1 1 1 1 1 1 1 1 1 1 1 1 1 1 1 1 1
staticfield java/lang/reflect/AccessibleObject reflectionFactory Ljdk/internal/reflect/ReflectionFactory; jdk/internal/reflect/ReflectionFactory
ciInstanceKlass java/lang/reflect/Member 1 1 37 100 1 10 12 1 1 100 1 100 1 1 1 1 3 1 3 1 1 1 1 1 1 1 1 1 1 1 1 1 1 1 1 1 1 1 1
ciInstanceKlass java/lang/reflect/Field 1 1 457 9 7 12 1 1 1 10 12 1 1 10 7 12 1 1 1 10 7 12 1 1 9 12 1 1 10 12 1 1 10 12 1 1 10 7 12 1 1 10 7 12 1 1 1 9 12 1 1 9 12 1 9 12 1 9 12 1 1 9 12 1 1 9 12 1 9 12 1 1 9 12 1 1 100 1 8 1 10 12 1 10 12 1 9 12 1 1 9 12 1 10 12 1 10 7 12 1 1 10 12 1 1 10 12 1 1 10 12 1 10 12 1 1 9 100 12 1 1 1 10 100 12 1 1 1 7 1 10 12 1 1 10 12 1 1 10 12 1 1 10 12 1 10 12 1 10 7 1 10 7 12 1 1 100 1 10 8 1 10 12 1 1 10 12 1 1 8 1 10 12 10 12 1 8 1 8 1 10 11 100 1 9 12 1 10 12 1 1 10 12 1 1 11 7 12 1 1 1 10 12 1 11 12 1 1 11 12 1 1 11 12 1 1 11 12 1 1 11 12 1 1 11 12 1 1 11 12 1 1 11 12 1 1 11 12 1 1 11 12 1 1 11 12 1 1 11 12 1 1 11 12 1 1 11 12 1 1 11 12 1 1 11 12 1 1 11 12 1 1 10 12 1 10 7 12 1 1 10 12 1 10 12 1 10 12 1 9 12 1 1 10 7 12 1 1 1 10 12 1 1 10 12 1 10 7 12 1 1 10 12 1 1 11 7 1 10 12 1 7 1 10 100 12 1 1 1 10 7 12 1 1 1 9 12 1 10 7 12 1 1 1 11 7 12 1 1 1 10 12 1 1 10 12 1 1 9 100 12 1 1 10 100 12 1 1 1 10 12 1 1 100 1 1 1 1 1 1 1 1 1 1 1 1 1 1 1 1 1 1 1 1 1 1 1 1 1 1 1 1 1 1 1 1 1 1 1 1 1 1 1 100 1 1 1 1 1 1 1 1 1 1 1 1 1 1 1 1 1 1 1 1 1 1 1 1 1 1 1 1 1 1 1 1 100 1 1 1 1 1 1 1 1 1 100 1 1
ciInstanceKlass java/lang/reflect/Parameter 0 0 243 10 100 12 1 1 1 9 100 12 1 1 1 9 12 1 1 9 12 1 1 9 12 1 10 12 1 1 10 12 1 1 10 100 12 1 1 1 100 1 10 10 12 1 1 11 100 12 1 1 1 10 12 1 10 100 12 1 1 1 10 12 1 1 10 12 1 10 12 1 8 1 8 1 10 100 12 1 1 1 10 12 1 10 12 9 100 12 1 1 1 10 100 12 1 1 1 10 12 1 8 1 10 12 1 9 12 1 1 10 12 1 1 9 12 1 1 10 12 1 1 10 12 1 1 10 12 1 1 10 12 1 10 10 12 1 10 100 12 1 1 1 10 12 1 1 11 100 12 1 1 10 100 12 1 1 100 1 10 100 12 1 1 1 10 12 1 1 10 12 1 1 10 12 1 1 10 12 1 1 9 12 1 100 1 10 11 12 1 1 11 12 1 1 100 1 1 1 1 1 1 1 1 1 1 1 1 1 1 1 1 1 1 1 1 1 1 1 1 1 1 1 1 1 1 1 1 1 1 1 1 1 1 1 1 1 100 1 1 1 1 1 1
instanceKlass java/lang/reflect/Constructor
instanceKlass java/lang/reflect/Method
ciInstanceKlass java/lang/reflect/Executable 1 1 577 10 7 12 1 1 1 10 7 12 1 1 1 10 7 12 1 1 1 11 7 12 1 1 1 10 7 12 1 1 1 10 12 1 1 10 7 12 1 1 1 10 7 12 1 1 1 10 12 1 8 1 10 10 12 1 1 10 12 1 1 10 7 12 1 1 1 18 12 1 1 11 7 12 1 1 1 8 1 8 1 8 1 10 7 12 1 1 1 11 12 1 1 7 1 8 1 8 1 10 12 1 100 1 8 1 10 12 1 8 1 11 100 12 1 1 1 100 1 11 7 12 1 1 1 11 12 1 8 1 18 8 1 10 12 1 10 12 1 1 18 8 1 10 12 1 100 1 10 12 1 10 12 1 11 12 1 10 12 1 1 8 1 8 1 10 12 1 1 10 12 1 1 10 10 12 1 9 100 12 1 1 1 10 100 12 1 1 1 10 12 1 10 12 1 1 10 7 12 1 1 10 12 1 10 12 1 10 12 1 10 12 1 1 10 100 12 1 1 10 12 1 10 12 1 1 9 100 12 1 1 1 10 100 12 1 1 10 12 1 8 1 10 12 1 10 12 1 3 100 1 8 1 10 12 1 10 12 1 10 10 12 1 10 12 1 1 8 1 8 1 8 1 9 12 1 1 9 12 1 10 12 1 100 1 8 1 10 12 1 10 12 1 10 12 1 1 10 12 1 1 10 12 1 10 12 10 12 1 7 1 10 12 1 10 12 1 1 100 1 10 100 12 1 1 1 7 1 10 7 12 1 1 1 10 12 1 1 11 7 12 1 1 10 7 12 1 1 10 100 12 1 1 1 10 12 1 1 9 12 1 10 12 1 1 10 12 1 10 12 1 1 9 100 12 1 1 1 10 100 12 1 1 1 10 12 1 10 12 1 1 9 12 1 10 10 10 10 100 12 1 1 1 10 12 1 9 12 1 10 12 1 1 9 12 1 100 1 100 1 1 1 1 1 1 1 1 1 1 1 1 1 1 1 1 1 1 1 1 1 1 1 1 1 1 1 1 1 1 1 1 1 1 1 1 100 1 1 1 1 1 1 1 1 100 1 1 1 1 1 1 1 1 1 1 1 1 100 1 1 1 1 1 1 1 1 1 1 1 1 1 1 1 1 1 1 1 1 1 1 1 1 1 1 1 1 1 1 1 1 1 1 1 1 1 1 1 1 1 1 1 100 1 1 1 1 1 1 1 1 1 1 1 1 1 1 1 1 1 1 1 1 1 1 100 1 100 1 1 16 15 16 1 16 1 15 10 12 16 15 10 7 12 1 1 1 1 1 1 100 1 1 100 1 100 1 1
ciInstanceKlass java/lang/reflect/Method 1 1 472 9 7 12 1 1 1 10 7 12 1 1 1 10 7 12 1 1 9 12 1 1 10 12 1 1 10 12 1 1 10 7 12 1 1 10 7 12 1 1 1 9 12 1 1 9 12 1 9 12 1 1 9 12 1 9 12 1 9 12 1 1 9 12 1 9 12 1 1 9 12 1 9 12 1 9 12 1 1 100 1 8 1 10 12 1 10 12 1 9 12 1 1 8 1 10 7 12 1 1 10 7 12 1 1 1 10 12 1 1 10 12 1 1 10 12 1 10 12 1 1 10 12 1 1 9 100 12 1 1 1 10 12 1 1 10 12 10 7 12 1 1 10 12 1 1 10 12 1 10 12 1 10 12 1 10 7 12 1 1 1 10 12 1 1 10 7 1 10 7 12 1 1 1 10 7 12 1 1 10 12 1 1 10 12 1 1 10 12 1 10 7 12 1 1 1 10 12 1 10 8 1 10 12 1 10 12 1 7 1 8 1 8 1 8 1 10 12 1 10 12 1 1 10 12 1 1 10 10 12 1 1 10 12 1 11 100 1 10 12 1 9 12 1 1 10 12 1 1 10 12 1 10 12 1 1 10 12 1 1 11 7 12 1 1 1 11 12 1 9 12 1 1 10 12 1 10 12 1 10 12 1 10 12 1 10 12 1 10 12 1 9 12 1 1 10 7 12 1 1 1 10 7 12 1 1 10 12 1 1 10 7 12 1 1 1 10 7 12 1 1 1 10 7 12 1 1 1 11 7 12 1 1 1 10 7 12 1 1 1 7 1 100 1 100 1 10 12 1 10 12 1 1 10 12 1 100 1 8 1 10 12 1 10 10 12 1 1 10 12 1 1 10 12 1 1 10 12 1 1 8 1 10 12 1 1 1 1 1 1 1 1 1 1 1 1 1 1 1 1 1 1 1 1 1 1 1 1 1 1 1 1 1 1 1 1 1 1 1 1 1 1 1 1 1 1 1 1 1 1 1 1 1 1 1 1 1 100 1 100 1 100 1 1 1 1 1 1 1 1 1 1 1 1 1 1 1 1 1 1 1 1 1 1 1 1 1 1 1 1 1 1
ciInstanceKlass java/lang/reflect/Constructor 1 1 439 10 100 12 1 1 1 10 100 12 1 1 9 7 12 1 1 1 10 12 1 1 10 12 1 1 10 100 12 1 1 9 12 1 1 10 7 12 1 1 1 9 12 1 1 9 12 1 1 9 12 1 9 12 1 1 9 12 1 9 12 1 1 9 12 1 1 9 12 1 100 1 8 1 10 12 1 10 12 1 9 12 1 1 10 7 12 1 1 10 7 12 1 1 1 10 12 1 1 10 12 1 1 10 12 1 7 1 100 1 8 1 10 10 12 1 10 12 1 10 12 1 1 10 12 1 1 9 100 12 1 1 1 10 7 12 1 1 10 12 1 1 10 12 1 10 12 1 1 10 100 12 1 1 1 10 100 12 1 1 10 12 1 1 10 12 1 10 100 12 1 1 1 8 1 10 10 12 1 100 1 8 1 10 12 1 10 12 1 1 10 12 1 1 10 12 1 10 12 1 10 12 1 1 10 12 1 1 9 12 1 1 10 12 1 1 10 12 1 1 10 12 1 1 11 7 12 1 1 1 10 12 1 1 10 12 1 10 12 1 10 12 1 8 1 9 12 1 1 10 7 12 1 1 1 10 7 12 1 1 10 12 1 1 10 12 1 1 10 12 1 1 10 12 1 1 10 12 1 9 100 12 1 1 10 12 1 10 12 1 10 12 1 100 1 8 1 10 10 12 1 1 10 12 1 10 10 12 1 1 10 12 1 1 10 100 12 1 1 1 11 100 12 1 1 1 10 12 1 1 9 100 12 1 1 1 10 100 12 1 1 1 10 12 1 1 1 1 1 1 1 1 1 1 1 1 1 1 1 1 1 1 1 1 1 1 1 1 1 1 1 1 1 1 1 1 1 1 1 1 1 1 1 1 1 1 1 1 1 1 1 1 1 1 1 1 100 1 100 1 100 1 100 1 1 1 1 1 1 1 1 1 1 1 1 1 1 1 1 1 1 1 1 1 1 1 1 1 1 1 1 1 1 1 1 1 100 1 1
ciInstanceKlass jdk/internal/vm/ContinuationScope 0 0 50 10 100 12 1 1 1 10 100 12 1 1 1 100 1 9 100 12 1 1 1 10 12 1 1 10 100 12 1 1 1 10 12 1 1 10 12 1 1 1 1 1 1 1 1 1 1 1 1 1
ciInstanceKlass jdk/internal/vm/Continuation 0 0 549 9 100 12 1 1 1 9 12 1 9 12 1 100 1 100 1 10 12 1 1 8 1 10 12 1 1 10 12 1 10 12 1 1 10 12 1 9 100 12 1 1 1 11 100 12 1 1 1 10 100 1 9 12 1 1 9 12 1 1 10 8 1 10 12 1 9 12 1 1 10 11 12 1 1 100 1 10 100 12 1 1 1 10 12 1 1 10 12 1 10 12 1 1 11 12 1 1 9 12 1 1 10 12 1 1 18 12 1 1 10 100 12 1 1 1 100 1 10 12 1 11 100 12 1 1 1 10 12 1 9 12 1 10 12 1 1 100 1 8 1 10 12 1 10 12 1 1 9 12 1 1 11 12 1 1 9 12 1 1 8 1 10 11 12 1 1 11 12 1 1 10 12 1 1 10 12 1 1 9 12 1 10 12 1 10 10 12 1 8 1 10 12 1 8 1 8 1 10 100 12 1 1 1 10 100 12 1 1 1 10 12 1 9 12 1 11 12 1 100 1 10 12 1 10 12 1 1 9 12 1 1 100 1 10 12 1 1 9 12 1 1 10 12 1 10 12 1 11 100 12 1 1 10 100 1 10 12 1 8 1 9 12 1 10 12 1 1 9 12 1 1 10 100 12 1 1 8 1 8 1 8 1 8 1 10 12 1 1 10 12 1 10 12 1 10 12 1 10 12 1 1 10 12 1 1 8 1 10 12 1 1 9 12 1 1 10 12 1 1 9 12 1 8 1 10 100 12 1 1 1 10 12 1 8 1 100 1 8 1 10 9 12 1 1 8 1 10 100 12 1 1 10 100 12 1 1 8 1 8 1 10 12 10 100 12 1 1 1 10 100 1 10 100 12 1 1 1 18 11 100 12 1 1 1 18 12 1 11 12 1 1 100 1 10 100 12 1 1 10 12 1 1 8 10 12 1 1 10 100 12 1 1 1 10 100 12 1 1 10 12 1 8 1 10 12 1 100 1 100 1 10 12 1 1 1 1 1 1 1 1 1 1 1 1 1 1 1 1 1 1 1 1 1 1 1 1 1 1 1 1 1 1 1 1 1 1 1 1 1 1 1 1 1 1 1 1 1 1 1 1 1 1 1 1 1 1 1 1 1 1 1 1 1 1 1 1 1 1 1 1 1 1 1 1 1 1 1 100 1 1 16 1 15 10 12 16 15 11 100 12 1 1 1 16 1 16 1 15 10 12 16 15 10 100 12 1 1 1 1 1 1 1 1 100 1 100 1 1
ciInstanceKlass jdk/internal/vm/StackChunk 0 0 34 10 100 12 1 1 1 9 100 12 1 1 1 9 12 1 1 9 12 1 9 12 1 1 1 1 1 1 1 1 1 1 1 1
instanceKlass jdk/internal/reflect/FieldAccessorImpl
instanceKlass jdk/internal/reflect/ConstructorAccessorImpl
instanceKlass jdk/internal/reflect/MethodAccessorImpl
ciInstanceKlass jdk/internal/reflect/MagicAccessorImpl 1 1 16 10 7 12 1 1 1 100 1 1 1 1 1 1 1 1
ciInstanceKlass jdk/internal/reflect/MethodAccessor 1 0 17 100 1 100 1 1 1 1 100 1 100 1 1 1 1 1 1
instanceKlass jdk/internal/reflect/DirectMethodHandleAccessor
ciInstanceKlass jdk/internal/reflect/MethodAccessorImpl 1 1 38 10 7 12 1 1 1 10 100 12 1 1 1 100 1 1 1 1 1 1 1 100 1 100 1 1 1 1 1 1 1 1 1 1 1 1 1 1
ciInstanceKlass jdk/internal/reflect/ConstructorAccessor 1 0 16 100 1 100 1 1 1 1 100 1 100 1 100 1 1 1
instanceKlass jdk/internal/reflect/SerializationConstructorAccessorImpl
instanceKlass jdk/internal/reflect/DirectConstructorHandleAccessor$NativeAccessor
instanceKlass jdk/internal/reflect/DirectConstructorHandleAccessor
instanceKlass jdk/internal/reflect/NativeConstructorAccessorImpl
ciInstanceKlass jdk/internal/reflect/ConstructorAccessorImpl 1 1 27 10 7 12 1 1 1 100 1 100 1 1 1 1 1 1 1 1 1 100 1 100 1 100 1 1 1
ciInstanceKlass jdk/internal/reflect/DelegatingClassLoader 1 1 18 10 7 12 1 1 1 100 1 1 1 1 1 1 1 1 1 1
ciInstanceKlass jdk/internal/reflect/ConstantPool 1 1 142 10 100 12 1 1 1 9 7 12 1 1 1 10 12 1 1 10 12 1 1 10 12 1 10 12 1 1 10 12 1 1 10 12 1 10 12 1 1 10 12 1 10 12 1 1 10 12 1 10 12 1 10 12 1 10 12 1 1 10 12 1 1 10 12 1 1 10 12 1 1 10 12 1 10 12 1 1 10 100 12 1 1 1 8 11 7 12 1 1 1 10 7 12 1 1 1 1 1 1 1 1 1 1 1 1 1 1 1 1 1 1 1 1 1 1 1 1 1 1 1 1 1 1 1 1 1 1 1 1 1 1 1 1 1 1 1 1 1 1 1 1
ciInstanceKlass jdk/internal/reflect/FieldAccessor 1 0 48 100 1 100 1 1 1 1 100 1 1 1 1 1 1 1 1 1 1 1 1 1 1 1 1 1 1 1 100 1 1 1 1 1 1 1 1 1 1 1 1 1 1 1 1 1 1 1
instanceKlass jdk/internal/reflect/MethodHandleFieldAccessorImpl
instanceKlass jdk/internal/reflect/UnsafeFieldAccessorImpl
ciInstanceKlass jdk/internal/reflect/FieldAccessorImpl 1 1 269 10 7 12 1 1 1 9 7 12 1 1 1 10 100 12 1 1 1 10 100 12 1 1 10 100 12 1 1 1 10 12 1 1 100 1 10 10 12 1 1 10 12 1 1 8 1 10 10 12 1 100 1 8 1 10 12 1 8 1 10 12 1 8 1 10 12 1 100 1 10 12 1 1 10 8 1 10 12 1 1 8 1 10 100 12 1 1 8 1 10 100 12 1 1 8 1 10 100 12 1 1 8 1 10 100 12 1 1 8 1 10 100 12 1 1 8 1 10 100 12 1 1 8 1 10 100 12 1 1 8 1 10 100 12 1 1 10 12 1 1 8 1 10 12 1 1 10 100 12 1 1 1 8 1 10 12 1 8 1 8 1 8 1 8 1 10 100 12 1 1 1 8 1 8 1 8 1 10 12 100 1 1 1 1 1 1 1 1 1 1 1 1 1 1 1 1 1 1 1 1 1 1 1 1 1 1 1 1 1 1 1 1 1 1 1 1 1 1 1 1 1 1 1 1 1 1 1 1 1 1 1 1 1 1 1 1 1 1 1 1 1 1 1 1 1 1 1 1 1 1 1 1 1 1 1 1 1 1 1 1 1 1 1 1 1 1 1 1
instanceKlass jdk/internal/reflect/UnsafeStaticFieldAccessorImpl
ciInstanceKlass jdk/internal/reflect/UnsafeFieldAccessorImpl 0 0 62 10 100 12 1 1 1 10 100 12 1 1 1 10 100 12 1 1 1 9 100 12 1 1 10 12 1 9 12 1 1 10 100 12 1 1 1 9 12 1 1 10 12 1 10 12 1 1 1 1 1 1 1 1 1 1 1 1 1 1 1 1
ciInstanceKlass jdk/internal/reflect/UnsafeStaticFieldAccessorImpl 0 0 47 10 100 12 1 1 1 9 100 12 1 1 1 10 100 12 1 1 1 9 12 1 1 8 11 100 12 1 1 1 10 100 12 1 1 1 1 1 1 1 1 1 1 1 1 1 1
ciInstanceKlass java/lang/annotation/Annotation 1 0 17 100 1 100 1 1 1 1 1 1 1 1 1 1 1 1 1
ciInstanceKlass jdk/internal/reflect/CallerSensitive 1 0 17 100 1 100 1 100 1 1 1 1 1 1 1 1 1 1 1
ciInstanceKlass jdk/internal/reflect/NativeConstructorAccessorImpl 0 0 125 10 100 12 1 1 1 9 100 12 1 1 1 100 1 10 12 1 9 12 1 1 9 12 1 1 10 100 12 1 1 1 10 100 12 1 1 1 10 100 12 1 1 1 9 12 1 9 12 1 1 9 12 1 1 10 100 12 1 1 1 100 1 10 10 12 1 1 10 12 1 10 12 1 1 10 12 1 100 1 10 12 1 1 10 12 1 1 8 10 12 1 1 1 1 1 1 1 1 1 1 1 1 1 1 1 1 1 1 1 1 1 1 100 1 100 1 100 1 1 1 1 1 1 1
instanceKlass java/lang/invoke/DelegatingMethodHandle
instanceKlass java/lang/invoke/BoundMethodHandle
instanceKlass java/lang/invoke/DirectMethodHandle
ciInstanceKlass java/lang/invoke/MethodHandle 1 1 736 100 1 9 7 12 1 1 1 10 7 12 1 1 1 10 7 12 1 1 1 7 1 7 1 10 12 1 1 9 12 1 1 10 12 1 10 12 1 1 10 12 1 1 10 100 12 1 1 1 10 12 1 1 10 12 1 1 11 100 12 1 1 1 10 12 1 1 10 12 1 10 12 1 10 12 1 1 9 12 1 1 9 12 1 1 10 100 12 1 1 1 10 12 1 1 10 12 1 10 12 1 100 1 100 1 10 8 1 10 12 1 1 10 12 1 8 1 10 12 1 1 10 12 1 10 7 12 1 1 1 10 12 1 1 10 12 1 1 10 12 1 1 10 7 12 1 1 1 10 12 1 1 10 12 1 1 10 12 1 10 12 1 1 10 100 12 1 1 10 7 12 1 1 10 12 1 10 12 1 10 12 1 1 10 12 1 1 10 12 1 1 10 12 1 1 10 7 12 1 1 1 10 7 12 1 1 1 10 12 1 1 10 12 1 1 10 12 1 1 8 1 10 7 12 1 1 1 8 1 10 12 1 10 12 1 1 10 12 1 1 10 12 1 8 1 10 12 1 1 8 1 10 12 1 8 1 10 100 12 1 1 1 9 12 1 1 100 1 10 9 100 12 1 1 1 9 100 1 8 1 10 12 1 1 10 12 1 10 12 1 1 10 12 1 10 12 1 1 10 12 1 10 12 1 1 10 12 1 10 12 1 1 10 12 1 1 8 1 10 12 1 1 8 1 10 12 1 10 12 1 1 10 12 1 10 12 1 10 12 1 1 9 100 12 1 1 1 10 12 1 1 11 12 1 10 12 1 10 12 1 1 10 100 12 1 1 100 1 11 12 1 10 100 1 11 12 1 100 1 10 12 1 11 12 1 9 100 12 1 1 1 11 12 1 1 11 100 12 1 1 1 10 12 1 1 9 12 1 11 12 1 9 12 1 9 12 1 9 12 1 11 12 1 1 9 12 1 9 12 1 9 12 1 9 12 1 9 12 1 9 12 1 9 12 1 8 1 10 12 1 10 12 1 8 1 10 12 1 10 12 1 10 12 1 1 10 10 10 7 12 1 1 10 12 1 1 100 1 100 1 8 1 8 1 10 10 12 1 1 10 12 1 10 12 1 100 1 10 100 12 1 1 1 10 9 7 12 1 1 1 10 12 1 1 10 12 1 1 8 1 8 1 10 100 12 1 1 9 12 1 9 12 1 1 9 12 1 1 10 12 1 7 1 10 12 1 10 12 1 1 9 12 1 1 9 12 1 1 10 7 12 1 1 1 11 7 12 1 1 9 12 1 10 12 1 1 10 12 1 9 12 1 10 12 1 8 10 12 1 1 8 1 1 1 1 1 1 1 1 100 1 1 1 1 1 1 1 1 1 1 1 1 1 1 1 1 1 1 1 1 1 1 1 1 1 1 1 1 1 1 100 1 1 1 1 1 1 1 1 1 1 1 1 1 1 1 1 1 1 1 1 1 1 1 1 1 1 1 1 1 1 1 1 1 1 1 1 1 1 1 1 1 1 1 1 1 1 1 1 1 1 1 1 1 1 1 1 1 1 1 1 1 1 1 1 1 1 1 1 1 1 1 1 1 1 1 1 1 1 1 1 1 1 1 1 1 1 100 1 1 100 1 100 1 100 1 1 100 1 1 100 1 1 1 1
staticfield java/lang/invoke/MethodHandle FORM_OFFSET J 20
staticfield java/lang/invoke/MethodHandle UPDATE_OFFSET J 13
staticfield java/lang/invoke/MethodHandle $assertionsDisabled Z 1
instanceKlass java/lang/invoke/DirectMethodHandle$StaticAccessor
instanceKlass java/lang/invoke/DirectMethodHandle$Interface
instanceKlass java/lang/invoke/DirectMethodHandle$Special
instanceKlass java/lang/invoke/DirectMethodHandle$Accessor
instanceKlass java/lang/invoke/DirectMethodHandle$Constructor
ciInstanceKlass java/lang/invoke/DirectMethodHandle 1 1 923 7 1 7 1 100 1 7 1 7 1 10 7 12 1 1 1 10 7 12 1 1 1 100 1 10 12 1 10 12 1 1 10 7 12 1 1 10 12 1 1 10 12 1 10 12 1 7 1 10 12 1 1 10 12 1 1 10 12 1 10 12 1 1 10 7 12 1 1 1 10 12 1 9 12 1 1 100 1 10 9 12 1 1 9 12 1 10 12 1 10 12 1 10 12 1 1 10 12 1 10 12 1 10 12 1 10 7 12 1 1 1 10 12 1 10 12 1 1 8 1 10 12 1 1 7 1 10 12 1 7 1 10 10 12 1 10 12 1 10 12 1 10 7 12 1 1 1 10 12 1 1 7 1 10 12 1 10 12 1 7 1 10 12 1 10 12 1 1 10 12 1 1 10 12 1 8 10 100 12 1 1 1 10 12 1 10 12 1 10 12 1 1 10 12 1 9 7 12 1 1 1 7 1 10 12 1 10 7 12 1 1 1 10 12 1 10 12 1 1 9 12 1 1 100 1 10 8 1 10 12 1 1 10 12 1 1 8 1 10 12 1 10 12 1 10 10 12 1 10 12 1 10 12 1 10 12 1 10 12 1 1 10 12 1 10 12 1 1 10 12 1 10 12 1 1 10 10 7 12 1 1 1 10 12 1 10 12 1 1 10 12 1 10 12 1 1 8 1 9 7 12 1 1 1 8 1 9 12 1 9 12 1 8 1 9 12 1 9 12 1 8 1 9 12 1 9 12 1 8 1 10 12 1 10 12 1 1 9 12 1 1 7 1 10 12 1 1 100 1 10 7 12 1 1 1 10 12 1 1 10 12 1 10 12 1 1 7 1 10 12 1 1 10 12 1 10 12 1 1 7 1 10 12 1 1 10 12 1 10 7 12 1 1 1 10 12 1 10 12 1 1 10 12 1 9 12 1 1 10 7 1 9 12 9 12 1 10 7 12 1 1 1 10 12 1 7 1 7 1 7 1 9 12 1 1 10 7 12 1 1 1 10 12 10 12 1 100 1 10 12 1 10 12 1 1 8 1 9 12 1 9 12 1 10 12 1 1 9 12 1 1 10 7 12 1 1 1 9 12 1 1 9 12 1 1 10 12 1 10 12 1 10 12 1 10 12 1 1 10 12 1 9 12 1 10 12 1 10 12 1 10 12 1 10 12 1 1 10 12 1 1 9 12 1 1 10 12 1 1 9 7 12 1 1 1 9 12 1 9 12 1 9 12 1 9 12 1 9 12 1 9 12 1 9 12 1 9 12 1 9 12 1 9 12 1 9 12 1 9 12 1 9 12 1 9 12 1 9 12 1 9 12 1 9 12 1 9 12 1 9 12 1 9 12 1 9 12 1 9 12 1 9 12 1 9 12 1 9 12 1 9 12 1 9 12 1 9 12 1 9 12 1 9 12 1 9 12 1 9 12 1 9 12 1 9 12 1 9 12 1 9 12 1 8 1 9 12 1 1 9 12 1 1 10 12 1 10 12 1 1 9 7 1 10 12 1 9 12 1 1 10 12 10 12 1 10 12 1 10 12 1 10 12 1 10 8 1 8 1 8 1 8 1 10 12 1 1 9 12 1 1 10 12 1 10 100 12 1 1 1 8 9 12 1 1 10 12 1 1 8 1 8 8 9 12 1 8 1 8 8 8 8 8 1 8 10 12 1 7 1 10 12 1 8 1 8 1 10 12 1 10 12 1 10 12 1 10 12 1 1 7 1 1 1 1 3 1 3 1 3 1 3 1 3 1 3 1 3 1 3 1 3 1 3 1 1 1 1 1 1 1 1 1 1 3 1 3 1 1 1 1 3 1 1 1 1 1 1 1 1 1 1 1 1 1 1 1 1 1 1 1 1 1 1 1 1 1 1 1 1 1 1 1 1 1 1 1 1 1 1 1 1 1 1 1 1 1 1 1 1 1 1 1 1 1 1 1 1 1 100 1 1 1 1 1 1 1 1 1 100 1 1 1 1 1 1 1 1 1 1 1 1 1 1 1 1 1 1 1 1 1 1 1 1 1 1 1 1 1 1 1 1 1 1 1 1 1 1 1 1 1 1 1 1 1 1 1 1 1 1 1 1
staticfield java/lang/invoke/DirectMethodHandle IMPL_NAMES Ljava/lang/invoke/MemberName$Factory; java/lang/invoke/MemberName$Factory
staticfield java/lang/invoke/DirectMethodHandle FT_UNCHECKED_REF I 8
staticfield java/lang/invoke/DirectMethodHandle ACCESSOR_FORMS [Ljava/lang/invoke/LambdaForm; 132 [Ljava/lang/invoke/LambdaForm;
staticfield java/lang/invoke/DirectMethodHandle ALL_WRAPPERS [Lsun/invoke/util/Wrapper; 10 [Lsun/invoke/util/Wrapper;
staticfield java/lang/invoke/DirectMethodHandle NFS [Ljava/lang/invoke/LambdaForm$NamedFunction; 12 [Ljava/lang/invoke/LambdaForm$NamedFunction;
staticfield java/lang/invoke/DirectMethodHandle OBJ_OBJ_TYPE Ljava/lang/invoke/MethodType; java/lang/invoke/MethodType
staticfield java/lang/invoke/DirectMethodHandle LONG_OBJ_TYPE Ljava/lang/invoke/MethodType; java/lang/invoke/MethodType
staticfield java/lang/invoke/DirectMethodHandle $assertionsDisabled Z 1
instanceKlass java/lang/invoke/VarHandleReferences$FieldStaticReadOnly
instanceKlass java/lang/invoke/VarHandleReferences$Array
instanceKlass java/lang/invoke/VarHandleLongs$Array
instanceKlass java/lang/invoke/VarHandleBooleans$FieldInstanceReadOnly
instanceKlass java/lang/invoke/VarHandleInts$FieldInstanceReadOnly
instanceKlass java/lang/invoke/VarHandleLongs$FieldInstanceReadOnly
instanceKlass java/lang/invoke/VarHandleByteArrayAsDoubles$ByteArrayViewVarHandle
instanceKlass java/lang/invoke/VarHandleByteArrayAsLongs$ByteArrayViewVarHandle
instanceKlass java/lang/invoke/VarHandleByteArrayAsFloats$ByteArrayViewVarHandle
instanceKlass java/lang/invoke/VarHandleByteArrayAsInts$ByteArrayViewVarHandle
instanceKlass java/lang/invoke/VarHandleByteArrayAsChars$ByteArrayViewVarHandle
instanceKlass java/lang/invoke/VarHandleByteArrayAsShorts$ByteArrayViewVarHandle
instanceKlass java/lang/invoke/VarHandleReferences$FieldInstanceReadOnly
ciInstanceKlass java/lang/invoke/VarHandle 1 1 473 10 7 12 1 1 1 10 7 12 1 1 9 12 1 1 9 12 1 1 100 1 10 8 1 10 12 1 1 10 7 12 1 1 1 10 12 1 1 10 100 12 1 1 1 9 100 12 1 1 1 10 12 1 1 10 100 12 1 1 1 10 12 1 1 9 12 1 10 12 1 9 12 1 1 10 7 12 1 1 10 12 1 9 100 12 1 1 1 9 12 1 1 10 12 1 1 100 1 100 1 10 8 1 10 12 1 1 10 12 1 8 1 10 12 1 10 12 1 9 12 1 1 9 12 1 10 12 1 10 12 1 1 10 12 1 10 10 100 12 1 1 1 10 12 1 1 10 12 1 1 10 100 12 1 1 1 10 100 12 1 1 1 10 100 12 1 1 1 9 12 1 1 9 10 12 1 10 12 1 10 12 1 1 10 12 1 10 100 12 1 1 1 9 12 1 1 10 12 1 1 9 12 1 10 12 1 10 12 1 10 100 12 1 1 100 1 10 9 7 12 1 1 1 9 12 1 1 10 7 12 1 1 1 10 12 1 10 12 1 10 12 1 10 12 1 10 12 1 10 12 1 1 8 10 12 1 1 7 1 10 12 1 1 100 1 1 1 1 1 1 1 1 1 1 1 1 1 1 1 1 1 1 1 1 1 1 1 1 1 1 1 1 1 1 1 1 1 1 1 1 1 1 1 1 1 1 1 1 1 1 1 1 1 1 1 1 1 1 1 1 1 1 1 1 1 1 1 1 1 1 1 1 100 1 1 1 1 1 1 1 1 100 1 1 1 1 1 1 1 1 1 1 1 1 100 1 100 1 1 100 1 100 1 100 1 100 1 100 1 100 1 100 1 100 1 100 1 100 1 100 1 100 1 100 1 100 1 100 1 100 1 100 1 100 1 100 1 100 1 100 1 100 1 100 1 100 1 100 1 100 1 100 1 100 1 100 1 100 1 100 1 100 1 100 1 100 1 100 1 1 1 1 1 1 100 1 1 1 100 1 1 100 1 100 1 100 1 100 1 100 1 100 1 1 1 1 100 1 100 1 100 1 100 1 100 1 100 1 100 1 100 1
staticfield java/lang/invoke/VarHandle VFORM_OFFSET J 16
staticfield java/lang/invoke/VarHandle $assertionsDisabled Z 1
ciInstanceKlass java/lang/invoke/MemberName 1 1 724 7 1 7 1 100 1 9 12 1 1 10 7 12 1 1 1 9 12 1 1 10 12 1 1 10 12 1 1 10 12 1 1 10 12 1 10 12 1 1 10 7 12 1 1 1 10 12 1 9 7 12 1 1 10 12 1 100 1 100 1 10 12 1 8 1 10 12 1 1 10 12 1 10 12 1 1 10 12 1 9 12 1 1 8 1 10 100 12 1 1 1 7 1 10 10 12 1 1 7 1 7 1 10 12 1 9 12 1 1 100 1 8 1 10 12 1 10 12 1 10 12 1 10 12 1 10 12 1 1 10 12 1 10 12 1 10 12 1 1 8 1 8 1 10 12 1 8 1 9 12 1 1 3 10 12 1 10 12 1 10 12 1 10 10 7 12 1 1 1 10 12 1 10 12 1 10 12 1 10 12 1 7 1 8 10 12 1 1 10 12 1 1 8 1 9 100 1 8 9 100 1 10 12 1 1 10 12 1 10 12 1 8 1 10 12 1 1 10 12 1 10 12 1 10 12 1 10 12 1 1 100 1 10 12 1 1 10 12 1 8 1 10 12 1 10 12 1 8 1 10 12 1 1 10 12 1 1 100 1 10 12 1 1 10 12 8 1 8 1 100 1 10 12 1 10 100 12 1 1 1 100 1 10 12 10 12 1 10 12 1 10 12 1 10 12 1 10 10 12 1 10 12 1 10 12 1 3 10 12 1 3 10 12 1 3 3 3 3 3 3 10 12 1 3 9 12 1 10 12 1 1 3 10 12 1 10 10 7 12 1 1 1 10 12 1 1 10 7 12 1 1 10 10 12 1 10 12 1 1 10 12 1 10 10 12 1 1 10 12 1 10 12 1 10 12 1 100 1 10 10 10 12 100 1 10 10 10 12 1 1 10 12 1 1 10 10 12 1 8 10 7 1 10 12 1 10 7 1 10 12 1 10 12 1 10 12 1 10 10 12 1 10 12 1 1 10 12 1 1 10 12 1 10 12 1 10 12 1 100 1 10 12 1 1 100 1 8 1 10 7 1 10 12 1 10 12 10 12 1 1 10 12 1 10 12 1 8 1 8 1 8 1 8 1 10 12 1 10 12 1 10 7 12 1 1 1 8 1 8 1 10 12 1 8 1 10 10 10 12 1 10 12 1 8 1 8 1 10 10 12 1 8 1 10 100 12 1 1 1 8 1 100 1 10 12 1 10 12 1 1 10 12 1 8 1 8 1 8 1 8 1 100 1 10 8 1 8 1 8 1 8 1 10 12 1 100 1 100 1 100 1 10 100 1 10 100 1 10 100 12 1 1 1 9 7 12 1 1 1 100 1 100 1 1 1 1 1 1 1 3 1 3 1 3 1 3 1 3 1 3 1 1 1 1 1 1 1 1 3 1 3 1 1 1 1 1 1 1 1 1 1 1 1 1 1 1 1 1 1 1 1 1 1 1 1 1 1 1 1 1 1 1 1 1 1 1 1 1 1 1 1 1 1 1 1 1 1 1 1 1 1 1 1 1 1 1 1 1 1 1 1 1 1 1 1 1 1 1 1 1 1 1 1 1 1 1 1 1 1 1 1 1 1 1 1 1 1 1 1 1 1 1 1 1 1 1 1 100 1 1 1 1 1 1 1 1 1 1 1 1 1 1 1
staticfield java/lang/invoke/MemberName $assertionsDisabled Z 1
ciInstanceKlass java/lang/invoke/ResolvedMethodName 1 1 16 10 100 12 1 1 1 100 1 1 1 1 1 1 1 1
ciInstanceKlass java/lang/invoke/MethodHandleNatives 1 1 690 100 1 10 7 12 1 1 1 9 7 12 1 1 1 10 12 1 1 100 1 10 10 12 1 1 10 12 1 10 12 1 8 1 8 1 8 1 8 1 8 1 8 1 8 1 8 1 8 1 8 1 10 12 1 1 7 1 10 7 12 1 1 1 10 100 12 1 1 1 7 1 10 10 12 1 1 8 1 10 12 1 8 1 10 12 1 1 8 1 10 12 1 1 9 100 12 1 1 1 8 1 10 100 12 1 1 1 100 1 10 12 100 1 100 1 8 1 7 1 10 10 12 1 7 1 9 7 12 1 1 10 12 1 1 10 12 1 10 7 12 1 1 1 10 12 1 1 9 12 1 8 1 10 12 1 1 10 12 1 8 1 10 12 1 1 7 1 10 12 1 10 7 12 1 1 1 10 12 1 10 12 1 1 10 12 1 1 8 1 10 12 1 1 8 1 10 12 1 8 1 8 1 8 1 100 1 10 12 1 8 1 10 100 12 1 1 1 10 12 1 1 10 100 12 1 1 10 10 12 1 1 10 12 1 10 100 12 1 1 1 100 1 8 1 10 100 12 1 1 1 7 1 8 1 10 12 1 8 1 8 1 8 1 8 1 8 1 10 12 1 1 10 12 1 1 10 12 1 10 12 1 1 10 12 1 1 7 1 10 12 1 100 1 100 1 10 12 1 10 12 1 8 1 8 1 10 10 12 1 1 10 12 1 1 8 1 10 100 12 1 1 8 1 8 1 10 12 1 1 10 7 12 1 1 1 100 1 10 12 1 1 7 1 9 12 1 1 10 7 12 1 1 1 10 10 12 1 9 12 1 10 12 1 9 12 1 9 12 1 10 12 1 1 10 12 1 10 12 1 1 7 1 7 1 10 12 1 1 10 12 1 10 12 1 1 10 7 12 1 1 1 10 12 1 8 1 10 12 1 10 12 1 10 12 1 1 10 12 1 10 7 12 1 1 1 10 12 1 1 100 1 8 1 10 9 7 12 1 1 1 10 12 1 1 10 12 1 1 100 1 10 12 1 1 10 12 1 1 100 1 100 1 10 10 100 1 100 1 10 100 1 10 10 12 1 1 10 100 1 10 12 1 10 12 1 1 10 12 1 1 10 12 1 1 10 12 1 10 12 1 1 10 8 1 10 12 1 10 12 1 10 12 1 10 12 1 10 12 1 1 10 12 1 10 12 1 10 12 1 10 10 7 12 1 1 10 12 1 1 1 1 1 1 1 1 1 1 1 1 1 100 1 1 1 1 1 1 1 1 1 1 1 1 1 1 1 1 1 1 1 1 1 1 1 1 1 1 1 1 1 1 1 1 1 1 1 1 1 1 1 1 1 1 1 1 1 1 1 1 1 1 1 1 1 1 1 1 1 1 1 1 1 1 1 1 1 100 1 1 1 1 1 1 1 1 1 1 1 1 1 1 1 1 1 1 1 1 1 1 1 1 1 1 1 1 1 1 1 1 1 100 1 1 1 1 1 1 1 1 1 1 1 1 1 1 1 1 1 1 1 1 1 1 1 1 1 1 100 1 1 1 1 1 1 1 100 1 1 1
staticfield java/lang/invoke/MethodHandleNatives $assertionsDisabled Z 1
ciInstanceKlass java/lang/invoke/LambdaForm 1 1 1059 7 1 100 1 10 7 12 1 1 1 9 12 1 1 9 12 1 9 12 1 9 12 1 1 9 12 1 1 9 12 1 1 9 12 1 1 9 12 1 1 9 12 1 10 7 12 1 1 9 12 1 10 12 1 1 100 1 10 10 12 1 1 10 12 1 10 12 1 10 12 1 1 10 12 1 9 12 1 9 12 1 10 12 1 1 10 7 12 1 1 1 10 12 1 1 9 100 12 1 1 1 10 12 1 1 9 7 12 1 1 10 12 1 10 12 1 1 10 12 1 1 10 12 1 1 7 1 10 7 12 1 1 1 10 12 1 1 10 12 1 10 12 1 1 9 12 1 1 9 12 1 9 12 1 1 10 12 1 9 12 1 10 100 12 1 1 1 10 12 1 1 100 1 10 12 1 9 12 1 1 10 100 12 1 1 1 10 12 1 10 12 1 7 1 10 12 1 10 12 1 10 12 1 1 10 12 1 1 10 12 1 10 12 1 10 12 1 10 12 1 1 8 1 10 12 1 10 12 1 10 10 12 1 8 1 8 1 9 12 1 9 12 1 1 10 12 1 1 10 12 1 9 12 1 10 12 1 1 10 7 12 1 1 1 10 12 1 1 10 12 1 10 12 1 10 100 12 1 1 1 9 12 1 10 12 1 8 1 8 1 8 1 8 1 8 1 8 1 8 1 8 1 10 12 1 9 12 1 7 1 10 12 1 1 9 12 1 10 12 1 10 12 1 1 10 12 10 12 1 10 12 1 1 10 12 1 1 10 10 12 1 1 10 12 1 1 7 1 8 1 10 12 1 1 10 12 1 10 12 1 1 10 8 1 10 12 1 1 8 1 8 1 8 1 10 12 1 10 12 1 10 12 1 1 100 1 10 12 1 1 10 12 1 1 10 7 12 1 1 1 10 12 1 1 9 12 1 1 8 1 10 100 12 1 1 1 10 7 12 1 1 10 12 10 12 1 1 10 12 1 1 9 12 1 8 10 12 1 1 100 1 10 12 1 1 10 12 1 9 7 12 1 1 9 100 12 1 1 1 8 1 10 100 12 1 1 10 12 1 1 100 1 100 1 10 10 12 1 1 10 12 1 1 8 1 8 1 100 1 8 1 10 12 10 12 1 10 12 1 10 12 1 1 8 1 8 1 10 12 1 10 12 1 1 8 1 8 1 8 1 100 1 8 1 100 1 8 1 100 1 8 1 10 12 1 8 1 9 10 7 12 1 1 1 10 12 1 9 12 1 1 10 12 1 10 10 12 1 10 12 1 10 12 1 10 12 1 1 10 12 1 10 12 1 1 10 12 1 1 10 12 1 1 10 12 1 1 8 1 100 10 12 1 10 12 1 9 12 1 1 10 7 12 1 1 8 1 8 1 100 1 8 1 8 1 8 1 8 1 8 1 8 1 8 1 8 1 10 12 1 1 10 12 1 1 10 12 1 10 12 1 10 12 1 10 12 1 8 1 8 1 8 1 10 12 1 8 1 10 12 1 8 1 8 1 8 1 8 1 8 1 10 12 1 10 12 1 10 12 1 1 10 7 12 1 1 1 10 12 1 10 12 1 10 12 1 10 12 1 10 12 1 10 12 1 10 12 1 9 12 1 1 8 1 10 12 1 1 9 12 1 1 10 12 1 1 9 12 1 9 12 1 1 9 12 1 9 12 1 1 7 1 10 7 12 1 1 1 9 12 1 10 12 1 10 12 1 8 1 10 12 1 9 12 1 1 7 1 10 7 12 1 1 1 8 1 100 1 10 12 1 9 12 1 9 12 1 10 12 1 10 12 1 10 7 12 1 1 1 10 12 1 9 7 12 1 1 10 12 1 1 10 12 1 10 12 1 10 12 1 9 12 10 12 1 10 10 12 1 9 12 1 9 9 12 1 7 9 12 1 1 10 12 1 1 9 12 1 10 12 1 10 7 1 9 1 1 1 1 3 1 3 1 1 3 1 3 1 1 1 1 1 1 1 1 1 1 1 1 1 1 1 1 1 1 1 1 1 1 1 1 1 1 1 1 1 1 1 1 1 1 1 1 1 1 1 1 1 1 1 1 1 1 1 1 1 1 1 100 1 1 1 1 1 1 1 1 1 1 1 1 1 1 1 1 1 1 1 1 1 1 1 1 1 1 1 1 1 1 1 1 1 1 1 1 1 1 1 1 1 1 1 1 1 1 1 1 1 1 1 1 1 1 1 1 1 1 1 1 1 1 100 1 1 1 1 1 1 1 1 1 1 1 1 1 1 1 1 1 1 1 1 1 1 1 1 1 1 1 1 1 1 1 1 1 1 100 1 1 1 1 1 1 1 1 1 1 1 1 1 1 1 1 1 1 1 1 1 1 100 1 1 1 100 1 1 100 1 1 1 1 1 1 1 1 1 1 1
staticfield java/lang/invoke/LambdaForm DEFAULT_CUSTOMIZED Ljava/lang/invoke/MethodHandle; null
staticfield java/lang/invoke/LambdaForm DEFAULT_KIND Ljava/lang/invoke/LambdaForm$Kind; java/lang/invoke/LambdaForm$Kind
staticfield java/lang/invoke/LambdaForm COMPILE_THRESHOLD I 0
staticfield java/lang/invoke/LambdaForm INTERNED_ARGUMENTS [[Ljava/lang/invoke/LambdaForm$Name; 5 [[Ljava/lang/invoke/LambdaForm$Name;
staticfield java/lang/invoke/LambdaForm IMPL_NAMES Ljava/lang/invoke/MemberName$Factory; java/lang/invoke/MemberName$Factory
staticfield java/lang/invoke/LambdaForm LF_identity [Ljava/lang/invoke/LambdaForm; 6 [Ljava/lang/invoke/LambdaForm;
staticfield java/lang/invoke/LambdaForm LF_zero [Ljava/lang/invoke/LambdaForm; 6 [Ljava/lang/invoke/LambdaForm;
staticfield java/lang/invoke/LambdaForm NF_identity [Ljava/lang/invoke/LambdaForm$NamedFunction; 6 [Ljava/lang/invoke/LambdaForm$NamedFunction;
staticfield java/lang/invoke/LambdaForm NF_zero [Ljava/lang/invoke/LambdaForm$NamedFunction; 6 [Ljava/lang/invoke/LambdaForm$NamedFunction;
staticfield java/lang/invoke/LambdaForm createFormsLock Ljava/lang/Object; java/lang/Object
staticfield java/lang/invoke/LambdaForm DEBUG_NAME_COUNTERS Ljava/util/HashMap; null
staticfield java/lang/invoke/LambdaForm DEBUG_NAMES Ljava/util/HashMap; null
staticfield java/lang/invoke/LambdaForm TRACE_INTERPRETER Z 0
staticfield java/lang/invoke/LambdaForm $assertionsDisabled Z 1
ciInstanceKlass java/lang/invoke/TypeDescriptor$OfMethod 1 0 43 100 1 100 1 100 1 1 1 1 1 1 1 1 1 1 1 1 1 1 1 1 1 1 1 1 1 1 1 1 1 1 1 1 1 1 1 1 1 1 100 1 1
ciInstanceKlass java/lang/invoke/MethodType 1 1 780 7 1 10 7 12 1 1 1 9 12 1 1 9 12 1 1 9 12 1 1 10 7 12 1 1 1 9 7 12 1 1 8 1 10 100 12 1 1 1 9 7 1 9 7 1 10 12 1 1 100 1 10 8 1 10 12 1 1 10 12 1 10 12 1 1 100 1 8 1 10 12 1 100 1 10 10 12 1 10 12 1 1 10 12 1 1 11 7 12 1 1 1 9 12 1 11 12 1 1 7 10 12 1 1 10 12 1 1 7 1 7 1 10 7 12 1 1 1 10 12 1 10 12 1 9 12 1 1 10 7 12 1 1 10 12 1 1 10 7 12 1 1 1 10 7 12 1 1 1 10 12 1 9 12 1 1 10 12 1 1 10 12 1 1 10 12 1 1 10 12 1 1 10 12 1 1 10 12 1 10 12 1 10 12 1 1 10 12 1 8 1 8 1 10 12 1 1 9 12 1 1 100 1 10 10 12 1 1 10 12 1 10 12 1 1 10 12 1 1 10 12 1 10 12 1 10 12 1 8 1 10 12 1 1 10 100 12 1 1 1 10 12 1 10 12 1 1 10 12 1 10 12 1 10 12 1 1 10 12 1 10 12 1 9 12 1 10 12 1 10 10 12 1 1 10 12 1 9 12 1 1 10 12 1 1 11 12 1 1 10 12 1 1 7 1 10 12 10 12 1 10 12 1 100 1 8 1 8 1 8 1 10 12 1 10 12 1 10 12 1 10 10 12 1 11 12 1 1 11 12 1 10 100 12 1 1 1 9 12 1 10 12 1 10 12 1 1 10 12 1 1 10 12 1 10 12 1 10 100 12 1 1 1 10 12 1 1 10 12 1 10 12 1 10 12 1 10 9 12 1 1 7 1 10 12 1 10 12 1 1 9 100 12 1 1 1 10 100 12 1 1 1 10 100 12 1 1 1 10 12 1 1 10 100 12 1 1 1 10 12 1 1 8 1 10 7 12 1 1 1 11 12 1 1 9 12 1 1 10 12 1 1 10 12 1 10 12 1 1 10 12 1 1 10 100 12 1 1 100 1 10 12 1 1 11 100 12 1 1 18 12 1 1 11 12 1 1 18 12 1 11 12 1 100 1 11 100 12 1 1 10 12 1 100 1 10 12 1 10 100 12 1 1 10 12 1 1 9 12 1 1 9 100 12 1 1 1 10 100 12 1 1 1 9 12 1 10 100 12 1 1 10 12 1 100 10 12 1 1 10 12 1 10 7 1 7 1 9 12 1 1 100 1 100 1 100 1 1 1 5 0 1 1 1 1 1 1 1 3 1 3 1 3 1 1 1 1 1 1 1 1 1 1 1 1 1 1 1 1 1 1 1 1 1 1 1 1 1 1 1 1 1 1 1 1 1 1 1 1 1 1 1 1 1 1 1 1 1 1 1 1 1 1 1 1 1 1 1 1 1 1 1 1 1 1 1 1 1 1 1 1 1 1 1 1 1 1 1 1 1 1 1 1 1 1 1 1 1 1 1 1 1 1 1 1 1 1 1 1 1 1 1 1 1 1 1 1 1 1 1 1 1 1 1 1 1 1 1 1 1 1 1 1 1 1 1 1 1 1 1 1 1 1 1 100 1 100 1 1 1 1 1 1 1 1 1 1 1 1 1 100 1 1 1 100 1 1 1 1 1 1 1 1 1 1 1 1 1 1 1 1 1 1 1 1 1 1 16 15 10 12 16 16 15 10 12 16 15 10 100 12 1 1 1 1 1 1 1 100 1 1 100 1 1 100 1 100 1 1
staticfield java/lang/invoke/MethodType internTable Ljava/lang/invoke/MethodType$ConcurrentWeakInternSet; java/lang/invoke/MethodType$ConcurrentWeakInternSet
staticfield java/lang/invoke/MethodType NO_PTYPES [Ljava/lang/Class; 0 [Ljava/lang/Class;
staticfield java/lang/invoke/MethodType objectOnlyTypes [Ljava/lang/invoke/MethodType; 20 [Ljava/lang/invoke/MethodType;
staticfield java/lang/invoke/MethodType METHOD_HANDLE_ARRAY [Ljava/lang/Class; 1 [Ljava/lang/Class;
staticfield java/lang/invoke/MethodType serialPersistentFields [Ljava/io/ObjectStreamField; 0 [Ljava/io/ObjectStreamField;
staticfield java/lang/invoke/MethodType $assertionsDisabled Z 1
ciInstanceKlass java/lang/BootstrapMethodError 0 0 45 10 100 12 1 1 1 10 12 1 10 12 1 10 100 12 1 1 1 10 100 12 1 1 1 1 1 1 5 0 1 1 1 1 1 1 1 1 1 1 1 100 1 1 1
instanceKlass java/lang/invoke/VolatileCallSite
instanceKlass java/lang/invoke/MutableCallSite
instanceKlass java/lang/invoke/ConstantCallSite
ciInstanceKlass java/lang/invoke/CallSite 1 1 307 10 7 12 1 1 1 10 7 12 1 1 1 9 7 12 1 1 1 10 12 1 1 9 12 1 1 10 7 12 1 1 1 10 12 1 100 1 10 12 1 1 10 12 1 1 9 100 12 1 1 1 10 100 12 1 1 10 12 1 1 100 1 100 1 10 10 100 12 1 1 1 10 12 1 1 8 1 10 12 1 10 12 1 1 10 12 1 10 12 1 1 10 12 1 1 10 10 100 12 1 1 10 12 1 1 9 12 1 9 100 12 1 1 1 8 1 10 7 12 1 1 1 10 12 1 1 100 1 10 12 1 1 9 12 1 8 1 100 1 10 12 1 10 12 1 100 1 8 1 10 10 12 1 10 12 1 1 100 1 10 12 1 1 10 12 1 10 12 1 10 12 1 1 10 12 1 1 9 12 1 1 8 10 12 1 1 9 12 1 1 100 1 10 10 12 1 10 100 12 1 1 1 10 12 1 1 10 12 1 1 10 12 1 10 7 12 1 1 1 100 1 8 1 10 10 12 10 12 1 1 100 1 100 1 100 1 8 1 10 12 1 10 7 12 1 1 1 1 1 1 1 1 1 1 1 1 1 1 1 1 1 1 1 1 1 1 1 1 1 1 1 1 1 1 1 1 1 1 1 1 1 1 1 1 1 1 1 1 1 1 1 1 1 1 1 1 1 1 1 100 1 100 1 1 1 1
staticfield java/lang/invoke/CallSite $assertionsDisabled Z 1
ciInstanceKlass jdk/internal/foreign/abi/NativeEntryPoint 0 0 194 10 100 12 1 1 1 9 100 12 1 1 1 9 12 1 1 100 1 8 1 10 12 1 10 12 1 1 100 1 10 100 12 1 1 1 10 12 1 9 12 1 1 18 12 1 1 10 100 12 1 1 1 10 100 12 1 1 1 9 100 12 1 1 1 100 1 10 8 1 10 12 1 1 10 12 1 10 12 1 1 8 1 10 12 1 1 100 1 8 1 10 12 1 10 12 1 1 10 12 1 9 12 1 1 18 12 1 1 10 100 12 1 1 1 10 12 1 1 10 12 1 10 100 12 1 1 1 10 1 1 1 1 1 1 1 1 1 1 1 1 1 1 1 1 1 1 1 1 1 1 1 1 1 1 1 1 1 1 1 1 1 1 1 1 1 16 1 15 10 12 16 1 16 15 10 12 15 10 100 12 1 1 1 1 1 100 1 1 100 1 100 1 1
ciInstanceKlass jdk/internal/foreign/abi/ABIDescriptor 0 0 55 10 100 12 1 1 1 9 100 12 1 1 1 9 12 1 1 9 12 1 9 12 1 9 12 1 1 9 12 1 9 12 1 1 9 12 1 9 12 1 9 12 1 9 12 1 1 1 1 1 1 1 1 1 1
ciInstanceKlass jdk/internal/foreign/abi/VMStorage 0 0 91 10 100 12 1 1 1 9 100 12 1 1 1 9 12 1 1 9 12 1 1 9 12 1 1 100 1 10 8 1 10 12 1 1 10 12 1 10 12 1 1 10 12 1 18 12 1 18 12 1 1 18 12 1 1 1 1 1 1 1 1 1 1 1 1 1 1 1 1 1 1 1 8 1 15 15 15 15 15 10 100 12 1 1 1 1 100 1 100 1 1
ciInstanceKlass jdk/internal/foreign/abi/UpcallLinker$CallRegs 0 0 66 10 100 12 1 1 1 9 100 12 1 1 1 9 12 1 18 12 1 1 18 12 1 1 18 12 1 1 1 1 1 1 1 1 1 1 1 1 1 1 1 1 1 1 100 1 1 1 8 1 15 15 15 10 100 12 1 1 1 1 1 100 1 100 1 1
ciInstanceKlass java/lang/invoke/MethodHandleNatives$CallSiteContext 1 1 49 10 7 12 1 1 1 7 1 10 10 7 12 1 1 1 10 7 12 1 1 1 10 7 12 1 1 1 100 1 1 1 1 1 1 1 1 1 1 1 1 1 1 1 1 1 100 1 1
ciInstanceKlass java/lang/invoke/ConstantCallSite 1 1 65 10 7 12 1 1 1 9 7 12 1 1 1 9 12 1 1 10 7 12 1 1 1 10 12 1 100 1 10 12 9 12 1 1 100 1 10 10 12 1 1 10 12 1 1 1 1 1 1 1 1 1 1 1 1 1 100 1 1 1 1 1 1 1 1
staticfield java/lang/invoke/ConstantCallSite UNSAFE Ljdk/internal/misc/Unsafe; jdk/internal/misc/Unsafe
ciInstanceKlass java/lang/invoke/MutableCallSite 0 0 63 10 100 12 1 1 1 10 12 1 9 100 12 1 1 1 10 12 1 10 12 1 1 9 12 1 1 10 100 12 1 1 1 10 100 12 1 1 1 10 12 1 1 1 1 1 1 1 1 1 1 1 1 1 1 1 1 1 1 100 1 1 1
ciInstanceKlass java/lang/invoke/VolatileCallSite 0 0 37 10 100 12 1 1 1 10 12 1 10 100 12 1 1 1 10 12 1 10 12 1 1 1 1 1 1 1 1 1 1 1 1 1 1 1 1
ciInstanceKlass java/lang/AssertionStatusDirectives 0 0 24 10 100 12 1 1 1 100 1 1 1 1 1 1 1 1 1 1 1 1 1 1 1 1
ciInstanceKlass java/lang/Appendable 1 0 14 100 1 100 1 1 1 1 100 1 1 1 1 1
instanceKlass java/lang/StringBuilder
instanceKlass java/lang/StringBuffer
ciInstanceKlass java/lang/AbstractStringBuilder 1 1 605 7 1 10 7 12 1 1 1 9 7 12 1 1 1 9 12 1 9 12 1 1 9 12 1 1 10 7 12 1 1 1 10 12 1 1 7 1 3 3 10 12 1 10 12 1 1 11 7 1 100 1 100 1 10 8 1 10 12 1 10 12 1 10 12 1 1 10 12 1 10 12 1 9 12 1 10 12 1 9 12 1 1 10 12 1 1 10 7 12 1 1 1 10 10 12 1 10 12 1 10 12 1 1 10 12 1 1 10 7 12 1 1 1 10 7 12 1 1 1 100 1 8 1 10 10 12 1 1 100 1 10 12 10 12 1 1 10 10 12 1 1 10 12 1 1 10 12 1 1 10 12 1 1 10 10 7 12 1 1 1 10 12 1 100 1 10 10 7 12 1 1 1 9 12 1 1 9 12 1 10 12 1 1 10 10 12 1 1 10 12 10 12 1 10 12 1 1 10 12 1 1 10 12 1 1 10 12 1 10 12 1 1 10 12 1 1 10 12 1 10 12 1 1 8 1 10 12 1 1 10 12 1 10 12 1 10 12 1 10 12 1 10 12 1 10 12 1 10 7 12 1 1 10 12 1 10 12 1 10 100 12 1 1 1 100 1 100 1 10 12 1 10 100 12 1 1 10 12 1 10 12 1 10 12 1 10 12 1 1 10 12 1 10 12 1 1 10 12 1 1 10 10 7 12 1 1 1 10 12 1 10 12 1 10 12 1 1 10 12 1 10 12 1 10 12 1 10 12 1 10 12 1 10 12 1 10 12 1 10 12 1 10 12 1 1 10 12 1 10 12 1 10 12 10 12 1 1 18 12 1 1 100 1 10 100 12 1 1 1 18 10 12 1 1 10 12 1 10 12 1 1 11 12 1 1 10 12 1 10 12 10 12 1 10 10 10 12 1 10 5 0 10 10 12 1 1 100 1 8 1 10 10 12 1 1 10 100 12 1 1 1 10 12 1 10 12 1 1 100 1 10 12 100 1 10 100 1 10 100 1 1 1 1 1 1 1 1 1 1 1 100 1 1 1 1 1 1 1 1 1 1 1 1 1 1 1 1 1 1 1 1 1 1 1 1 1 1 1 1 1 1 1 1 1 1 1 1 1 1 1 1 1 1 1 1 1 1 1 1 1 1 1 1 1 1 1 1 1 1 1 1 1 1 1 1 1 1 1 1 1 1 1 1 1 1 1 1 1 1 1 1 1 1 1 1 1 1 1 1 1 1 1 1 1 1 1 1 1 1 1 1 100 1 1 1 1 1 1 1 1 1 1 1 1 1 1 1 1 1 100 1 1 1 1 1 1 100 1 1 16 1 15 10 12 16 15 10 12 15 10 100 12 1 1 1 1 1 1 1 100 1 100 1 1
staticfield java/lang/AbstractStringBuilder EMPTYVALUE [B 0
ciInstanceKlass java/lang/StringBuffer 1 1 483 10 7 12 1 1 1 10 12 1 10 12 1 10 12 1 1 9 7 12 1 1 1 10 12 1 1 10 12 1 10 12 1 1 9 12 1 1 10 12 1 10 12 1 1 10 12 1 1 10 12 1 10 12 1 1 10 12 1 10 12 1 1 10 12 1 1 10 7 12 1 1 1 10 12 1 1 10 12 1 10 12 1 10 12 1 10 12 1 10 12 1 10 12 1 10 12 1 10 12 1 10 12 1 10 12 1 10 12 1 10 12 1 10 12 1 10 12 1 1 10 12 1 10 12 1 1 10 12 1 1 10 10 12 1 1 10 12 1 10 12 1 10 12 1 10 12 1 10 12 1 10 12 1 10 12 10 12 1 10 12 1 10 12 1 10 12 1 1 10 12 1 10 12 1 10 10 12 1 1 10 12 1 10 12 1 10 12 1 10 10 100 12 1 1 1 10 10 12 1 1 9 12 1 1 10 100 12 1 1 10 100 1 8 10 100 12 1 1 1 8 10 12 1 8 1 10 12 1 10 12 1 10 100 12 1 1 1 10 100 12 1 1 1 7 1 10 12 100 1 8 1 10 10 12 1 1 10 12 1 1 10 12 1 10 12 1 10 12 1 1 10 12 1 10 12 1 10 12 1 10 12 1 10 12 1 10 12 10 12 1 10 12 1 10 12 1 10 12 1 10 12 1 10 12 1 10 12 1 10 12 1 10 12 1 10 12 1 10 12 10 12 10 12 1 10 12 1 10 12 1 10 12 10 12 1 10 12 1 10 12 1 10 12 1 10 12 1 10 12 1 10 12 1 10 12 1 10 12 1 10 12 1 10 12 1 7 1 10 12 1 9 7 12 1 1 1 9 7 1 9 12 1 1 100 1 100 1 100 1 100 1 1 1 1 5 0 1 1 1 1 1 1 1 1 1 1 1 1 1 1 1 1 1 1 1 1 1 1 1 1 1 1 1 1 1 1 1 1 1 1 1 1 1 1 1 1 1 1 1 1 1 1 1 1 1 1 1 1 1 1 1 1 1 1 1 1 1 100 1 1 1 1 1 100 1 1 1 1 1 1 1 1 1 1 1 1 1 1 1 1 1 1
staticfield java/lang/StringBuffer serialPersistentFields [Ljava/io/ObjectStreamField; 3 [Ljava/io/ObjectStreamField;
ciInstanceKlass java/lang/StringBuilder 1 1 422 10 7 12 1 1 1 10 12 1 10 12 1 10 12 1 1 10 7 12 1 1 1 10 7 12 1 1 1 10 12 1 10 12 1 10 12 1 10 12 1 10 12 1 10 12 1 10 12 1 10 12 1 10 12 1 10 12 1 10 12 1 10 12 1 10 12 1 10 12 1 1 10 12 1 10 12 1 1 10 12 1 1 10 12 1 10 12 1 10 12 1 10 12 1 10 12 1 10 12 1 10 12 1 10 12 10 12 1 10 12 1 10 12 1 10 12 1 1 10 12 1 10 12 1 10 12 10 12 1 1 10 12 1 10 12 1 10 12 1 10 100 12 1 1 1 9 12 1 1 10 12 1 10 12 1 1 10 12 1 1 9 12 1 1 10 100 12 1 1 1 10 100 1 10 12 1 1 10 100 12 1 1 10 12 1 10 12 1 1 100 1 100 1 8 1 10 10 12 1 1 10 12 1 10 12 1 10 12 1 1 10 12 1 10 12 1 10 12 1 10 12 1 10 12 1 10 12 10 12 1 10 12 1 10 12 1 10 12 1 10 12 1 10 12 1 10 12 1 10 12 1 10 12 1 1 10 12 1 1 10 12 1 10 12 1 10 12 1 10 12 10 12 10 12 1 10 12 1 10 12 1 10 12 10 12 1 10 12 1 10 12 1 10 12 1 10 12 1 10 12 1 10 12 1 10 12 1 10 12 1 1 10 12 1 10 12 1 1 10 12 1 10 12 1 1 10 12 1 10 12 1 1 10 12 1 10 12 1 10 12 1 10 10 12 1 10 12 1 100 1 100 1 100 1 100 1 1 1 1 5 0 1 1 1 1 1 1 1 1 1 1 1 1 1 1 1 1 1 1 1 1 1 1 1 1 1 1 1 1 1 1 1 1 1 1 1 1 1 1 1 1 1 1 1 1 100 1 1 1 100 1 1 1 1 1 1 1 1 1 1 1
ciInstanceKlass jdk/internal/misc/UnsafeConstants 1 1 34 10 100 12 1 1 1 9 7 12 1 1 1 9 12 1 9 12 1 1 9 12 1 9 12 1 1 1 1 1 1 1 1 1
staticfield jdk/internal/misc/UnsafeConstants ADDRESS_SIZE0 I 8
staticfield jdk/internal/misc/UnsafeConstants PAGE_SIZE I 4096
staticfield jdk/internal/misc/UnsafeConstants BIG_ENDIAN Z 0
staticfield jdk/internal/misc/UnsafeConstants UNALIGNED_ACCESS Z 1
staticfield jdk/internal/misc/UnsafeConstants DATA_CACHE_LINE_FLUSH_SIZE I 0
ciInstanceKlass jdk/internal/misc/Unsafe 1 1 1287 10 7 12 1 1 1 9 7 12 1 1 1 9 12 1 1 10 12 1 1 10 7 12 1 1 1 10 12 1 1 10 12 1 1 10 12 1 1 10 12 1 1 10 12 1 1 10 12 1 1 10 12 1 1 10 12 1 1 10 12 1 1 10 12 1 1 10 12 1 1 10 12 1 1 10 12 1 1 10 12 1 10 12 1 100 1 10 10 12 1 1 10 12 1 1 5 0 10 12 1 1 10 12 1 1 10 7 12 1 1 1 10 12 1 1 10 12 1 10 12 1 10 12 1 1 10 12 1 1 10 12 1 10 12 1 100 1 100 1 10 8 1 10 12 1 1 10 12 1 8 1 10 12 1 1 10 12 1 10 12 1 10 12 1 1 10 12 1 10 12 1 1 10 12 1 1 10 12 1 10 12 1 10 12 1 10 12 1 1 10 12 1 10 12 1 10 12 1 1 10 12 1 5 0 5 0 5 0 10 12 1 10 12 1 10 12 1 10 12 1 10 12 1 10 12 1 10 12 1 10 12 1 10 12 1 1 10 12 1 10 12 1 100 1 8 1 10 100 1 10 10 12 1 1 10 12 1 1 10 12 1 10 12 1 1 10 12 1 1 10 12 1 10 12 1 1 10 12 1 9 7 12 1 1 9 12 1 100 1 10 10 12 1 1 8 1 10 8 1 8 1 10 12 1 1 9 7 12 1 1 1 9 100 1 9 7 1 9 7 1 9 9 100 1 9 7 1 9 100 1 10 12 1 1 10 12 1 1 10 12 1 1 10 12 1 1 5 0 5 0 9 12 1 1 10 12 1 10 12 1 10 12 1 1 10 12 1 1 10 12 1 8 1 3 10 12 1 1 10 12 1 1 10 12 1 10 12 1 1 10 12 1 1 10 12 1 10 12 1 10 12 1 10 12 1 10 12 1 10 12 1 1 10 12 1 1 10 12 1 10 12 1 10 12 1 10 12 1 10 12 1 10 12 1 1 10 12 1 1 10 12 1 10 12 1 10 12 1 10 12 1 10 12 1 10 12 1 1 10 12 1 1 10 12 1 1 10 12 1 1 10 12 1 10 12 1 10 12 1 10 12 1 10 12 1 10 12 1 10 12 1 1 10 12 1 1 10 12 1 10 12 1 10 12 1 10 12 1 10 12 1 10 12 1 10 12 1 1 10 12 1 1 10 12 1 10 12 1 10 12 1 10 12 1 10 12 1 10 12 1 10 12 1 10 12 1 1 10 12 1 10 12 1 10 12 1 10 12 1 10 12 1 1 10 12 1 10 12 1 10 12 1 10 12 1 10 12 1 10 12 1 10 12 1 10 12 1 1 10 12 1 10 12 1 10 12 1 10 12 1 10 12 1 10 12 1 1 10 12 1 10 12 1 10 12 1 1 10 12 1 10 12 1 10 12 1 10 12 1 10 12 1 10 12 1 10 12 1 10 12 1 10 12 1 10 12 1 10 12 1 10 12 1 10 12 1 10 12 1 10 12 1 10 12 1 10 12 1 10 12 1 10 12 1 10 12 1 10 12 1 10 12 1 10 12 1 100 1 10 100 1 10 9 12 1 5 0 10 12 1 1 5 0 10 12 1 5 0 10 12 1 10 12 1 10 12 1 1 10 12 1 1 10 12 1 10 12 1 10 12 1 10 12 1 1 10 12 1 10 12 1 10 12 1 10 12 1 10 12 1 1 10 12 1 10 12 1 10 12 1 10 12 1 1 10 12 1 10 12 1 10 12 1 1 10 12 1 10 12 1 10 12 1 10 12 1 1 10 12 1 10 10 12 1 1 10 12 1 10 12 1 1 10 12 1 10 12 5 0 5 0 5 0 10 12 1 1 10 12 1 10 12 1 10 12 10 100 12 1 1 8 1 100 1 11 12 1 1 8 1 11 12 1 1 10 100 12 1 1 10 12 1 10 12 1 10 12 1 10 12 1 10 12 1 1 10 12 1 10 12 1 10 12 1 10 12 1 10 12 1 10 12 1 10 7 1 10 12 1 9 12 1 7 1 9 12 1 7 1 9 12 1 7 1 9 12 1 7 1 9 12 1 7 1 9 12 1 7 1 9 12 1 7 1 9 12 1 7 1 9 12 1 10 12 1 9 12 1 9 12 1 9 12 1 9 12 1 9 12 1 9 12 1 9 12 1 9 12 1 9 12 1 9 12 1 1 1 3 1 1 1 1 1 1 1 1 1 1 1 1 1 1 1 1 1 1 1 1 1 1 1 1 1 1 1 1 1 1 1 1 1 1 1 1 1 1 1 1 1 1 1 1 1 1 1 1 1 1 1 1 1 1 1 1 1 1 1 1 1 1 1 1 1 1 1 1 1 1 1 1 1 1 1 1 1 1 1 1 1 1 1 1 1 1 1 1 1 100 1 1 1 1 1 1 1 1 1 1 1 1 1 1 1 1 1 1 1 1 1 1 1 1 1 1 1 1 1 1 1 1 1 1 1 1 1 1 1 1 1 1 1 1 1 1 1 1 1 1 1 1 1 1 1 1 1 1 1 1 1 1 1 1 1 1 1 1 1 1 1 1 1 1 1 1 1 1 1 1 1 1 1 1 1 1 1 1 1 1 1 1 1 1 1 1 1 1 1 1 1 1 1 1 1 1 1 1 1 1 1 1 1 1 1 1 1 1 1 1 1 1 1 1 1 1 1 1 1 1 1 1 1 1 1 1 1 1 1 1 1 1 1 1 1 1 1 1 1 1 1 1 1 1 1 1 1 1 1 1 1 1 1 1 1 1 1 1 1 1 1 1 1 1 1 1 1 1 1 1 1 1 1 1 1 1 1 1 1 1 1 1 1 1 1 1 1 1 1 1 1 1 1 1 1 1 3 1 1 1 1 1 1 1 1 1 1 1 1 1 1 1 1 1 1 1 1 1
staticfield jdk/internal/misc/Unsafe theUnsafe Ljdk/internal/misc/Unsafe; jdk/internal/misc/Unsafe
staticfield jdk/internal/misc/Unsafe ARRAY_BOOLEAN_BASE_OFFSET I 16
staticfield jdk/internal/misc/Unsafe ARRAY_BYTE_BASE_OFFSET I 16
staticfield jdk/internal/misc/Unsafe ARRAY_SHORT_BASE_OFFSET I 16
staticfield jdk/internal/misc/Unsafe ARRAY_CHAR_BASE_OFFSET I 16
staticfield jdk/internal/misc/Unsafe ARRAY_INT_BASE_OFFSET I 16
staticfield jdk/internal/misc/Unsafe ARRAY_LONG_BASE_OFFSET I 16
staticfield jdk/internal/misc/Unsafe ARRAY_FLOAT_BASE_OFFSET I 16
staticfield jdk/internal/misc/Unsafe ARRAY_DOUBLE_BASE_OFFSET I 16
staticfield jdk/internal/misc/Unsafe ARRAY_OBJECT_BASE_OFFSET I 16
staticfield jdk/internal/misc/Unsafe ARRAY_BOOLEAN_INDEX_SCALE I 1
staticfield jdk/internal/misc/Unsafe ARRAY_BYTE_INDEX_SCALE I 1
staticfield jdk/internal/misc/Unsafe ARRAY_SHORT_INDEX_SCALE I 2
staticfield jdk/internal/misc/Unsafe ARRAY_CHAR_INDEX_SCALE I 2
staticfield jdk/internal/misc/Unsafe ARRAY_INT_INDEX_SCALE I 4
staticfield jdk/internal/misc/Unsafe ARRAY_LONG_INDEX_SCALE I 8
staticfield jdk/internal/misc/Unsafe ARRAY_FLOAT_INDEX_SCALE I 4
staticfield jdk/internal/misc/Unsafe ARRAY_DOUBLE_INDEX_SCALE I 8
staticfield jdk/internal/misc/Unsafe ARRAY_OBJECT_INDEX_SCALE I 4
staticfield jdk/internal/misc/Unsafe ADDRESS_SIZE I 8
ciInstanceKlass jdk/internal/module/Modules 1 1 504 10 100 12 1 1 1 9 7 12 1 1 1 11 7 12 1 1 1 11 12 1 1 11 12 1 1 11 12 1 1 11 12 1 11 12 1 11 12 1 11 12 1 11 12 1 1 10 100 12 1 1 1 10 100 12 1 1 1 18 12 1 1 10 100 12 1 1 1 100 1 10 100 12 1 1 1 10 100 12 1 1 1 10 100 12 1 1 10 12 1 1 11 12 1 9 12 1 1 11 100 12 1 1 1 10 12 1 1 10 10 12 1 10 9 12 1 1 10 100 12 1 1 10 12 1 1 10 100 12 1 1 100 1 11 100 12 1 1 1 10 100 12 1 1 1 11 100 12 1 1 10 12 1 1 10 100 12 1 1 10 100 12 1 1 1 10 12 1 1 10 12 1 1 11 12 1 1 18 12 1 1 11 100 12 1 1 10 100 12 1 1 1 11 100 12 1 1 1 100 1 11 12 1 1 11 100 12 1 1 1 11 12 1 1 10 12 1 1 10 100 12 1 1 18 12 1 1 11 12 1 1 18 12 1 1 11 12 1 1 10 12 1 18 18 10 12 1 1 9 12 1 1 11 100 12 1 1 1 100 1 10 11 12 1 11 12 1 1 11 12 1 1 10 100 1 10 12 1 1 10 100 12 1 1 10 12 1 1 11 12 10 12 1 1 100 1 10 18 12 1 10 12 1 1 100 1 8 1 10 12 1 10 100 12 1 1 18 12 1 11 11 12 10 12 1 10 10 100 1 18 12 1 10 10 10 7 12 1 1 10 7 12 1 1 1 10 12 1 1 1 1 1 1 1 1 1 1 1 1 1 1 1 1 1 1 1 1 1 1 1 1 1 1 1 1 1 1 1 1 1 100 1 1 1 1 1 1 1 1 1 1 1 1 1 1 1 1 1 1 1 1 1 1 1 1 1 1 1 1 1 1 1 1 1 1 1 100 1 1 1 1 1 1 1 1 1 1 1 1 1 1 1 1 1 1 1 1 1 1 1 16 15 10 12 1 16 16 15 10 12 1 16 1 16 1 15 10 12 1 16 1 16 1 15 10 12 16 1 15 10 16 1 15 10 12 16 1 15 10 12 16 15 10 12 16 15 10 12 15 10 100 12 1 1 1 1 1 1 100 1 100 1 1
staticfield jdk/internal/module/Modules JLA Ljdk/internal/access/JavaLangAccess; java/lang/System$2
staticfield jdk/internal/module/Modules JLMA Ljdk/internal/access/JavaLangModuleAccess; java/lang/module/ModuleDescriptor$1
staticfield jdk/internal/module/Modules $assertionsDisabled Z 1
ciInstanceKlass java/lang/AutoCloseable 1 0 12 100 1 100 1 1 1 1 7 1 1 1
ciInstanceKlass java/io/Closeable 1 0 14 100 1 100 1 100 1 1 1 1 7 1 1 1
instanceKlass java/lang/ProcessBuilder$NullInputStream
instanceKlass com/teamdev/jxbrowser/deps/com/google/protobuf/IterableByteBufferInputStream
instanceKlass sun/net/www/protocol/http/EmptyInputStream
instanceKlass org/apache/http/conn/EofSensorInputStream
instanceKlass sun/nio/ch/NioSocketImpl$1
instanceKlass java/net/Socket$SocketInputStream
instanceKlass sun/security/ssl/SSLSocketImpl$AppInputStream
instanceKlass org/apache/http/impl/conn/LoggingInputStream
instanceKlass org/apache/http/impl/io/ContentLengthInputStream
instanceKlass org/apache/http/impl/io/EmptyInputStream
instanceKlass org/apache/http/impl/io/IdentityInputStream
instanceKlass org/apache/http/impl/io/ChunkedInputStream
instanceKlass org/apache/http/client/entity/DeflateInputStream
instanceKlass com/fasterxml/jackson/core/io/MergedStream
instanceKlass java/io/ObjectInputStream$PeekInputStream
instanceKlass java/io/ObjectInputStream$BlockDataInputStream
instanceKlass com/sun/imageio/plugins/common/InputStreamAdapter
instanceKlass java/io/SequenceInputStream
instanceKlass org/apache/xerces/impl/XMLEntityManager$RewindableInputStream
instanceKlass sun/nio/ch/ChannelInputStream
instanceKlass java/io/ObjectInputStream
instanceKlass java/util/zip/ZipFile$ZipFileInputStream
instanceKlass java/io/FilterInputStream
instanceKlass java/io/FileInputStream
instanceKlass java/io/ByteArrayInputStream
ciInstanceKlass java/io/InputStream 1 1 195 100 1 10 7 12 1 1 1 100 1 10 10 7 12 1 1 1 10 7 12 1 1 1 10 12 1 7 1 3 10 12 1 1 100 1 8 1 10 12 1 10 7 12 1 1 1 3 100 1 8 1 10 10 7 12 1 1 1 7 1 10 11 7 12 1 1 1 10 12 1 1 11 12 1 1 11 7 12 1 1 1 11 12 1 1 7 1 10 7 12 1 1 1 5 0 10 12 1 10 12 1 1 100 1 10 8 1 10 8 1 8 1 10 12 1 1 10 7 12 1 1 1 100 1 5 0 10 12 1 100 1 100 1 1 1 1 3 1 3 1 1 1 1 1 1 1 1 1 1 1 1 1 1 1 1 1 1 1 1 1 1 1 1 1 1 1 1 1 1 1 1 1 1 1 1 1 1 1 1 1 1 1 1 1 1 1 1 1 1 1 1 1 1 1
ciInstanceKlass java/io/ByteArrayInputStream 1 1 117 10 7 12 1 1 1 9 7 12 1 1 1 9 12 1 1 9 12 1 9 12 1 10 7 12 1 1 1 10 7 12 1 1 1 10 7 12 1 1 1 10 7 12 1 1 1 10 12 1 1 3 10 100 1 10 100 12 1 1 1 9 12 1 1 100 1 10 10 7 12 1 1 1 1 1 1 1 1 1 1 1 1 1 1 1 1 1 1 1 1 1 1 1 1 1 1 1 1 1 1 1 100 1 1 1 1 1 1 1 1 1 1 1 1 1 1
staticfield java/io/ByteArrayInputStream $assertionsDisabled Z 1
ciInstanceKlass java/net/URL 1 1 771 10 7 12 1 1 1 10 12 1 10 7 12 1 1 9 12 1 1 9 12 1 10 7 12 1 1 1 10 12 1 1 10 12 1 1 9 12 1 1 10 7 12 1 1 1 8 1 10 12 1 1 100 1 10 10 12 1 1 8 1 10 12 1 1 9 12 1 100 1 8 1 10 12 1 10 12 1 8 1 9 12 1 10 12 1 1 9 12 1 10 12 1 10 12 1 9 12 1 9 12 1 8 1 9 12 1 10 12 1 1 8 1 9 12 1 1 10 12 1 1 10 7 12 1 1 1 8 1 10 12 1 7 1 10 12 1 10 12 1 10 12 1 10 12 1 1 10 12 1 1 8 1 10 12 1 1 10 12 1 8 1 9 12 1 8 1 10 12 1 10 7 12 1 1 1 100 1 10 12 1 10 12 1 1 10 7 12 1 1 1 100 1 8 1 10 10 12 1 8 1 10 12 1 1 10 12 1 10 12 1 10 12 1 10 12 1 10 12 1 10 12 1 8 1 10 12 1 8 1 10 10 100 1 10 10 12 1 8 1 10 7 12 1 1 1 10 12 1 9 100 12 1 1 1 10 100 12 1 1 1 9 12 1 1 10 12 1 10 100 12 1 1 1 100 1 100 1 10 12 1 10 12 1 10 12 1 10 12 1 10 12 1 10 12 10 10 12 1 10 12 1 10 12 1 1 8 1 9 100 12 1 1 1 10 100 12 1 1 1 10 12 1 1 9 100 12 1 1 1 10 12 1 1 100 1 10 12 1 10 12 1 10 10 12 1 1 10 12 1 1 10 12 1 10 12 1 10 12 1 10 7 12 1 1 1 10 12 1 1 10 12 1 9 12 1 1 9 12 1 1 100 1 8 1 10 10 12 1 9 12 1 1 10 7 12 1 1 8 1 10 7 12 1 1 8 1 10 12 1 1 10 12 1 8 1 8 1 10 7 12 1 1 1 100 1 10 100 12 1 1 1 10 12 1 10 12 1 7 1 10 9 7 12 1 1 1 10 7 12 1 1 10 12 1 1 10 12 1 8 1 7 1 10 10 7 12 1 1 1 10 12 1 8 9 100 12 1 1 1 10 12 1 1 10 12 1 10 12 1 1 10 7 12 1 1 11 7 12 1 1 10 12 1 10 12 1 9 12 1 10 12 1 1 10 100 12 1 1 10 100 12 1 1 1 8 10 100 12 1 1 100 1 10 8 8 10 12 1 8 8 8 100 1 10 12 1 9 12 1 1 10 12 1 10 12 1 1 10 12 1 10 12 10 12 1 1 10 12 1 1 10 10 10 12 1 10 12 1 10 12 1 10 12 1 10 12 1 10 10 12 1 100 1 8 1 10 10 10 12 1 1 10 12 1 10 12 1 1 8 1 7 1 10 10 7 1 10 12 1 9 7 12 1 1 1 9 12 1 1 7 1 10 10 7 12 1 1 1 100 1 1 1 1 1 5 0 1 1 1 1 1 1 1 1 1 1 1 1 1 1 1 1 1 1 1 1 1 1 1 1 1 1 1 1 1 1 1 1 1 1 1 1 1 1 1 1 1 1 1 1 1 1 1 1 100 1 1 1 1 1 1 1 1 1 1 1 1 1 1 1 1 1 1 1 1 1 1 1 1 1 1 1 1 1 1 1 1 1 1 1 1 1 100 1 1 1 1 1 1 1 1 1 1 1 1 1 1 1 1 1 100 1 1 1 1 1 1 1 1 1 1 1 1 1 1 1 1 1 1 1
staticfield java/net/URL defaultFactory Ljava/net/URLStreamHandlerFactory; java/net/URL$DefaultFactory
staticfield java/net/URL streamHandlerLock Ljava/lang/Object; java/lang/Object
staticfield java/net/URL serialPersistentFields [Ljava/io/ObjectStreamField; 7 [Ljava/io/ObjectStreamField;
instanceKlass java/net/FactoryURLClassLoader
ciInstanceKlass java/net/URLClassLoader 1 1 600 10 7 12 1 1 1 7 1 10 12 1 9 7 12 1 1 1 10 7 12 1 1 1 9 12 1 1 7 1 10 12 1 9 12 1 1 10 12 1 10 10 12 1 10 7 12 1 1 1 10 12 1 1 10 7 12 1 1 1 10 7 12 1 1 1 7 1 10 12 1 1 10 12 1 1 10 12 1 1 100 1 100 1 10 7 12 1 1 1 100 1 8 1 10 12 1 10 100 12 1 1 1 10 12 1 1 10 12 1 1 11 7 12 1 1 1 11 7 12 1 1 1 11 12 1 1 7 1 11 12 1 11 7 12 1 1 10 12 1 11 12 1 11 12 1 1 11 10 12 1 1 10 12 1 1 10 12 1 1 7 1 10 12 1 10 12 1 1 7 1 100 1 10 12 1 1 7 1 10 10 12 1 1 10 7 12 1 1 10 12 1 100 1 100 1 10 8 1 10 12 1 1 8 1 10 12 1 1 10 10 12 1 8 1 8 1 10 12 1 1 10 7 12 1 1 1 10 7 12 1 1 1 10 12 1 1 10 12 1 1 10 12 1 1 10 12 1 10 12 1 100 1 100 1 8 1 10 12 1 10 12 1 1 10 12 1 1 7 1 10 12 1 10 7 12 1 1 1 10 12 1 1 10 12 1 1 10 12 1 1 10 12 1 10 7 12 1 1 1 10 12 1 1 8 1 10 12 1 1 11 7 12 1 1 1 9 7 12 1 1 1 10 7 12 1 1 1 9 12 1 9 12 1 9 12 1 9 12 1 9 12 1 9 12 1 10 7 12 1 1 1 8 1 10 12 1 1 7 1 10 10 12 1 10 12 1 1 10 12 1 1 100 1 10 12 1 10 12 1 1 10 12 1 10 12 1 1 7 1 10 7 12 1 1 9 7 12 1 1 1 10 12 1 8 1 100 1 8 1 10 12 1 10 12 1 8 1 10 12 1 10 12 1 9 12 1 1 10 100 12 1 1 10 12 1 10 12 1 10 100 1 8 1 10 100 1 10 12 1 10 7 12 1 100 1 10 12 1 10 12 1 7 1 10 10 7 12 1 1 1 1 1 1 1 1 1 1 1 1 1 1 1 1 1 1 1 1 1 1 1 1 1 1 1 1 1 1 1 1 1 1 1 1 1 100 1 100 1 100 1 100 1 1 1 1 1 1 1 1 1 1 1 1 1 1 1 1 1 1 1 1 1 1 1 1 1 1 1 1 1 1 1 1 1 1 1 1 1 1 1 1 1 1 1 1 1 1 100 1 1 1 1 1 1 1 1 1 1 1 1 1 1 1 1 1 1 1 1 1 1 1 1 1 1 1 1 1 1 1 1 1 1 1 1 1 100 1 1 1
instanceKlass com/teamdev/jxbrowser/internal/rpc/ExitCode
instanceKlass com/st/microxplorer/plugins/projectmanager/gui/CodeGenSorting$Status
instanceKlass com/l2fprod/common/util/TextPrompt$Show
instanceKlass com/st/microxplorer/plugins/projectmanager/model/ThreadSafeStrategyEnum
instanceKlass com/st/microxplorer/codegenerator/LibMethod$OsCallType
instanceKlass javax/swing/event/RowSorterEvent$Type
instanceKlass com/st/microxplorer/plugins/power/util/Constant$LoadFileType
instanceKlass com/st/microxplorer/plugins/clock/model/clocktree/Element$EventToSend
instanceKlass com/st/microxplorer/plugins/clock/model/clocktree/VariedSource$PinoutMode
instanceKlass com/st/microxplorer/plugins/pinoutconfig/engine/Package$pinLayout
instanceKlass com/st/microxplorer/peripheralpanel/PeriphMode$modeStatus
instanceKlass com/st/microxplorer/mcu/SwPackDiagnosticSeverity
instanceKlass org/sqlite/SQLiteLimits
instanceKlass org/sqlite/SQLiteOpenMode
instanceKlass org/sqlite/SQLiteConfig$HexKeyMode
instanceKlass org/sqlite/SQLiteConfig$DateClass
instanceKlass org/sqlite/SQLiteConfig$DatePrecision
instanceKlass org/sqlite/SQLiteConfig$TransactionMode
instanceKlass org/sqlite/SQLiteConfig$TempStore
instanceKlass org/sqlite/SQLiteConfig$SynchronousMode
instanceKlass org/sqlite/SQLiteConfig$LockingMode
instanceKlass org/sqlite/SQLiteConfig$JournalMode
instanceKlass org/sqlite/SQLiteConfig$Encoding
instanceKlass org/sqlite/SQLiteConfig$Pragma
instanceKlass com/st/microxplorer/plugins/thirdparty/model/ThirdPartyModelManager$ModelRefreshType
instanceKlass com/st/microxplorer/plugins/thirdparty/db/solver/getter/api/ApiAttribute
instanceKlass com/st/microxplorer/plugins/thirdparty/db/solver/condition/EvaluationContext
instanceKlass com/st/microxplorer/plugins/thirdparty/model/PackStatus
instanceKlass com/st/microxplorer/plugins/thirdparty/gui/controller/FilterCriterion
instanceKlass com/st/microxplorer/mcu/GPIOService$KeyType
instanceKlass com/teamdev/jxbrowser/frame/internal/rpc/Member$DescriptionCase
instanceKlass com/teamdev/jxbrowser/deps/com/google/common/collect/AbstractIterator$State
instanceKlass com/teamdev/jxbrowser/js/internal/rpc/JsValue$ValueCase
instanceKlass com/teamdev/jxbrowser/internal/rpc/OpenExternalApp$StageCase
instanceKlass com/teamdev/jxbrowser/internal/rpc/OpenFile$Response$ActionCase
instanceKlass com/teamdev/jxbrowser/internal/rpc/OpenFile$StageCase
instanceKlass com/teamdev/jxbrowser/js/internal/rpc/ShowConfirm$StageCase
instanceKlass com/teamdev/jxbrowser/plugin/internal/rpc/RequestPdfDocumentPassword$Response$ActionCase
instanceKlass com/teamdev/jxbrowser/plugin/internal/rpc/RequestPdfDocumentPassword$StageCase
instanceKlass com/teamdev/jxbrowser/internal/rpc/OpenFolder$Response$ActionCase
instanceKlass com/teamdev/jxbrowser/internal/rpc/OpenFolder$StageCase
instanceKlass com/teamdev/jxbrowser/internal/rpc/SaveFile$Response$ActionCase
instanceKlass com/teamdev/jxbrowser/internal/rpc/SaveFile$StageCase
instanceKlass com/teamdev/jxbrowser/js/internal/rpc/ShowPrompt$Response$ActionCase
instanceKlass com/teamdev/jxbrowser/js/internal/rpc/ShowPrompt$StageCase
instanceKlass com/teamdev/jxbrowser/print/internal/rpc/PrintAction
instanceKlass com/teamdev/jxbrowser/print/internal/rpc/Print$StageCase
instanceKlass com/teamdev/jxbrowser/internal/rpc/OpenFiles$Response$ActionCase
instanceKlass com/teamdev/jxbrowser/internal/rpc/OpenFiles$StageCase
instanceKlass com/teamdev/jxbrowser/internal/rpc/ShowContextMenu$Response$ActionCase
instanceKlass com/teamdev/jxbrowser/media/MediaType
instanceKlass com/teamdev/jxbrowser/menu/internal/rpc/ContextMenuContentType
instanceKlass com/teamdev/jxbrowser/internal/rpc/ShowContextMenu$StageCase
instanceKlass com/teamdev/jxbrowser/internal/rpc/BeforeFormRepost$StageCase
instanceKlass com/teamdev/jxbrowser/user/internal/rpc/UpdateUserDataProfile$Response$ActionCase
instanceKlass com/teamdev/jxbrowser/user/internal/rpc/UpdateUserDataProfile$StageCase
instanceKlass com/teamdev/jxbrowser/browser/internal/rpc/CreatePopup$Response$ActionCase
instanceKlass com/teamdev/jxbrowser/browser/internal/rpc/CreatePopup$StageCase
instanceKlass com/teamdev/jxbrowser/net/internal/rpc/SelectClientCertificate$Response$ActionCase
instanceKlass com/teamdev/jxbrowser/net/internal/rpc/SelectClientCertificate$StageCase
instanceKlass com/teamdev/jxbrowser/internal/rpc/SaveAsPdf$Response$ActionCase
instanceKlass com/teamdev/jxbrowser/internal/rpc/SaveAsPdf$StageCase
instanceKlass com/teamdev/jxbrowser/password/internal/rpc/UpdatePassword$Response$ActionCase
instanceKlass com/teamdev/jxbrowser/password/internal/rpc/UpdatePassword$StageCase
instanceKlass com/teamdev/jxbrowser/user/internal/rpc/SaveUserDataProfile$Response$ActionCase
instanceKlass com/teamdev/jxbrowser/user/internal/rpc/SaveUserDataProfile$StageCase
instanceKlass com/teamdev/jxbrowser/internal/rpc/ShowPopup$Response$KindCase
instanceKlass com/teamdev/jxbrowser/suggestions/SuggestionsPopupType
instanceKlass com/teamdev/jxbrowser/internal/rpc/ShowPopup$StageCase
instanceKlass com/teamdev/jxbrowser/js/internal/rpc/ShowAlert$StageCase
instanceKlass com/teamdev/jxbrowser/card/internal/rpc/SaveCreditCard$Response$ActionCase
instanceKlass com/teamdev/jxbrowser/card/internal/rpc/SaveCreditCard$StageCase
instanceKlass com/teamdev/jxbrowser/capture/internal/rpc/StartCaptureSession$Response$ActionCase
instanceKlass com/teamdev/jxbrowser/capture/internal/rpc/StartCaptureSession$StageCase
instanceKlass com/teamdev/jxbrowser/js/internal/rpc/BeforeUnload$StageCase
instanceKlass com/teamdev/jxbrowser/internal/rpc/SelectColor$Response$ActionCase
instanceKlass com/teamdev/jxbrowser/internal/rpc/SelectColor$StageCase
instanceKlass com/teamdev/jxbrowser/browser/internal/rpc/FocusRequest$Cause
instanceKlass com/teamdev/jxbrowser/net/internal/rpc/VerifyCertificate$Response$ValueCase
instanceKlass com/teamdev/jxbrowser/net/internal/rpc/VerifyCertificate$StageCase
instanceKlass com/teamdev/jxbrowser/password/internal/rpc/SavePassword$Response$ActionCase
instanceKlass com/teamdev/jxbrowser/password/internal/rpc/SavePassword$StageCase
instanceKlass com/teamdev/jxbrowser/net/internal/rpc/ProxyConfig$Type
instanceKlass com/teamdev/jxbrowser/net/NetError
instanceKlass com/teamdev/jxbrowser/frame/internal/rpc/SwitchPageContexts$StageCase
instanceKlass com/teamdev/jxbrowser/frame/internal/rpc/FinishFrameLoad$StageCase
instanceKlass com/teamdev/jxbrowser/frame/internal/rpc/InjectJs$StageCase
instanceKlass com/teamdev/jxbrowser/frame/internal/rpc/InjectCss$Response$ActionCase
instanceKlass com/teamdev/jxbrowser/frame/internal/rpc/InjectCss$StageCase
instanceKlass com/teamdev/jxbrowser/frame/internal/rpc/InvokeMethod$StageCase
instanceKlass com/teamdev/jxbrowser/frame/internal/rpc/GetObjectType$Response$ValueCase
instanceKlass com/teamdev/jxbrowser/frame/internal/rpc/GetObjectType$StageCase
instanceKlass com/teamdev/jxbrowser/frame/internal/rpc/ReadField$Response$ValueCase
instanceKlass com/teamdev/jxbrowser/frame/internal/rpc/ReadField$StageCase
instanceKlass com/teamdev/jxbrowser/frame/internal/rpc/MemberUpdateError
instanceKlass com/teamdev/jxbrowser/frame/internal/rpc/UpdateField$Response$ValueCase
instanceKlass com/teamdev/jxbrowser/frame/internal/rpc/UpdateField$StageCase
instanceKlass com/st/microxplorer/mcu/Middleware$MigrationState
instanceKlass com/teamdev/jxbrowser/frame/internal/rpc/MemberAccessError
instanceKlass com/teamdev/jxbrowser/frame/internal/rpc/CanAccessMember$Response$ValueCase
instanceKlass com/teamdev/jxbrowser/frame/internal/rpc/MemberType
instanceKlass com/teamdev/jxbrowser/frame/internal/rpc/CanAccessMember$StageCase
instanceKlass com/teamdev/jxbrowser/dom/internal/rpc/StorageType
instanceKlass com/teamdev/jxbrowser/download/internal/rpc/StartDownload$Response$KindCase
instanceKlass com/teamdev/jxbrowser/download/internal/rpc/StartDownload$StageCase
instanceKlass com/teamdev/jxbrowser/extensions/internal/rpc/OpenExtensionActionPopup$StageCase
instanceKlass com/teamdev/jxbrowser/browser/internal/rpc/OpenPopup$StageCase
instanceKlass com/teamdev/jxbrowser/browser/internal/rpc/TerminateRenderProcess$StageCase
instanceKlass com/teamdev/jxbrowser/browser/internal/rpc/StartRenderProcess$StageCase
instanceKlass java/awt/event/FocusEvent$Cause
instanceKlass sun/java2d/marlin/DMarlinRenderingEngine$NormMode
instanceKlass javax/swing/SwingWorker$StateValue
instanceKlass com/st/microxplorer/plugins/thirdparty/ThirdPartyMcuManager$SupportedCore
instanceKlass com/teamdev/jxbrowser/frame/internal/rpc/DeleteFrame$StageCase
instanceKlass com/teamdev/jxbrowser/frame/internal/rpc/CreateFrame$StageCase
instanceKlass com/teamdev/jxbrowser/browser/internal/rpc/Paint$StageCase
instanceKlass com/teamdev/jxbrowser/profile/internal/rpc/BrowserWindowType
instanceKlass com/teamdev/jxbrowser/os/internal/rpc/HideOnScreenKeyboard$StageCase
instanceKlass com/teamdev/jxbrowser/os/internal/rpc/ShowOnScreenKeyboard$StageCase
instanceKlass com/teamdev/jxbrowser/os/internal/rpc/CloseMemory$StageCase
instanceKlass com/teamdev/jxbrowser/os/internal/rpc/OpenMemory$StageCase
instanceKlass com/teamdev/jxbrowser/net/internal/rpc/InterceptRequest$Response$ActionCase
instanceKlass com/teamdev/jxbrowser/net/internal/rpc/InterceptRequest$StageCase
instanceKlass java/nio/file/StandardCopyOption
instanceKlass com/teamdev/jxbrowser/internal/rpc/StreamData$StageCase
instanceKlass com/teamdev/jxbrowser/internal/rpc/Status
instanceKlass com/teamdev/jxbrowser/internal/rpc/RpcRequest$DataCase
instanceKlass com/teamdev/jxbrowser/internal/rpc/stream/Interceptor$Action
instanceKlass com/teamdev/jxbrowser/internal/licensing/LicenseVerificationStatus
instanceKlass com/teamdev/jxbrowser/internal/rpc/transport/SharedMemoryTransport$ConnectionState
instanceKlass com/teamdev/jxbrowser/internal/rpc/ConnectionType
instanceKlass com/st/ipmodeconfigmanager/engine/EngineConstants$LogicalOperator
instanceKlass com/teamdev/jxbrowser/internal/ProcessDpiAwareness
instanceKlass com/teamdev/jxbrowser/engine/PasswordStore
instanceKlass com/st/microxplorer/plugins/thirdparty/xml/XmlThirdPartyPack$XmlPackCompatibiltyStatus
instanceKlass com/st/microxplorer/plugins/thirdparty/engine/EngineStatus
instanceKlass com/teamdev/jxbrowser/internal/JniLibraryName
instanceKlass com/teamdev/jxbrowser/internal/rpc/transport/ConnectionServer$State
instanceKlass com/teamdev/jxbrowser/internal/BinariesListing
instanceKlass com/teamdev/jxbrowser/internal/ChromiumExecutable$Branding
instanceKlass com/teamdev/jxbrowser/deps/com/google/protobuf/WireFormat$Utf8Validation
instanceKlass com/teamdev/jxbrowser/deps/com/google/protobuf/Descriptors$FileDescriptor$Syntax
instanceKlass com/teamdev/jxbrowser/deps/com/google/protobuf/Descriptors$DescriptorPool$SearchFilter
instanceKlass com/teamdev/jxbrowser/deps/com/google/protobuf/Descriptors$FieldDescriptor$JavaType
instanceKlass com/teamdev/jxbrowser/deps/com/google/protobuf/Descriptors$FieldDescriptor$Type
instanceKlass com/teamdev/jxbrowser/deps/com/google/protobuf/WireFormat$JavaType
instanceKlass com/teamdev/jxbrowser/deps/com/google/protobuf/WireFormat$FieldType
instanceKlass com/teamdev/jxbrowser/deps/com/google/protobuf/DescriptorProtos$FileOptions$OptimizeMode
instanceKlass com/teamdev/jxbrowser/deps/com/google/protobuf/DescriptorProtos$FieldDescriptorProto$Type
instanceKlass com/teamdev/jxbrowser/deps/com/google/protobuf/DescriptorProtos$FieldDescriptorProto$Label
instanceKlass com/teamdev/jxbrowser/net/internal/NonInterceptableScheme
instanceKlass com/teamdev/jxbrowser/engine/ProprietaryFeature
instanceKlass com/teamdev/jxbrowser/engine/Language
instanceKlass com/teamdev/jxbrowser/logging/Level
instanceKlass com/teamdev/jxbrowser/logging/LoggerProvider
instanceKlass com/teamdev/jxbrowser/deps/com/google/protobuf/Extension$ExtensionType
instanceKlass com/teamdev/jxbrowser/engine/RenderingMode
instanceKlass com/st/microxplorer/mcu/bootpath/IBootPathService$BootPathType
instanceKlass com/st/microxplorer/externaltools/STToolsIconsPanel$OS_TYPE
instanceKlass sun/security/ssl/SSLMasterKeyDerivation
instanceKlass sun/security/ssl/X509Authentication
instanceKlass sun/net/www/protocol/http/HttpURLConnection$TunnelState
instanceKlass javax/swing/text/html/StyleSheet$BoxPainter$HorizontalMargin
instanceKlass org/apache/poi/ss/usermodel/BorderStyle
instanceKlass sun/security/ssl/Alert$Level
instanceKlass sun/security/ssl/Alert
instanceKlass org/apache/http/conn/ssl/DefaultHostnameVerifier$HostNameType
instanceKlass javax/net/ssl/SSLEngineResult$HandshakeStatus
instanceKlass sun/security/ssl/Finished$VerifyDataScheme
instanceKlass sun/security/validator/CADistrustPolicy
instanceKlass java/text/Normalizer$Form
instanceKlass sun/security/ssl/SSLTrafficKeyDerivation$KeySchedule
instanceKlass sun/security/ssl/SSLTrafficKeyDerivation
instanceKlass sun/security/ssl/SSLSecretDerivation$SecretSchedule
instanceKlass sun/security/ssl/ContentType
instanceKlass sun/security/ssl/SSLKeyExchange$T12KeyAgreement
instanceKlass sun/security/ssl/PskKeyExchangeModesExtension$PskKeyExchangeMode
instanceKlass sun/security/ssl/ECPointFormatsExtension$ECPointFormat
instanceKlass sun/security/ssl/CertStatusExtension$CertStatusRequestType
instanceKlass sun/security/ssl/SSLExtension
instanceKlass sun/security/ssl/SignatureScheme$SigAlgParamSpec
instanceKlass sun/security/ssl/SignatureScheme
instanceKlass sun/security/ssl/ClientAuthType
instanceKlass sun/security/ssl/SSLHandshake
instanceKlass java/net/Proxy$Type
instanceKlass java/net/StandardProtocolFamily
instanceKlass org/apache/http/conn/routing/RouteInfo$LayerType
instanceKlass org/apache/http/conn/routing/RouteInfo$TunnelType
instanceKlass org/apache/http/auth/AuthProtocolState
instanceKlass org/apache/http/impl/cookie/RFC6265CookieSpecProvider$CompatibilityLevel
instanceKlass org/apache/http/impl/cookie/DefaultCookieSpecProvider$CompatibilityLevel
instanceKlass sun/security/rsa/RSAUtil$KeyType
instanceKlass sun/security/ssl/NamedGroup
instanceKlass sun/security/ssl/NamedGroup$NamedGroupSpec
instanceKlass sun/security/ssl/CipherSuite$KeyExchange
instanceKlass sun/security/ssl/CipherSuite$MacAlg
instanceKlass sun/security/ssl/CipherSuite$HashAlg
instanceKlass sun/security/ssl/CipherType
instanceKlass sun/security/ssl/SSLCipher
instanceKlass sun/security/ssl/CipherSuite
instanceKlass java/security/CryptoPrimitive
instanceKlass sun/security/util/DisabledAlgorithmConstraints$Constraint$Operator
instanceKlass sun/security/ssl/ProtocolVersion
instanceKlass org/apache/http/conn/util/DomainType
instanceKlass javax/xml/catalog/CatalogFeatures$State
instanceKlass javax/xml/catalog/CatalogFeatures$Feature
instanceKlass com/sun/org/apache/xalan/internal/utils/XMLSecurityPropertyManager$Property
instanceKlass com/sun/org/apache/xalan/internal/utils/FeaturePropertyBase$State
instanceKlass com/st/microxplorer/plugins/power/gui/common/PowerIconsList
instanceKlass javax/swing/SortOrder
instanceKlass org/jdesktop/swingx/JXCollapsiblePane$Direction
instanceKlass org/jdesktop/swingx/ScrollableSizeHint
instanceKlass org/jdesktop/swingx/painter/AbstractAreaPainter$Style
instanceKlass org/jdesktop/swingx/painter/AbstractLayoutPainter$HorizontalAlignment
instanceKlass org/jdesktop/swingx/painter/AbstractLayoutPainter$VerticalAlignment
instanceKlass org/jdesktop/swingx/painter/AbstractPainter$Interpolation
instanceKlass javax/swing/text/PlainView$FPMethodArgs
instanceKlass com/fasterxml/jackson/annotation/JsonFormat$Feature
instanceKlass com/fasterxml/jackson/databind/util/AccessPattern
instanceKlass com/fasterxml/jackson/annotation/JsonProperty$Access
instanceKlass com/fasterxml/jackson/databind/cfg/ConstructorDetector$SingleArgConstructor
instanceKlass com/fasterxml/jackson/databind/AnnotationIntrospector$ReferenceProperty$Type
instanceKlass com/fasterxml/jackson/annotation/PropertyAccessor
instanceKlass com/fasterxml/jackson/core/JsonToken
instanceKlass com/fasterxml/jackson/core/StreamReadCapability
instanceKlass com/fasterxml/jackson/core/JsonEncoding
instanceKlass com/fasterxml/jackson/core/JsonParser$NumberType
instanceKlass com/fasterxml/jackson/databind/DeserializationFeature
instanceKlass com/fasterxml/jackson/databind/cfg/JsonNodeFeature
instanceKlass com/fasterxml/jackson/databind/cfg/EnumFeature
instanceKlass com/fasterxml/jackson/databind/SerializationFeature
instanceKlass com/fasterxml/jackson/core/util/Separators$Spacing
instanceKlass com/fasterxml/jackson/databind/MapperFeature
instanceKlass com/fasterxml/jackson/annotation/JsonFormat$Shape
instanceKlass com/fasterxml/jackson/databind/cfg/CoercionInputShape
instanceKlass com/fasterxml/jackson/databind/cfg/CoercionAction
instanceKlass com/fasterxml/jackson/databind/type/LogicalType
instanceKlass com/fasterxml/jackson/annotation/JsonAutoDetect$Visibility
instanceKlass com/fasterxml/jackson/annotation/Nulls
instanceKlass com/fasterxml/jackson/annotation/JsonInclude$Include
instanceKlass com/fasterxml/jackson/core/JsonGenerator$Feature
instanceKlass com/fasterxml/jackson/core/JsonParser$Feature
instanceKlass com/fasterxml/jackson/core/JsonFactory$Feature
instanceKlass com/fasterxml/jackson/core/Base64Variant$PaddingReadBehaviour
instanceKlass com/fasterxml/jackson/databind/util/internal/PrivateMaxEntriesMap$DrainStatus
instanceKlass com/st/microxplorer/plugins/thirdparty/xml/SoftwarePackStatus
instanceKlass com/st/microxplorer/plugins/thirdparty/xml/PackRequirement$PackRequirementStatus
instanceKlass com/st/microxplorer/plugins/thirdparty/model/DependencyResolutionStatus
instanceKlass com/st/microxplorer/plugins/thirdparty/model/DependencyStatus
instanceKlass com/st/microxplorer/plugins/thirdparty/db/solver/getter/processor/ProcessorAttribute
instanceKlass com/st/microxplorer/plugins/thirdparty/db/solver/getter/toolchain/ToolchainAttribute
instanceKlass com/st/microxplorer/plugins/thirdparty/db/solver/getter/component/ComponentAttribute
instanceKlass com/st/microxplorer/plugins/thirdparty/db/solver/matcher/TestMatcherType
instanceKlass com/st/microxplorer/plugins/thirdparty/db/solver/getter/device/DeviceAttribute
instanceKlass com/st/components/pdscmanager/xml/PackXsdList
instanceKlass com/vdurmont/semver4j/Semver$SemverType
instanceKlass com/st/microxplorer/plugins/thirdparty/ThirdParty$ThirdPartyUiOpeningMode
instanceKlass jdk/internal/icu/util/CodePointTrie$ValueWidth
instanceKlass jdk/internal/icu/util/CodePointTrie$Type
instanceKlass com/st/microxplorer/mcu/MiddleWareConstants$RtosType
instanceKlass com/st/microxplorer/mcu/rtos/RtosApiDefinition$RtosDataFieldType
instanceKlass jakarta/xml/bind/annotation/XmlAccessOrder
instanceKlass org/glassfish/jaxb/core/v2/model/core/ID
instanceKlass org/glassfish/jaxb/core/v2/model/core/PropertyKind
instanceKlass org/glassfish/jaxb/runtime/v2/model/impl/ClassInfoImpl$PropertyGroup
instanceKlass org/glassfish/jaxb/runtime/v2/model/impl/ClassInfoImpl$SecondaryAnnotation
instanceKlass jakarta/xml/bind/annotation/XmlAccessType
instanceKlass jdk/xml/internal/XMLSecurityManager$NameMap
instanceKlass jdk/xml/internal/XMLSecurityManager$Processor
instanceKlass jdk/xml/internal/XMLSecurityManager$Limit
instanceKlass jdk/xml/internal/JdkProperty$State
instanceKlass jdk/xml/internal/JdkProperty$ImplPropMap
instanceKlass jdk/xml/internal/JdkXmlFeatures$XmlFeature
instanceKlass com/st/library/analyticscore/initialization/configuration/ValidationMode
instanceKlass com/st/library/requestcontroller/TimeThreshold
instanceKlass com/st/library/analyticscore/AnalyticsState
instanceKlass java/time/chrono/ThaiBuddhistEra
instanceKlass java/time/chrono/MinguoEra
instanceKlass java/time/chrono/HijrahEra
instanceKlass java/time/format/TextStyle
instanceKlass java/time/format/DateTimeFormatterBuilder$SettingsParser
instanceKlass java/time/format/ResolverStyle
instanceKlass java/time/format/SignStyle
instanceKlass java/time/temporal/JulianFields$Field
instanceKlass java/time/temporal/IsoFields$Unit
instanceKlass java/time/temporal/IsoFields$Field
instanceKlass java/lang/invoke/MethodHandleImpl$ArrayAccess
instanceKlass java/time/temporal/ChronoUnit
instanceKlass java/time/temporal/ChronoField
instanceKlass java/time/zone/ZoneOffsetTransitionRule$TimeDefinition
instanceKlass java/time/DayOfWeek
instanceKlass java/time/Month
instanceKlass com/st/library/layout/DataFormat
instanceKlass com/st/library/analyticscore/ToolID
instanceKlass com/st/microxplorer/plugin/PluginView$Application
instanceKlass com/st/microxplorer/plugin/IPluginRibbonBar$standardRibbon
instanceKlass com/st/microxplorer/plugin/IPluginToolBar$standardTB
instanceKlass com/sun/beans/util/Cache$Kind
instanceKlass javax/swing/ClientPropertyKey
instanceKlass javax/swing/DropMode
instanceKlass com/st/microxplorer/plugin/IPluginMenuBar$standardMenu
instanceKlass com/st/microxplorer/customgui/STGuiConst$CheckIconType
instanceKlass com/st/microxplorer/customgui/STGraphicChart
instanceKlass com/st/microxplorer/db/Rule$RuleAttribute
instanceKlass java/awt/Dialog$ModalityType
instanceKlass java/awt/EventFilter$FilterAction
instanceKlass java/awt/Component$BaselineResizeBehavior
instanceKlass com/sun/java/swing/plaf/windows/TMSchema$Control
instanceKlass com/sun/java/swing/plaf/windows/TMSchema$Part
instanceKlass java/awt/Dialog$ModalExclusionType
instanceKlass java/awt/desktop/UserSessionEvent$Reason
instanceKlass sun/awt/OSInfo$OSType
instanceKlass jdk/internal/util/OperatingSystem
instanceKlass sun/java2d/StateTrackable$State
instanceKlass java/security/DrbgParameters$Capability
instanceKlass sun/security/util/KnownOIDs
instanceKlass sun/awt/AppContext$State
instanceKlass com/st/microxplorer/customgui/IconsList
instanceKlass java/awt/Window$Type
instanceKlass sun/font/EAttribute
instanceKlass org/apache/logging/log4j/core/config/LoggerConfig$LoggerConfigPredicate
instanceKlass org/apache/logging/log4j/core/config/status/StatusConfiguration$Verbosity
instanceKlass java/nio/file/AccessMode
instanceKlass java/math/RoundingMode
instanceKlass com/sun/management/VMOption$Origin
instanceKlass com/sun/management/HotSpotDiagnosticMXBean$ThreadDumpFormat
instanceKlass java/lang/management/MemoryType
instanceKlass java/lang/annotation/ElementType
instanceKlass sun/util/logging/PlatformLogger$Level
instanceKlass java/lang/System$Logger$Level
instanceKlass jdk/internal/logger/BootstrapLogger$LoggingBackend
instanceKlass org/apache/logging/log4j/core/appender/ConsoleAppender$Target
instanceKlass org/apache/logging/log4j/core/pattern/NameAbbreviator$MaxElementAbbreviator$Strategy
instanceKlass sun/util/locale/provider/LocaleProviderAdapter$Type
instanceKlass java/util/Locale$Category
instanceKlass org/apache/logging/log4j/core/util/datetime/FixedDateFormat$FixedTimeZoneFormat
instanceKlass org/apache/logging/log4j/core/util/datetime/FixedDateFormat$FixedFormat
instanceKlass org/apache/logging/log4j/core/pattern/PatternParser$ParserState
instanceKlass java/lang/reflect/ProxyGenerator$PrimitiveTypeInfo
instanceKlass java/lang/annotation/RetentionPolicy
instanceKlass org/apache/logging/log4j/core/async/ThreadNameCachingStrategy
instanceKlass java/util/stream/Collector$Characteristics
instanceKlass java/util/stream/MatchOps$MatchKind
instanceKlass java/io/ObjectInputFilter$Status
instanceKlass java/util/stream/StreamShape
instanceKlass java/lang/StackStreamFactory$WalkerState
instanceKlass java/lang/StackWalker$ExtendedOption
instanceKlass java/lang/StackWalker$Option
instanceKlass org/apache/logging/log4j/core/LifeCycle$State
instanceKlass org/apache/logging/log4j/spi/StandardLevel
instanceKlass java/util/regex/Pattern$Qtype
instanceKlass java/util/stream/StreamOpFlag$Type
instanceKlass java/util/stream/StreamOpFlag
instanceKlass java/util/zip/ZipCoder$Comparison
instanceKlass java/nio/file/LinkOption
instanceKlass sun/nio/fs/WindowsPathType
instanceKlass java/nio/file/StandardOpenOption
instanceKlass java/util/concurrent/TimeUnit
instanceKlass java/lang/invoke/MethodHandles$Lookup$ClassOption
instanceKlass java/lang/invoke/VarHandle$AccessType
instanceKlass java/lang/invoke/VarHandle$AccessMode
instanceKlass java/lang/invoke/MethodHandleImpl$Intrinsic
instanceKlass java/lang/invoke/LambdaForm$BasicType
instanceKlass java/lang/invoke/LambdaForm$Kind
instanceKlass sun/invoke/util/Wrapper
instanceKlass java/io/File$PathStatus
instanceKlass java/lang/module/ModuleDescriptor$Requires$Modifier
instanceKlass java/lang/reflect/AccessFlag$Location
instanceKlass java/lang/reflect/AccessFlag
instanceKlass java/lang/module/ModuleDescriptor$Modifier
instanceKlass java/lang/reflect/ClassFileFormatVersion
instanceKlass java/lang/Thread$State
ciInstanceKlass java/lang/Enum 1 1 204 9 7 12 1 1 1 9 12 1 1 10 7 12 1 1 1 9 12 1 10 7 12 1 1 1 100 1 10 10 12 1 1 10 12 1 100 1 10 10 7 12 1 1 10 12 1 1 18 12 1 1 10 100 12 1 1 1 10 12 1 1 11 7 12 1 1 1 100 1 8 1 10 12 1 100 1 100 1 10 8 1 10 12 1 1 10 12 1 1 8 1 10 12 1 10 100 1 8 1 10 10 12 1 1 10 100 12 1 1 1 100 1 100 1 100 1 1 1 1 1 1 1 1 1 1 1 1 1 1 1 1 1 1 1 1 1 1 1 1 1 1 1 1 1 1 1 1 1 1 1 1 1 1 1 1 1 1 1 1 1 1 1 3 1 1 1 1 100 1 100 1 1 100 1 1 1 1 1 1 1 1 1 1 1 16 15 10 12 16 15 10 100 12 1 1 1 1 1 100 1 100 1 1
ciInstanceKlass java/util/jar/Manifest 1 1 339 10 7 12 1 1 1 7 1 10 9 7 12 1 1 1 7 1 10 9 12 1 1 9 12 1 1 10 12 1 10 12 1 1 10 12 1 1 10 12 1 1 10 12 1 1 11 7 1 11 12 1 1 10 12 1 1 10 100 12 1 1 1 100 1 100 1 10 8 1 10 12 1 1 10 12 1 1 10 12 1 10 12 1 11 100 1 10 12 1 10 12 1 1 11 12 1 1 10 12 1 11 12 1 1 11 100 12 1 1 1 11 100 12 1 1 11 12 1 1 100 1 10 12 1 8 1 11 12 1 100 1 10 12 1 1 11 12 1 10 12 1 10 12 1 10 100 12 1 1 1 8 1 10 12 1 1 10 9 100 12 1 1 1 10 12 1 1 10 100 12 1 10 12 1 10 12 1 9 100 12 1 1 1 8 1 10 12 1 8 1 8 1 7 1 10 12 1 10 12 1 10 12 1 1 100 1 8 1 10 12 1 1 8 1 10 10 12 1 1 8 1 10 12 1 1 10 100 12 1 1 1 10 12 1 10 11 12 1 1 10 12 1 10 100 12 1 1 1 10 12 1 1 10 12 1 10 12 1 1 11 10 12 1 11 10 12 1 100 1 1 1 1 1 1 1 1 1 1 1 1 1 1 1 1 1 1 1 1 1 1 1 1 1 1 1 1 1 1 1 1 1 1 1 1 1 1 1 1 1 1 1 100 1 1 1 1 1 1 1 1 1 1 1 1 1 1 100 1 1 1 1 1 1 1 1 1 1 1
instanceKlass jdk/internal/loader/ClassLoaders$BootClassLoader
instanceKlass jdk/internal/loader/ClassLoaders$PlatformClassLoader
instanceKlass jdk/internal/loader/ClassLoaders$AppClassLoader
ciInstanceKlass jdk/internal/loader/BuiltinClassLoader 1 1 737 9 7 12 1 1 1 10 7 12 1 1 1 10 7 12 1 1 1 9 12 1 1 9 12 1 1 7 1 10 12 1 9 12 1 10 12 1 9 12 1 10 7 12 1 1 1 10 7 12 1 1 1 10 7 12 1 1 1 11 7 12 1 1 1 100 1 100 1 10 10 12 1 1 8 1 10 12 1 10 12 7 1 10 12 1 10 12 1 1 11 7 12 1 1 1 11 7 12 1 1 1 11 12 1 1 7 1 8 1 8 1 10 9 12 1 1 10 7 12 1 1 11 12 1 1 10 12 1 1 10 12 1 1 10 12 1 1 10 7 12 1 1 1 10 12 1 10 7 12 1 1 1 10 12 1 1 11 7 12 1 1 1 10 7 12 1 1 7 1 10 7 12 1 1 1 10 12 1 100 1 8 1 10 12 1 1 10 8 1 10 12 1 1 10 12 1 1 10 12 1 1 11 7 12 1 1 11 12 1 7 1 10 11 12 1 1 11 10 12 1 1 7 1 10 12 1 10 7 12 1 10 12 1 7 1 10 12 1 10 7 12 1 1 1 100 1 10 12 1 1 11 12 1 100 1 100 1 10 12 1 10 12 1 1 100 1 100 1 10 12 1 10 12 1 18 12 1 1 10 12 1 10 12 1 1 18 100 1 10 7 12 1 1 1 7 1 10 10 12 1 1 10 12 1 1 10 12 1 1 10 12 1 9 12 1 1 100 1 10 10 12 1 1 10 12 1 1 10 12 1 10 12 10 12 1 1 10 12 1 1 10 12 1 1 10 12 1 10 12 1 1 18 12 1 7 1 10 12 1 1 10 12 1 10 12 1 1 10 12 1 100 1 10 12 1 7 1 10 12 1 10 7 12 1 1 1 10 12 1 11 12 1 7 1 10 12 1 7 1 100 1 10 12 1 10 12 1 11 12 1 1 10 12 1 1 10 12 1 1 10 12 1 1 10 12 1 1 10 12 1 10 12 1 10 12 1 10 12 1 8 1 10 12 1 1 10 7 12 1 1 10 12 1 100 1 8 1 8 1 10 10 12 1 8 1 8 1 10 7 12 1 1 1 11 7 12 1 1 1 9 7 12 1 1 1 10 7 12 1 1 1 9 12 1 9 12 1 9 12 1 9 12 1 9 12 1 9 12 1 10 7 12 1 1 1 8 1 10 12 1 7 1 10 12 1 1 10 12 1 7 1 10 11 12 1 1 10 12 10 12 1 10 12 1 100 1 10 12 1 10 12 1 10 10 12 1 10 7 12 1 1 8 1 10 7 12 1 1 10 12 1 1 1 1 1 1 1 1 1 1 1 1 1 1 1 1 1 1 1 1 1 1 1 1 1 1 1 1 1 1 1 1 1 1 1 1 1 1 1 1 1 1 1 1 1 1 1 1 1 1 1 1 1 1 1 1 100 1 1 1 1 1 1 1 1 1 1 1 1 1 1 1 1 1 1 100 1 100 1 1 1 1 1 1 1 1 1 1 1 1 1 1 1 1 1 1 1 1 1 1 1 1 1 1 1 1 1 1 1 1 1 1 1 1 1 1 1 1 1 1 1 1 1 1 1 1 1 1 1 100 1 1 16 15 10 12 16 15 10 12 16 15 10 12 16 1 15 10 100 12 1 1 1 1 1 100 1 1 1 1 1 100 1 100 1 1
staticfield jdk/internal/loader/BuiltinClassLoader packageToModule Ljava/util/Map; java/util/concurrent/ConcurrentHashMap
staticfield jdk/internal/loader/BuiltinClassLoader $assertionsDisabled Z 1
ciInstanceKlass jdk/internal/loader/ClassLoaders 1 1 183 10 100 12 1 1 1 10 7 12 1 1 1 10 12 1 1 10 100 12 1 1 1 9 7 12 1 1 1 9 12 1 1 9 12 1 1 7 1 11 100 12 1 1 1 100 1 11 12 1 1 11 12 1 1 10 100 12 1 1 1 10 100 12 1 1 1 100 1 100 1 10 7 12 1 1 1 9 12 1 1 10 12 1 1 7 1 10 12 1 1 10 12 1 7 1 8 1 10 7 12 1 1 1 10 12 1 1 7 1 10 12 1 10 12 1 10 12 1 8 1 10 7 12 1 1 8 1 8 1 10 12 1 7 1 10 12 1 10 12 1 10 12 1 1 1 1 1 1 1 1 1 1 1 1 1 1 1 1 1 1 1 1 100 1 1 1 1 1 1 1 1 1 1 1 1 1 1 1 1 1 1 1
staticfield jdk/internal/loader/ClassLoaders JLA Ljdk/internal/access/JavaLangAccess; java/lang/System$2
staticfield jdk/internal/loader/ClassLoaders BOOT_LOADER Ljdk/internal/loader/ClassLoaders$BootClassLoader; jdk/internal/loader/ClassLoaders$BootClassLoader
staticfield jdk/internal/loader/ClassLoaders PLATFORM_LOADER Ljdk/internal/loader/ClassLoaders$PlatformClassLoader; jdk/internal/loader/ClassLoaders$PlatformClassLoader
staticfield jdk/internal/loader/ClassLoaders APP_LOADER Ljdk/internal/loader/ClassLoaders$AppClassLoader; jdk/internal/loader/ClassLoaders$AppClassLoader
ciInstanceKlass jdk/internal/loader/ClassLoaders$AppClassLoader 1 1 119 8 1 10 7 12 1 1 1 10 7 12 1 1 1 10 100 12 1 1 1 10 12 1 1 10 100 12 1 1 1 10 12 1 1 10 12 1 1 7 1 8 1 10 12 10 7 12 1 1 1 10 100 12 1 1 10 12 1 1 10 12 1 1 10 7 12 1 1 1 100 1 10 12 1 1 1 1 1 1 1 1 1 1 1 1 1 1 1 1 1 1 1 1 1 100 1 1 1 1 1 1 1 1 1 1 1 1 1 1 1 1 1 1 1 100 1 1 1
ciInstanceKlass jdk/internal/loader/ClassLoaders$PlatformClassLoader 1 1 42 8 1 10 7 12 1 1 1 10 7 12 1 1 1 100 1 10 12 1 100 1 1 1 1 1 1 1 1 1 1 1 1 1 1 100 1 1 1 100 1 1
ciInstanceKlass java/security/CodeSource 1 1 398 10 7 12 1 1 1 9 7 12 1 1 1 9 12 1 1 9 12 1 1 9 12 1 1 10 7 12 1 1 1 9 12 1 1 10 100 12 1 1 10 100 10 100 12 1 1 1 10 100 12 1 1 1 10 12 1 1 100 1 10 10 100 12 1 1 1 10 100 12 1 1 1 10 12 1 1 100 1 10 12 1 1 10 12 1 1 10 12 1 1 10 12 1 10 10 10 12 1 1 10 100 12 1 1 1 10 12 1 10 12 1 10 12 1 8 1 10 12 1 10 12 1 10 12 1 1 10 12 1 8 1 10 12 1 1 10 100 1 10 10 12 1 1 8 1 10 12 1 10 12 1 10 12 1 8 1 8 1 9 12 1 1 100 1 8 1 10 12 1 10 12 1 1 8 1 10 12 1 8 1 8 1 8 1 10 100 12 1 1 10 12 1 1 10 12 1 10 12 1 1 10 12 1 1 10 12 1 1 100 1 100 1 10 12 1 10 12 10 12 1 1 10 100 12 1 1 10 12 1 100 1 10 12 10 100 12 1 1 1 10 8 1 10 12 1 10 12 1 10 12 1 1 100 1 10 12 1 1 100 1 100 1 8 1 8 1 10 10 12 1 1 10 100 12 1 1 1 100 1 10 12 10 12 1 1 11 100 12 1 1 10 10 12 1 11 10 12 1 8 1 100 1 10 12 1 10 12 1 1 10 12 1 11 12 1 1 100 1 1 1 1 5 0 1 1 1 1 1 1 1 1 1 1 1 1 1 1 1 1 1 1 1 1 1 1 1 1 1 1 1 1 1 1 1 1 1 1 1 1 1 1 1 1 1 1 1 1 1 1 1 1 1 1 1 1 1 1 1 1 1 1 1 1 1 1 1 1 1 1 100 1 1 1 1 1 1 1
ciInstanceKlass java/util/concurrent/ConcurrentMap 1 1 208 11 100 12 1 1 1 10 100 12 1 1 11 12 1 1 11 100 12 1 1 1 11 100 12 1 1 1 11 12 1 1 100 1 11 12 1 11 12 1 100 1 11 100 12 1 1 1 18 12 1 11 12 1 1 11 100 12 1 1 11 12 1 1 11 100 12 1 11 12 1 1 11 12 1 1 100 1 100 1 1 1 1 1 1 1 1 1 1 1 1 1 1 1 1 1 1 1 1 1 1 1 1 1 1 1 1 1 1 1 1 1 1 1 1 1 1 1 1 1 1 1 1 1 1 1 1 1 1 1 1 1 1 1 1 1 1 1 1 16 15 11 12 15 10 100 12 1 1 1 1 1 100 1 100 1 1 1 100 1 8 1 1 12 10 1 1 1 8 1 1 1 8 1 1 8 1 1 1 8 1 1 1 8 1 1 1 8 1 1 1 8 1 1 1 8 1 1 1 8 1 1 1 8 1 1 8 1
instanceKlass sun/font/AttributeMap
instanceKlass com/teamdev/jxbrowser/deps/com/google/protobuf/SmallSortedMap
instanceKlass org/apache/commons/collections4/map/AbstractHashedMap
instanceKlass com/fasterxml/jackson/databind/util/internal/PrivateMaxEntriesMap
instanceKlass com/thoughtworks/xstream/core/util/WeakCache
instanceKlass sun/awt/SoftCache
instanceKlass java/util/concurrent/ConcurrentSkipListMap
instanceKlass java/util/Collections$SingletonMap
instanceKlass java/util/EnumMap
instanceKlass java/util/TreeMap
instanceKlass java/util/IdentityHashMap
instanceKlass java/util/WeakHashMap
instanceKlass java/util/Collections$EmptyMap
instanceKlass java/util/HashMap
instanceKlass sun/util/PreHashedMap
instanceKlass java/util/ImmutableCollections$AbstractImmutableMap
instanceKlass java/util/concurrent/ConcurrentHashMap
ciInstanceKlass java/util/AbstractMap 1 1 196 10 7 12 1 1 1 10 7 12 1 1 1 11 7 12 1 1 1 10 11 12 1 1 11 7 12 1 1 1 11 12 1 1 7 1 11 12 1 10 12 1 1 11 12 1 100 1 10 11 12 1 11 7 1 10 12 1 1 11 12 1 9 12 1 1 7 1 10 12 1 9 12 1 1 100 1 10 11 11 12 1 1 11 12 1 100 1 100 1 11 12 1 8 1 100 1 10 10 12 1 1 8 1 10 12 1 10 12 1 1 10 12 1 1 1 1 1 1 1 1 1 1 1 1 1 1 1 1 1 1 1 1 1 1 1 1 1 1 1 1 1 1 1 1 1 1 1 1 1 1 1 1 100 1 1 1 1 1 1 1 100 1 1 1 1 1 1 1 1 1 7 1 1 1 1 1 1 1 1 1 100 1 100 1 100 1 100 1 100 1 1 1 1 1 1
instanceKlass com/fasterxml/jackson/core/util/InternCache
ciInstanceKlass java/util/concurrent/ConcurrentHashMap 1 1 1210 7 1 7 1 3 10 12 1 1 3 100 1 10 7 12 1 1 1 100 1 10 100 12 1 1 1 100 1 11 12 1 1 11 12 1 11 12 1 1 9 12 1 1 9 12 1 1 9 12 1 10 7 12 1 1 1 7 1 10 12 1 1 10 12 1 1 10 7 12 1 1 1 4 10 12 1 9 12 1 10 12 1 1 100 1 10 5 0 10 12 1 10 12 1 1 5 0 10 12 1 1 10 12 1 9 12 1 1 10 12 1 1 9 12 1 9 12 1 1 10 12 1 1 9 12 1 10 12 1 1 9 12 1 1 10 12 1 1 100 1 10 7 1 10 12 1 10 12 1 1 10 12 1 1 10 12 1 1 10 12 1 10 12 1 1 10 12 1 1 7 1 10 12 1 1 7 1 100 1 8 1 10 12 1 10 12 1 1 10 12 1 1 11 7 12 1 1 10 12 1 1 11 12 1 1 11 7 12 1 1 1 11 7 12 1 1 1 11 12 1 7 1 11 12 1 11 12 1 10 12 1 1 10 12 1 1 9 12 1 1 10 7 12 1 1 1 9 10 12 1 1 9 12 1 10 12 1 1 5 0 9 12 1 1 7 1 10 12 1 9 12 1 1 7 1 10 12 1 9 12 1 7 1 10 100 1 10 10 12 1 1 8 1 10 12 1 10 12 1 1 11 100 1 10 12 1 10 100 12 1 1 1 8 1 10 100 12 1 1 1 8 1 10 12 1 8 1 10 12 1 10 12 1 1 10 100 12 1 1 10 12 1 10 12 1 10 12 1 9 12 1 9 10 12 1 9 12 1 1 11 7 12 1 1 1 11 7 12 1 1 1 100 1 10 12 11 100 12 1 1 10 11 7 12 1 10 12 1 100 1 10 12 1 100 1 10 10 9 7 12 1 1 1 10 12 3 10 100 12 1 1 9 12 1 10 12 1 1 9 12 1 1 9 12 1 10 12 1 1 10 100 12 1 1 9 12 1 9 7 12 1 1 10 12 1 1 10 12 1 3 9 12 1 9 12 1 10 12 1 1 7 1 9 3 9 12 1 100 1 10 12 1 9 12 1 10 12 1 9 12 1 10 12 1 9 12 1 10 100 12 1 1 1 100 10 12 1 100 1 5 0 10 100 12 1 1 100 1 10 12 1 1 10 12 1 10 12 1 100 1 10 12 1 10 100 1 100 1 10 10 12 1 10 100 1 10 12 1 10 100 1 10 12 1 10 100 1 10 12 1 1 100 1 10 12 1 10 10 12 1 100 1 10 12 1 10 10 12 1 100 1 10 12 1 10 100 1 10 12 1 10 100 1 10 12 1 10 100 1 10 12 1 10 100 1 10 12 1 10 100 1 10 12 1 10 100 1 10 12 1 10 100 1 10 12 1 10 100 1 10 10 100 1 10 10 100 1 10 10 100 1 10 12 1 10 100 1 10 12 1 10 100 1 10 12 1 10 100 1 10 12 1 10 100 1 10 12 1 10 100 1 10 10 100 1 10 10 100 1 10 10 100 1 10 12 1 10 100 1 10 12 1 10 100 1 10 12 1 10 100 1 10 12 1 10 100 1 10 12 1 10 10 12 1 10 7 12 1 1 1 10 12 1 7 1 7 1 10 12 1 9 12 1 1 9 12 1 1 10 12 1 1 8 10 12 1 1 8 8 8 8 7 10 12 1 1 10 12 1 100 1 8 1 10 7 1 100 1 100 1 1 1 5 0 1 1 3 1 3 1 1 1 1 3 1 3 1 3 1 1 1 1 1 3 1 3 1 3 1 1 1 1 1 1 1 1 1 1 1 1 1 1 1 1 1 1 1 1 1 1 1 1 1 100 1 1 1 1 1 1 1 1 1 1 1 1 1 1 1 1 1 1 1 1 1 1 1 1 1 1 1 1 1 1 1 1 1 1 1 1 1 1 1 1 1 1 1 1 1 1 1 1 1 1 1 1 1 1 1 1 1 1 1 1 1 1 1 1 1 1 1 1 1 1 1 1 1 1 1 1 1 1 1 1 1 1 1 1 100 1 1 1 1 1 1 1 1 1 1 1 100 1 1 1 1 1 1 1 1 1 1 1 1 1 1 1 1 1 1 1 1 1 1 1 1 1 1 1 1 1 1 1 1 1 1 1 1 1 1 1 1 1 1 1 1 1 1 1 1 1 1 1 1 1 1 1 1 1 1 1 1 1 1 1 1 1 1 1 1 1 1 1 1 1 1 1 1 1 1 1 1 1 1 1 1 1 1 1 1 1 1 1 1 1 1 1 1 1 1 1 1 1 1 1 1 1 1 1 1 1 1 1 1 1 1 1 1 1 1 1 1 1 1 1 1 1 1 1 1 1 1 1 1 1 1 1 1 1 1 1 1 1 1 1 1 1 1 1 1 1 1 1 1 1 1 1 1 1 1 1 1 1 1 1 1 1 1 1 1 1 1 1 1 1 1 1 1 1 1 1 1 1 1 1 1 1 1 1 1 1 1 1 1 1 1 1 1 1 1 1 1 1 1 1 1 1 1 1 1 1 1 1 1 1 1 1 1 1 1 1 1 1 1 1 100 1 100 1 100 1 100 1 100 1 100 1 100 1 100 1 100 1 1 1 1 1 1 1 1 1 1 1 1 1 1 1 1 1 1 1 1 1 1 1 1 1 1 1 1 1 1 1 1 1 1 1 1 1 1 1 1 1 1 1 1 1 1 1 1 1 1 1 1 1 1 1 1 1 1
staticfield java/util/concurrent/ConcurrentHashMap NCPU I 24
staticfield java/util/concurrent/ConcurrentHashMap serialPersistentFields [Ljava/io/ObjectStreamField; 3 [Ljava/io/ObjectStreamField;
staticfield java/util/concurrent/ConcurrentHashMap U Ljdk/internal/misc/Unsafe; jdk/internal/misc/Unsafe
staticfield java/util/concurrent/ConcurrentHashMap SIZECTL J 20
staticfield java/util/concurrent/ConcurrentHashMap TRANSFERINDEX J 32
staticfield java/util/concurrent/ConcurrentHashMap BASECOUNT J 24
staticfield java/util/concurrent/ConcurrentHashMap CELLSBUSY J 36
staticfield java/util/concurrent/ConcurrentHashMap CELLVALUE J 144
staticfield java/util/concurrent/ConcurrentHashMap ABASE I 16
staticfield java/util/concurrent/ConcurrentHashMap ASHIFT I 2
ciInstanceKlass java/lang/Iterable 1 1 62 10 7 12 1 1 1 11 7 12 1 1 1 11 7 12 1 1 1 11 12 1 1 11 7 12 1 1 1 10 100 12 1 1 1 100 1 1 1 1 1 1 1 1 1 1 1 1 1 1 1 1 1 1 1 1 1 1 1 1 1 1
ciInstanceKlass java/util/Collection 1 1 115 11 7 12 1 1 1 7 1 11 7 12 1 1 1 10 100 12 1 1 1 11 12 1 1 11 100 12 1 1 1 11 12 1 1 11 100 12 1 1 1 11 12 1 1 10 100 12 1 1 1 11 12 1 10 7 12 1 1 1 100 1 100 1 1 1 1 1 1 1 1 1 1 1 1 1 1 1 1 1 1 1 1 1 1 1 1 1 1 1 1 1 1 1 1 1 1 1 1 1 1 1 1 1 1 1 1 1 1 1 1 1 1 1 1
ciInstanceKlass java/util/SequencedCollection 1 1 109 100 1 10 12 1 1 11 100 12 1 1 1 11 100 12 1 1 1 11 12 1 1 11 12 1 100 1 100 1 1 1 1 1 1 1 1 1 1 1 1 1 1 1 1 1 1 1 1 1 1 1 1 1 1 1 1 1 100 1 8 1 1 12 10 1 1 1 8 1 1 8 1 1 8 1 1 1 8 1 1 1 8 1 1 1 8 1 1 1 8 1 1 8 1 1 1 8 1 1 8 1 1 1 8 1 1 8 1
ciInstanceKlass java/util/List 1 1 251 10 100 12 1 1 1 11 100 12 1 1 1 11 100 12 1 1 1 11 12 1 1 11 100 12 1 1 11 12 1 1 11 12 1 1 10 100 12 1 1 1 100 1 100 1 10 12 1 1 100 1 10 100 12 1 1 1 11 12 1 1 11 12 1 11 12 1 100 1 10 12 1 11 12 1 1 11 12 1 1 11 12 1 10 100 12 1 1 1 9 7 12 1 1 1 7 1 10 12 10 12 1 7 1 10 12 1 1 10 12 1 10 12 1 1 11 12 1 1 100 1 1 1 1 1 1 1 1 1 1 1 1 1 1 1 1 1 1 1 1 1 1 1 1 1 1 1 1 1 1 1 1 1 1 1 1 1 1 1 1 1 1 1 1 100 1 100 1 1 1 1 1 1 1 1 1 1 1 1 1 1 1 1 1 1 1 1 1 1 1 1 1 1 1 1 1 1 1 1 1 1 1 1 1 1 1 1 1 1 1 1 1 1 1 1 1 1 1 1 1 1 1 1 1 1 1 1 1 1 1 1 1 1 1 1 1 1 1 1 1 1 1 1 100 1 1 100 1 1 1
ciInstanceKlass java/util/RandomAccess 1 0 7 100 1 100 1 1 1
instanceKlass com/teamdev/jxbrowser/deps/com/google/common/collect/ImmutableCollection
instanceKlass com/fasterxml/jackson/databind/util/internal/LinkedDeque
instanceKlass java/util/IdentityHashMap$Values
instanceKlass java/util/TreeMap$Values
instanceKlass java/util/concurrent/ConcurrentLinkedDeque
instanceKlass java/util/LinkedHashMap$LinkedValues
instanceKlass org/apache/logging/log4j/ThreadContext$EmptyThreadContextStack
instanceKlass java/util/AbstractQueue
instanceKlass java/util/HashMap$Values
instanceKlass java/util/ArrayDeque
instanceKlass java/util/AbstractSet
instanceKlass java/util/ImmutableCollections$AbstractImmutableCollection
instanceKlass java/util/AbstractList
ciInstanceKlass java/util/AbstractCollection 1 1 160 10 7 12 1 1 1 10 7 12 1 1 1 10 12 1 1 11 7 12 1 1 1 11 12 1 1 10 12 1 1 10 100 12 1 1 1 10 12 1 1 10 12 1 1 10 7 12 1 1 10 7 12 1 1 1 7 1 10 100 12 1 1 1 10 100 12 1 1 1 100 1 10 11 12 1 11 7 1 10 12 1 10 12 1 10 7 12 1 1 1 11 8 1 7 1 10 10 12 1 1 8 1 10 12 1 10 12 1 1 1 1 1 1 1 1 1 1 1 1 1 1 1 1 1 1 1 1 1 1 1 1 1 1 1 1 1 1 1 1 1 1 1 1 1 1 1 1 1 1 1 1 1 1 1 1 1 1 1 1
instanceKlass org/jaxen/util/SingletonList
instanceKlass org/apache/xerces/impl/xs/util/ShortListImpl
instanceKlass org/apache/xerces/impl/dv/xs/ListDV$ListData
instanceKlass com/teamdev/jxbrowser/deps/com/google/protobuf/UnmodifiableLazyStringList
instanceKlass com/teamdev/jxbrowser/deps/com/google/protobuf/AbstractProtobufList
instanceKlass sun/security/jca/ProviderList$ServiceList
instanceKlass org/glassfish/jaxb/runtime/v2/model/impl/ElementPropertyInfoImpl$1
instanceKlass org/apache/xerces/impl/xs/util/XSObjectListImpl
instanceKlass java/util/Collections$CopiesList
instanceKlass org/jdom/ContentList$FilterList
instanceKlass org/jdom/AttributeList
instanceKlass org/jdom/ContentList
instanceKlass sun/security/jca/ProviderList$3
instanceKlass java/util/AbstractSequentialList
instanceKlass sun/awt/util/IdentityArrayList
instanceKlass java/util/Vector
instanceKlass java/util/Collections$SingletonList
instanceKlass java/util/Arrays$ArrayList
instanceKlass java/util/ArrayList$SubList
instanceKlass java/util/Collections$EmptyList
instanceKlass java/util/ArrayList
ciInstanceKlass java/util/AbstractList 1 1 218 10 7 12 1 1 1 9 7 12 1 1 1 10 12 1 1 10 12 1 1 100 1 10 10 12 1 1 11 7 12 1 1 1 11 12 1 1 11 12 1 10 7 12 1 1 1 10 12 1 11 12 1 11 12 1 11 12 1 10 12 1 1 10 12 1 1 11 100 12 1 1 1 11 7 1 11 7 1 10 12 1 7 1 10 12 1 10 12 1 1 100 1 100 1 10 12 1 100 1 10 100 1 100 1 10 8 1 10 12 1 1 10 12 1 10 12 1 1 10 12 1 8 1 100 1 8 1 8 1 8 1 10 7 1 11 10 10 12 1 11 12 1 10 12 1 1 8 1 8 1 1 1 1 1 1 1 1 1 1 1 1 1 1 1 1 1 1 1 1 1 1 1 1 1 1 1 1 1 1 1 1 1 1 1 1 1 1 1 1 1 1 1 1 1 1 1 1 1 1 1 1 1 1 1 1 1 1 100 1 100 1 1 1 1 1 1 1
instanceKlass com/sun/istack/FinalArrayList
instanceKlass com/thoughtworks/xstream/converters/reflection/AbstractReflectionConverter$ArraysList
instanceKlass com/thoughtworks/xstream/core/util/CompositeClassLoader$1
instanceKlass com/thoughtworks/xstream/core/util/PresortedMap$ArraySet
instanceKlass com/thoughtworks/xstream/core/util/OrderRetainingMap$ArraySet
ciInstanceKlass java/util/ArrayList 1 1 509 10 7 12 1 1 1 7 1 9 7 12 1 1 1 9 12 1 100 1 100 1 10 8 1 10 12 1 1 10 12 1 10 12 1 1 10 12 1 9 12 1 11 7 12 1 1 1 9 12 1 1 11 12 1 1 7 10 7 12 1 1 1 9 12 1 10 12 1 10 12 1 1 10 7 12 1 1 1 10 7 12 1 1 1 10 12 1 1 10 12 1 1 10 12 1 1 10 12 1 10 12 1 1 100 1 100 1 10 12 1 10 10 7 12 1 1 1 10 7 12 1 1 10 12 1 100 1 10 10 12 10 12 1 1 10 12 1 1 10 12 1 10 12 10 12 1 1 7 1 10 12 1 1 10 12 1 1 10 12 1 100 1 10 11 12 1 1 11 7 12 1 1 1 11 12 1 10 12 1 10 12 1 10 12 1 1 100 1 10 12 1 1 10 10 12 1 1 10 12 1 8 1 8 1 8 1 8 1 10 12 1 1 10 12 1 1 11 12 1 100 1 10 100 12 1 1 10 12 1 10 12 1 1 10 100 12 1 1 10 12 1 10 100 12 1 1 1 11 100 12 1 1 1 10 12 1 100 1 8 1 10 7 1 10 12 1 7 1 10 12 1 10 12 1 1 7 1 10 12 1 10 12 1 1 11 7 12 1 1 7 1 10 12 1 10 12 1 1 11 100 12 1 1 10 12 1 1 10 12 1 1 10 12 1 1 10 12 1 1 11 100 12 1 1 10 12 1 1 100 1 100 1 100 1 1 1 1 5 0 1 3 1 1 1 1 1 1 1 1 1 1 1 1 1 1 1 1 1 1 1 1 1 1 1 1 1 1 1 1 1 1 1 1 1 1 1 1 1 1 1 1 1 1 1 1 1 1 1 1 1 1 1 1 1 1 1 1 1 1 1 1 1 1 1 1 1 1 1 1 1 1 1 1 1 1 1 1 1 1 1 1 1 1 1 1 1 1 1 1 1 1 1 1 1 1 1 1 1 1 1 1 1 1 1 1 100 1 1 1 1 100 1 1 1 1 1 1 1 1 1 1 1 1 1 1 1 1 1 1 1 1 1 1 1 1 1 1 1 1 1 100 1 1 1 1 1 1 1 1 1 1 1 1 1 1 1 1 1 1 100 1 100 1 1 1 1 1 1
staticfield java/util/ArrayList EMPTY_ELEMENTDATA [Ljava/lang/Object; 0 [Ljava/lang/Object;
staticfield java/util/ArrayList DEFAULTCAPACITY_EMPTY_ELEMENTDATA [Ljava/lang/Object; 0 [Ljava/lang/Object;
ciInstanceKlass java/lang/StackTraceElement 1 1 235 10 7 12 1 1 1 10 7 12 1 1 9 12 1 1 9 12 1 1 9 12 1 9 12 1 8 1 10 7 12 1 1 1 7 1 9 12 1 8 1 9 12 1 9 12 1 9 12 1 1 10 12 1 1 10 12 1 8 1 10 100 12 1 1 1 100 1 10 12 1 10 12 1 1 10 12 1 10 12 1 1 10 12 1 10 12 1 10 10 12 1 8 1 10 12 1 10 12 1 1 10 12 1 1 10 12 1 10 12 1 10 12 1 9 12 1 1 10 7 12 1 1 1 10 12 1 1 7 1 10 12 1 1 10 7 12 1 1 10 7 12 1 1 1 10 7 12 1 1 10 7 12 1 1 10 10 12 1 1 10 12 1 1 10 12 1 1 10 12 1 100 1 1 1 1 1 1 1 3 1 3 1 1 5 0 1 1 1 1 1 1 1 1 1 1 1 1 1 1 1 1 1 1 1 1 1 1 1 1 1 1 1 1 1 100 1 100 1 1 1 1 1 1 1 100 1 1 1 1 1 1 1 1 1
instanceKlass java/nio/ShortBuffer
instanceKlass java/nio/IntBuffer
instanceKlass java/nio/LongBuffer
instanceKlass java/nio/CharBuffer
instanceKlass java/nio/ByteBuffer
ciInstanceKlass java/nio/Buffer 1 1 256 100 1 10 7 12 1 1 1 9 7 12 1 1 1 9 12 1 9 12 1 1 9 12 1 9 12 1 1 10 12 1 1 10 12 1 1 10 12 100 1 100 1 10 8 1 10 12 1 1 10 12 1 8 1 8 1 10 12 1 1 10 12 1 8 1 9 12 1 1 100 1 8 1 10 12 1 8 1 8 1 9 12 10 12 1 8 1 8 1 8 1 10 12 1 8 1 8 1 8 1 100 1 10 100 1 10 100 1 10 9 12 1 1 10 7 12 1 1 1 100 1 10 12 1 1 10 12 1 10 100 12 1 1 10 7 12 1 1 1 10 7 12 1 1 1 9 12 1 1 10 7 12 1 1 1 9 12 1 1 7 1 10 10 12 1 1 7 1 10 10 7 12 1 1 1 1 1 3 1 1 1 1 1 1 1 1 1 1 1 1 1 1 100 1 1 1 1 1 1 1 100 1 1 1 1 1 1 1 1 1 1 1 1 1 1 1 1 1 1 1 1 1 1 1 1 1 1 1 1 1 1 1 1 1 1 1 1 1 1 1 100 1 100 1 100 1 100 1 100 1 100 1 100 1 1
staticfield java/nio/Buffer UNSAFE Ljdk/internal/misc/Unsafe; jdk/internal/misc/Unsafe
staticfield java/nio/Buffer SCOPED_MEMORY_ACCESS Ljdk/internal/misc/ScopedMemoryAccess; jdk/internal/misc/ScopedMemoryAccess
staticfield java/nio/Buffer IOOBE_FORMATTER Ljava/util/function/BiFunction; jdk/internal/util/Preconditions$4
staticfield java/nio/Buffer $assertionsDisabled Z 1
ciInstanceKlass java/lang/StackWalker 1 1 271 9 7 12 1 1 1 7 1 10 7 12 1 1 1 10 12 1 1 10 7 12 1 1 1 10 12 1 1 10 12 1 11 7 12 1 1 1 10 12 1 1 10 12 1 1 10 12 1 1 100 1 8 1 10 12 1 10 12 1 10 12 1 10 7 12 1 1 9 12 1 1 9 12 1 1 9 12 1 1 9 12 1 1 10 12 1 1 9 12 1 1 9 12 1 1 9 12 1 1 10 7 12 1 1 1 11 12 1 1 100 1 8 1 10 10 100 12 1 1 9 12 1 1 10 12 1 1 10 7 12 1 1 1 10 7 12 1 1 1 18 12 1 1 100 1 8 1 10 8 1 10 12 1 1 10 100 12 1 1 1 10 12 1 1 9 7 12 1 1 11 100 12 1 1 1 10 12 1 1 1 1 1 1 1 1 1 1 1 1 1 1 1 1 1 1 1 1 1 1 1 1 1 1 1 1 1 1 1 1 1 1 1 1 1 1 1 1 1 1 1 1 1 1 1 1 1 1 1 1 1 1 1 1 1 1 1 1 1 1 1 1 1 1 100 1 1 16 15 10 12 16 1 15 10 100 12 1 1 1 1 1 1 1 1 1 100 1 100 1 1
staticfield java/lang/StackWalker DEFAULT_EMPTY_OPTION Ljava/util/EnumSet; java/util/RegularEnumSet
staticfield java/lang/StackWalker DEFAULT_WALKER Ljava/lang/StackWalker; java/lang/StackWalker
instanceKlass java/lang/StackStreamFactory$StackFrameTraverser
ciInstanceKlass java/lang/StackStreamFactory$AbstractStackWalker 1 1 375 7 1 100 1 3 10 7 12 1 1 1 10 7 12 1 1 10 7 12 1 1 1 9 12 1 1 10 12 1 1 9 12 1 1 9 12 1 1 9 12 1 1 9 12 1 10 7 12 1 1 1 10 12 1 1 10 100 12 1 1 9 12 1 1 9 12 1 1 10 12 1 1 9 7 12 1 1 1 10 12 1 1 10 12 1 9 12 1 1 10 7 12 1 1 1 10 12 1 1 9 12 1 1 9 100 12 1 1 1 100 1 10 8 1 10 12 1 1 10 12 1 8 1 10 12 1 1 10 100 12 1 1 1 100 1 8 1 10 12 1 8 1 10 12 10 7 12 1 1 9 12 1 8 1 5 0 8 1 8 1 9 12 1 1 10 12 1 1 18 12 1 1 10 100 12 1 1 1 10 12 1 1 10 12 1 10 12 1 9 12 1 10 12 1 10 12 1 10 12 1 10 12 1 10 12 1 10 12 1 1 8 1 10 12 1 10 12 1 10 12 1 10 12 1 1 8 1 10 12 1 1 10 12 1 1 10 12 1 1 10 12 1 10 12 1 10 7 12 1 1 1 10 12 1 10 12 1 9 12 1 8 1 10 12 1 10 12 1 10 12 1 1 10 12 1 10 12 1 10 12 1 1 10 12 1 10 12 1 10 12 1 10 12 1 10 12 1 10 12 1 1 10 12 1 1 10 12 1 8 1 1 1 1 1 1 1 1 1 1 1 1 1 100 1 1 1 1 1 1 1 100 1 1 1 1 100 1 1 1 1 1 1 1 1 1 1 1 1 1 1 1 1 1 1 1 16 15 15 10 100 12 1 1 1 1 1 1 1 1 100 1 100 1 1
ciInstanceKlass java/lang/StackWalker$StackFrame 1 1 41 100 1 10 12 1 1 100 1 100 1 1 1 1 1 1 1 1 1 1 1 1 1 1 1 1 1 1 1 1 1 1 1 1 1 1 1 100 1 1 1
instanceKlass java/lang/LiveStackFrameInfo
ciInstanceKlass java/lang/StackFrameInfo 1 1 142 10 7 12 1 1 1 9 7 12 1 1 1 9 7 1 9 12 1 1 11 7 12 1 1 1 9 12 1 1 11 12 1 1 10 12 1 1 10 7 12 1 1 1 10 12 1 11 12 1 11 12 1 1 11 12 1 10 12 1 1 9 12 1 1 10 12 1 1 10 7 12 1 1 10 12 1 1 11 12 1 1 9 12 1 1 10 100 1 10 12 1 9 12 1 1 10 12 1 1 100 1 8 1 10 12 1 10 7 12 1 1 1 100 1 1 1 1 1 1 1 1 1 1 1 1 1 1 1 1 1 1 100 1 1 100 1 1 1 1 1 1
staticfield java/lang/StackFrameInfo JLIA Ljdk/internal/access/JavaLangInvokeAccess; java/lang/invoke/MethodHandleImpl$1
ciInstanceKlass java/lang/LiveStackFrame 0 0 135 100 1 10 100 12 1 1 1 11 100 12 1 1 1 11 12 1 10 100 12 1 1 1 100 1 8 1 10 12 1 1 10 100 12 1 1 1 9 100 12 1 1 1 10 100 12 1 1 1 10 100 12 1 1 1 11 12 1 10 12 1 100 1 100 1 1 1 1 1 1 1 1 1 1 1 1 1 1 1 1 1 1 1 1 1 1 1 1 1 1 1 1 100 1 1 1 1 1 1 1 100 1 8 1 1 12 10 1 1 1 8 1 1 1 8 1 1 1 8 1 1 8 1 1 8 1 1 1 8 1 1 1 8 1
ciInstanceKlass java/lang/LiveStackFrameInfo 0 0 97 10 100 12 1 1 1 9 100 12 1 1 1 9 12 1 9 12 1 9 12 1 9 12 1 1 100 1 10 12 1 1 10 12 1 8 1 10 12 1 1 8 1 8 1 8 1 10 100 1 10 12 1 100 1 10 12 1 100 1 100 1 1 1 3 1 3 1 1 1 1 1 1 1 1 1 1 1 1 1 1 1 1 1 1 1 1 1 1 1 1 1 1 1 100 1 1
instanceKlass java/util/concurrent/locks/AbstractQueuedSynchronizer
ciInstanceKlass java/util/concurrent/locks/AbstractOwnableSynchronizer 1 1 32 10 7 12 1 1 1 9 7 12 1 1 1 100 1 1 1 1 5 0 1 1 1 1 1 1 1 1 1 1 1 1
ciInstanceKlass java/lang/Boolean 1 1 152 10 7 12 1 1 1 9 7 12 1 1 1 10 12 1 1 10 12 1 8 1 10 7 12 1 1 9 12 1 1 9 12 1 10 12 1 1 10 12 1 1 10 12 1 1 10 7 12 1 1 1 100 1 100 1 10 12 1 1 9 100 12 1 1 9 12 10 100 12 1 1 1 10 12 1 1 8 1 10 7 12 1 1 1 9 12 1 1 100 1 100 1 100 1 1 1 1 1 1 5 0 1 1 1 1 1 1 1 1 1 1 3 1 1 1 1 1 1 1 1 1 1 1 1 1 1 1 1 1 1 100 1 1 1 1 1 1 1 1 1 1 100 1 1 1 1 1 1 1 1 1
staticfield java/lang/Boolean TRUE Ljava/lang/Boolean; java/lang/Boolean
staticfield java/lang/Boolean FALSE Ljava/lang/Boolean; java/lang/Boolean
staticfield java/lang/Boolean TYPE Ljava/lang/Class; java/lang/Class
ciInstanceKlass java/lang/Character 1 1 604 7 1 100 1 100 1 9 12 1 1 8 1 9 12 1 1 100 1 9 12 1 1 10 100 12 1 1 1 10 100 12 1 1 1 10 100 12 1 1 1 10 7 12 1 1 1 9 7 12 1 1 1 10 12 1 10 12 1 1 10 12 1 1 10 7 12 1 1 10 12 1 1 3 3 3 3 3 10 12 1 1 10 12 1 3 11 7 12 1 1 1 11 12 1 1 10 12 1 1 10 12 1 1 100 1 10 10 12 1 3 10 12 1 1 10 12 1 10 12 1 1 100 1 8 1 10 12 1 1 10 12 1 10 12 1 10 12 1 10 100 12 1 1 1 10 12 1 10 12 1 10 12 1 1 10 12 1 10 7 12 1 1 10 10 12 1 10 10 12 1 10 12 1 1 10 12 1 10 10 12 1 10 12 1 10 12 1 10 12 1 10 12 1 10 12 1 10 12 1 10 12 10 10 12 10 10 12 1 10 10 12 1 10 10 12 1 10 10 12 1 10 12 1 10 12 1 10 12 1 10 12 1 10 12 1 10 12 1 10 10 12 1 10 10 12 1 10 10 12 1 1 10 10 12 1 10 5 0 10 12 1 10 12 1 10 10 12 1 10 10 12 1 1 10 10 12 1 10 10 12 1 9 12 1 1 100 1 10 10 12 1 10 12 1 1 3 10 100 12 1 1 1 10 12 1 10 100 12 1 1 100 1 10 10 12 1 1 10 12 1 1 10 12 1 1 8 1 10 12 1 9 100 12 1 1 1 10 12 1 10 10 12 1 10 12 1 1 10 12 1 10 10 12 1 1 10 10 12 1 1 100 1 8 1 10 12 1 1 10 7 12 1 1 1 8 1 10 12 1 1 9 12 1 1 100 1 100 1 100 1 1 1 1 3 1 3 1 3 1 3 1 1 1 1 1 3 1 1 3 1 3 1 3 1 3 1 3 1 3 1 3 1 3 1 3 1 3 1 3 1 3 1 3 1 3 1 3 1 3 1 3 1 3 1 3 1 3 1 3 1 3 1 3 1 3 1 3 1 3 1 3 1 3 1 1 1 1 1 1 1 1 1 1 1 1 1 1 1 1 1 1 1 3 1 1 1 1 1 1 1 3 1 1 3 1 1 1 1 1 3 1 1 5 0 1 1 1 1 1 1 1 1 1 1 1 1 1 1 1 1 1 1 1 1 1 1 1 1 1 1 1 1 1 1 1 1 1 1 1 1 1 1 1 1 1 1 1 1 1 1 1 1 1 1 1 1 1 1 1 1 1 1 1 1 1 1 1 1 1 1 1 1 1 1 1 1 1 1 1 1 1 1 1 1 1 1 1 1 1 1 1 1 1 1 100 1 100 1 1 1 1 1 1
staticfield java/lang/Character TYPE Ljava/lang/Class; java/lang/Class
staticfield java/lang/Character $assertionsDisabled Z 1
instanceKlass java/math/BigInteger
instanceKlass java/math/BigDecimal
instanceKlass java/util/concurrent/atomic/Striped64
instanceKlass java/util/concurrent/atomic/AtomicLong
instanceKlass java/util/concurrent/atomic/AtomicInteger
instanceKlass java/lang/Long
instanceKlass java/lang/Integer
instanceKlass java/lang/Short
instanceKlass java/lang/Byte
instanceKlass java/lang/Double
instanceKlass java/lang/Float
ciInstanceKlass java/lang/Number 1 1 37 10 7 12 1 1 1 10 100 12 1 1 1 100 1 1 1 1 5 0 1 1 1 1 1 1 1 1 1 1 1 1 1 1 1 1 1
ciInstanceKlass java/lang/Float 1 1 279 7 1 100 1 10 7 12 1 1 1 10 100 12 1 1 1 4 100 1 10 12 1 1 10 12 1 1 8 1 8 1 10 100 12 1 1 1 10 12 1 1 10 12 1 1 10 7 1 4 10 7 12 1 1 9 12 1 1 10 12 1 1 10 12 1 10 10 12 1 1 10 12 1 10 12 1 3 3 100 1 4 4 4 3 10 12 1 1 9 12 1 1 100 1 10 3 3 4 4 10 12 1 3 3 3 10 12 1 1 10 12 1 1 10 12 1 10 100 12 1 1 1 10 12 1 1 10 12 1 1 10 7 12 1 1 1 8 1 10 12 1 1 9 12 1 1 100 1 100 1 100 1 1 1 1 4 1 4 1 1 1 4 1 1 3 1 3 1 3 1 3 1 3 1 1 1 1 5 0 1 1 1 1 1 1 1 1 1 1 100 1 1 1 1 1 1 1 1 1 1 1 1 1 3 1 1 1 1 1 1 1 1 1 1 1 1 1 1 1 1 1 1 1 1 1 1 1 1 1 1 1 1 1 1 1 1 1 1 1 1 1 1 1 1 1 1 1 1 1 1 1 1 1 1 1 1 1 1 1 1 1 1 1 1 1 100 1 1 1 1 1 1 1 100 1 100 1 1
staticfield java/lang/Float TYPE Ljava/lang/Class; java/lang/Class
staticfield java/lang/Float $assertionsDisabled Z 1
ciInstanceKlass java/lang/Double 1 1 290 7 1 100 1 10 7 12 1 1 1 10 12 1 1 10 100 1 10 12 1 1 10 7 12 1 1 1 6 0 8 1 10 12 1 1 8 1 10 12 1 1 8 1 6 0 10 12 1 1 100 1 5 0 5 0 8 1 8 1 10 7 12 1 1 1 10 100 12 1 1 1 8 1 10 12 1 1 8 1 8 1 8 1 10 12 1 1 10 12 1 10 12 1 1 10 12 1 10 12 1 10 12 1 1 10 12 1 10 7 1 6 0 10 7 12 1 1 9 12 1 1 10 12 1 10 12 1 10 12 1 10 12 1 10 12 1 5 0 10 12 1 1 10 12 1 10 12 1 10 100 12 1 1 1 10 12 1 1 10 12 1 1 8 1 10 7 12 1 1 1 9 12 1 1 100 1 100 1 100 1 1 1 6 0 1 6 0 1 6 0 1 1 1 6 0 1 1 3 1 3 1 3 1 3 1 3 1 1 1 1 5 0 1 1 1 1 1 1 1 1 1 1 1 1 1 1 1 1 100 1 1 1 1 1 1 1 1 1 1 1 1 3 1 1 1 1 1 1 1 1 1 1 1 1 1 1 1 1 1 1 1 1 1 1 1 1 1 1 1 1 1 1 1 1 1 1 100 1 1 1 1 1 1 1 100 1 100 1 1
staticfield java/lang/Double TYPE Ljava/lang/Class; java/lang/Class
ciInstanceKlass java/lang/Byte 1 1 213 7 1 100 1 10 100 12 1 1 1 9 12 1 1 8 1 9 12 1 1 100 1 10 12 1 1 10 12 1 1 10 100 12 1 1 1 10 100 12 1 1 1 9 7 12 1 1 1 10 12 1 1 100 1 100 1 10 12 1 1 8 1 10 12 1 1 8 1 10 12 1 10 12 1 10 12 1 10 12 1 1 10 12 1 10 12 1 10 12 1 1 10 8 1 8 1 10 7 1 9 12 1 1 10 12 1 1 10 12 1 1 10 12 1 1 10 12 1 5 0 10 12 1 1 8 1 10 7 12 1 1 1 9 12 1 1 100 1 100 1 1 1 3 1 3 1 1 1 1 3 1 3 1 1 5 0 1 1 1 1 1 1 1 1 1 1 1 1 1 1 1 1 1 1 1 1 1 1 1 1 1 1 1 1 1 1 1 1 1 1 1 1 1 1 1 1 1 1 1 1 1 1 1 1 1 1 1 1 1 1 1 1
staticfield java/lang/Byte TYPE Ljava/lang/Class; java/lang/Class
ciInstanceKlass java/lang/Short 1 1 222 7 1 100 1 100 1 10 100 12 1 1 1 10 12 1 1 100 1 100 1 10 12 1 1 8 1 10 12 1 1 8 1 10 12 1 10 12 1 10 12 1 10 12 1 1 10 12 1 1 10 12 1 9 12 1 1 8 1 9 12 1 1 100 1 10 12 1 1 10 12 1 10 100 12 1 1 1 10 100 12 1 1 1 9 7 12 1 1 1 10 12 1 10 12 1 1 10 8 1 8 1 10 7 1 9 12 1 1 10 12 1 1 10 12 1 1 10 12 1 1 10 12 1 3 3 5 0 10 12 1 1 8 1 10 7 12 1 1 1 9 12 1 1 100 1 100 1 1 1 3 1 3 1 1 1 1 3 1 3 1 1 5 0 1 1 1 1 1 1 1 1 1 1 1 1 1 1 1 1 1 1 1 1 1 1 1 1 1 1 1 3 1 1 1 1 1 1 1 1 1 1 1 1 1 1 1 1 1 1 1 1 1 1 1 1 1 1 1 1 1 1
staticfield java/lang/Short TYPE Ljava/lang/Class; java/lang/Class
ciInstanceKlass java/lang/Integer 1 1 453 7 1 100 1 7 1 7 1 10 12 1 1 9 12 1 1 9 12 1 1 10 100 12 1 1 1 10 12 1 1 10 100 12 1 1 1 10 10 12 1 1 10 100 12 1 1 1 10 12 1 10 12 1 1 10 7 12 1 1 1 10 12 1 1 10 12 1 1 10 12 1 10 12 1 10 12 1 1 10 10 12 1 9 12 1 1 9 12 1 7 1 8 1 10 12 1 100 1 10 12 1 8 1 10 12 1 1 10 12 1 8 1 10 12 1 8 1 10 12 1 1 3 10 12 1 1 3 10 12 1 1 10 12 1 1 10 7 12 1 1 1 11 7 1 10 12 1 1 11 10 12 1 1 8 1 10 12 1 1 8 1 100 1 10 12 1 1 10 12 1 1 5 0 8 1 10 12 1 10 12 1 10 12 1 10 12 1 1 7 1 9 12 1 1 9 12 1 1 10 12 1 10 7 1 9 12 1 10 12 1 10 12 1 10 12 1 1 10 7 12 1 1 1 100 1 100 1 10 12 1 1 10 12 1 1 8 1 8 1 10 12 1 1 8 1 8 1 8 1 8 1 8 1 8 1 10 12 1 10 12 1 5 0 3 3 3 3 10 12 1 10 12 1 3 10 12 1 10 100 12 1 1 1 10 12 1 1 10 12 1 1 8 1 10 7 12 1 1 1 9 12 1 1 100 1 100 1 100 1 1 1 1 3 1 1 1 3 1 3 1 1 5 0 1 1 1 1 1 1 1 1 1 100 1 1 1 1 1 1 1 1 1 1 1 1 1 1 1 1 1 1 1 1 1 1 1 1 1 1 1 1 1 1 1 1 1 1 1 1 1 1 1 1 3 1 1 1 1 1 1 1 1 1 1 1 1 1 1 1 1 100 1 1 1 1 1 1 1 1 1 1 1 1 1 1 1 1 1 1 1 1 1 1 1 1 1 1 1 1 1 1 1 1 1 1 1 1 1 1 1 1 1 1 1 1 1 1 100 1 1 1 1 1 1 1 1 1 100 1 100 1 1
staticfield java/lang/Integer TYPE Ljava/lang/Class; java/lang/Class
staticfield java/lang/Integer digits [C 36
staticfield java/lang/Integer DigitTens [B 100
staticfield java/lang/Integer DigitOnes [B 100
ciInstanceKlass java/lang/Long 1 1 524 7 1 100 1 7 1 7 1 10 12 1 1 9 12 1 1 9 7 12 1 1 1 10 100 12 1 1 1 10 12 1 1 10 100 12 1 1 1 10 10 12 10 12 1 10 12 1 10 12 1 5 0 5 0 7 1 10 12 1 1 10 12 1 1 10 12 1 10 12 1 10 12 1 10 12 1 1 10 100 12 1 1 10 12 1 10 12 1 1 10 12 1 1 10 12 1 1 10 12 1 1 10 7 12 1 1 1 10 12 1 1 10 12 1 10 12 1 10 12 1 10 12 1 1 10 10 12 1 5 0 5 0 9 12 1 1 9 12 1 5 0 100 1 8 1 10 12 1 8 1 10 12 1 8 1 8 1 10 12 1 1 5 0 10 12 1 1 5 0 10 12 1 1 10 12 1 1 10 7 12 1 1 1 11 7 1 10 12 1 1 11 10 12 1 1 8 1 10 12 1 1 8 1 100 1 10 12 1 1 10 12 1 8 1 8 1 11 12 1 1 10 12 1 10 12 1 10 12 1 5 0 5 0 9 7 12 1 1 1 10 12 1 10 12 1 1 8 1 8 1 10 12 1 1 8 1 8 1 8 1 8 1 8 1 8 1 10 12 1 10 7 1 9 12 1 1 10 12 1 10 12 1 1 10 12 1 1 10 100 12 1 1 1 100 1 100 1 10 12 1 1 10 12 1 1 5 0 10 12 1 10 12 1 5 0 5 0 5 0 10 12 1 1 10 12 1 5 0 5 0 10 12 1 10 12 1 10 100 12 1 1 1 10 12 1 1 10 12 1 1 8 1 10 7 12 1 1 1 9 12 1 1 100 1 100 1 100 1 1 1 1 5 0 1 1 1 1 3 1 3 1 5 0 1 1 1 1 1 1 1 1 1 100 1 1 1 1 1 1 1 1 1 1 1 1 1 1 1 1 1 1 1 1 1 1 1 1 1 1 1 1 1 1 1 1 1 1 1 1 1 1 1 1 1 1 1 1 1 1 1 1 1 1 1 1 1 1 1 3 1 1 1 1 1 1 1 1 1 1 1 1 1 1 1 100 1 1 1 1 1 1 1 1 1 1 1 1 1 1 1 1 1 1 1 1 1 1 1 1 1 1 1 1 1 1 1 1 1 1 1 1 1 1 1 1 1 1 1 100 1 1 1 1 1 1 1 1 1 100 1 100 1 1
staticfield java/lang/Long TYPE Ljava/lang/Class; java/lang/Class
ciInstanceKlass java/util/Iterator 1 1 53 100 1 8 1 10 12 1 1 10 7 12 1 1 1 11 7 12 1 1 1 11 12 1 1 11 7 12 1 1 1 100 1 1 1 1 1 1 1 1 1 1 1 1 1 1 1 1 1 1 1 1 1
ciInstanceKlass java/lang/reflect/RecordComponent 0 0 196 10 100 12 1 1 1 9 100 12 1 1 1 9 12 1 1 9 12 1 10 12 1 1 10 12 1 1 10 100 12 1 1 1 10 12 1 1 9 12 1 1 10 12 1 1 10 12 1 1 10 12 1 10 100 12 1 1 10 100 12 1 1 9 12 1 1 10 100 12 1 1 1 11 100 12 1 1 1 10 9 100 12 1 1 1 10 100 12 1 1 1 9 12 1 1 10 100 12 1 1 1 10 12 1 1 11 100 12 1 1 10 100 12 1 1 100 1 9 12 1 9 12 1 1 9 12 1 10 100 12 1 1 1 10 12 1 1 10 12 1 1 100 1 10 10 12 1 10 12 1 1 8 1 10 12 1 10 12 1 9 12 1 100 1 1 1 1 1 1 1 1 1 1 1 1 1 1 1 1 1 1 1 1 1 1 100 1 1 1 1 1 1 100 1 1
ciInstanceKlass jdk/internal/vm/vector/VectorSupport 0 0 573 100 1 10 100 12 1 1 1 9 12 1 1 10 12 1 1 100 1 10 12 1 11 100 12 1 1 1 11 100 12 1 1 1 11 100 12 1 1 11 100 12 1 1 11 100 12 1 1 1 11 100 12 1 1 11 100 12 1 1 11 100 12 1 1 11 100 12 1 1 11 100 12 1 1 11 100 12 1 1 11 100 12 1 1 1 11 100 12 1 1 11 100 12 1 1 1 11 100 12 1 1 1 11 100 12 1 1 11 100 12 1 1 1 11 100 12 1 1 100 1 10 12 1 1 11 100 12 1 1 11 100 12 1 1 11 100 12 1 1 11 100 12 1 1 11 100 12 1 1 11 100 12 1 1 9 12 1 1 10 100 12 1 1 11 100 12 1 1 10 12 1 1 10 100 12 1 1 1 10 12 1 10 12 1 1 10 12 1 1 1 1 1 3 1 3 1 3 1 3 1 3 1 3 1 3 1 3 1 3 1 3 1 3 1 3 1 3 1 3 1 3 1 3 1 3 1 3 1 3 1 3 1 3 1 3 1 3 1 3 1 3 1 3 1 3 1 3 1 3 1 3 1 3 1 3 1 3 1 3 1 3 1 3 1 3 1 3 1 3 1 3 1 3 1 3 1 3 1 3 1 3 1 3 1 3 1 3 1 3 1 3 1 3 1 3 1 3 1 1 1 1 1 1 1 1 1 1 1 1 1 1 1 1 1 1 1 1 1 1 1 1 1 1 1 1 1 1 1 1 1 1 1 1 1 1 1 1 1 1 1 1 1 1 1 1 1 1 1 1 1 1 1 1 1 1 1 1 1 1 1 1 1 1 1 1 1 1 1 1 1 1 1 1 1 1 1 1 1 1 1 1 1 1 1 1 1 1 1 1 1 1 1 1 1 1 1 1 1 1 1 1 1 1 1 1 1 1 1 1 1 1 1 1 1 1 1 1 1 1 1 1 1 1 1 1 1 1 1 1 1 1 1 1 1 1 1 1 1 1 1 1 1 1 1 1 1 1 1 1 1 1 1 1 1 1 1 1 1 1 1 1 1 1 1 1 1 1 1 1 1 1 1 1 1 1 1 1 1 1 1 1 1 1 1 1 1 1 1 1 1 1 1 1 1 1 1 1 1 1 1 1 1 1 1 1 1 1 1 1 1 1 1 1 1 1 1 1 1 1 1 1 1 1 1 1 1 1 1 1 1 1 1 100 1 100 1 100 1 100 1 100 1 1 1 1 1 1 1 1 1 1 1 1 1 1 1 1 1 1 1 1 1 1 1 1 1 1 1 1 1 1 1
instanceKlass jdk/internal/vm/vector/VectorSupport$VectorShuffle
instanceKlass jdk/internal/vm/vector/VectorSupport$VectorMask
instanceKlass jdk/internal/vm/vector/VectorSupport$Vector
ciInstanceKlass jdk/internal/vm/vector/VectorSupport$VectorPayload 0 0 32 10 100 12 1 1 1 9 100 12 1 1 1 10 100 12 1 1 1 1 1 1 1 1 1 1 1 1 1 1 1 1
ciInstanceKlass jdk/internal/vm/vector/VectorSupport$Vector 0 0 28 10 100 12 1 1 1 100 1 1 1 1 1 1 1 1 1 1 1 1 1 1 1 100 1 1 1 1
ciInstanceKlass jdk/internal/vm/vector/VectorSupport$VectorMask 0 0 28 10 100 12 1 1 1 100 1 1 1 1 1 1 1 1 1 1 1 1 1 1 1 100 1 1 1 1
ciInstanceKlass jdk/internal/vm/vector/VectorSupport$VectorShuffle 0 0 28 10 100 12 1 1 1 100 1 1 1 1 1 1 1 1 1 1 1 1 1 1 1 100 1 1 1 1
ciInstanceKlass jdk/internal/vm/FillerObject 0 0 16 10 100 12 1 1 1 100 1 1 1 1 1 1 1 1
ciInstanceKlass java/lang/NullPointerException 1 1 52 10 7 12 1 1 1 10 12 1 9 7 12 1 1 1 10 12 1 1 9 12 1 1 10 12 1 1 10 12 1 1 1 1 5 0 1 1 1 1 1 1 1 1 100 1 100 1 100 1 1 1
ciInstanceKlass java/lang/ArithmeticException 1 1 26 10 100 12 1 1 1 10 12 1 100 1 1 1 1 5 0 1 1 1 1 1 1 1 1 1
ciInstanceKlass sun/java2d/marlin/MarlinConst 1 1 211 7 1 10 7 12 1 1 1 9 12 1 1 10 12 1 9 12 1 10 12 1 9 12 1 10 12 1 9 12 1 10 12 1 9 12 1 10 12 1 9 12 1 9 12 1 9 12 1 9 12 1 10 12 1 9 12 1 10 12 1 9 12 1 10 12 1 9 12 1 9 12 1 9 12 1 10 12 1 1 9 12 1 1 10 12 1 9 12 1 9 12 1 10 12 1 9 12 1 9 12 1 10 12 1 9 12 1 10 12 1 9 12 1 10 7 12 1 1 1 9 12 1 9 12 1 9 12 1 9 12 1 1 9 12 1 10 12 1 9 12 1 9 12 1 10 12 1 9 12 1 9 12 1 10 12 1 9 12 1 9 12 1 100 1 1 1 3 1 1 1 3 1 1 1 1 5 0 1 1 3 1 1 1 1 1 1 1 3 1 1 1 1 1 1 3 1 3 1 3 1 3 1 3 1 1 1 1 1 1 1
staticfield sun/java2d/marlin/MarlinConst ENABLE_LOGS Z 0
staticfield sun/java2d/marlin/MarlinConst USE_LOGGER Z 0
staticfield sun/java2d/marlin/MarlinConst LOG_CREATE_CONTEXT Z 0
staticfield sun/java2d/marlin/MarlinConst LOG_UNSAFE_MALLOC Z 0
staticfield sun/java2d/marlin/MarlinConst DO_STATS Z 0
staticfield sun/java2d/marlin/MarlinConst DO_CHECKS Z 0
staticfield sun/java2d/marlin/MarlinConst DO_LOG_WIDEN_ARRAY Z 0
staticfield sun/java2d/marlin/MarlinConst DO_LOG_OVERSIZE Z 0
staticfield sun/java2d/marlin/MarlinConst DO_TRACE Z 0
staticfield sun/java2d/marlin/MarlinConst USE_SIMPLIFIER Z 0
staticfield sun/java2d/marlin/MarlinConst USE_PATH_SIMPLIFIER Z 0
staticfield sun/java2d/marlin/MarlinConst DO_CLIP_SUBDIVIDER Z 1
staticfield sun/java2d/marlin/MarlinConst DO_LOG_BOUNDS Z 0
staticfield sun/java2d/marlin/MarlinConst DO_LOG_CLIP Z 0
staticfield sun/java2d/marlin/MarlinConst INITIAL_PIXEL_WIDTH I 4096
staticfield sun/java2d/marlin/MarlinConst INITIAL_PIXEL_HEIGHT I 2176
staticfield sun/java2d/marlin/MarlinConst INITIAL_AA_ARRAY I 4096
staticfield sun/java2d/marlin/MarlinConst INITIAL_EDGES_COUNT I 4096
staticfield sun/java2d/marlin/MarlinConst INITIAL_EDGES_CAPACITY I 98304
staticfield sun/java2d/marlin/MarlinConst SUBPIXEL_LG_POSITIONS_X I 8
staticfield sun/java2d/marlin/MarlinConst SUBPIXEL_LG_POSITIONS_Y I 3
staticfield sun/java2d/marlin/MarlinConst MIN_SUBPIXEL_LG_POSITIONS I 3
staticfield sun/java2d/marlin/MarlinConst SUBPIXEL_POSITIONS_X I 256
staticfield sun/java2d/marlin/MarlinConst SUBPIXEL_POSITIONS_Y I 8
staticfield sun/java2d/marlin/MarlinConst MIN_SUBPIXELS F 1090519040
staticfield sun/java2d/marlin/MarlinConst MAX_AA_ALPHA I 2048
staticfield sun/java2d/marlin/MarlinConst TILE_H_LG I 5
staticfield sun/java2d/marlin/MarlinConst TILE_H I 32
staticfield sun/java2d/marlin/MarlinConst TILE_W_LG I 5
staticfield sun/java2d/marlin/MarlinConst TILE_W I 32
staticfield sun/java2d/marlin/MarlinConst BLOCK_SIZE_LG I 5
staticfield sun/java2d/marlin/MarlinConst BLOCK_SIZE I 32
ciInstanceKlass sun/java2d/marlin/FloatMath 1 1 45 10 100 12 1 1 1 100 1 3 10 7 12 1 1 1 3 100 1 100 1 1 1 1 3 1 1 1 1 1 1 1 1 1 1 1 1 1 1 1 1 1 1 1 1
ciInstanceKlass sun/java2d/marlin/RendererContext 1 1 377 7 1 9 12 1 1 10 7 12 1 1 1 18 12 1 1 10 12 1 1 10 7 12 1 1 9 12 1 1 9 12 1 1 7 1 10 9 12 1 1 9 12 1 1 7 1 10 9 12 1 1 7 1 10 9 12 1 1 9 12 1 1 9 12 1 9 12 1 9 12 1 9 12 1 9 12 1 1 9 12 1 7 1 10 12 1 9 12 1 1 7 1 10 9 12 1 1 7 1 10 9 12 1 1 7 1 10 9 12 1 1 7 1 10 9 12 1 1 9 12 1 18 12 1 10 100 12 1 1 7 1 10 9 12 1 1 9 12 1 100 1 10 100 12 1 1 1 9 12 1 1 100 1 9 12 1 9 9 9 9 12 1 1 7 1 10 12 1 9 12 1 1 7 1 10 9 12 1 7 1 10 12 1 9 12 1 1 7 1 10 9 12 1 1 7 1 10 9 12 1 1 7 1 10 9 12 1 1 7 1 10 9 12 1 1 7 1 10 12 1 9 12 1 1 7 1 10 9 12 1 1 7 1 10 9 12 1 1 9 7 12 1 1 7 1 10 9 12 1 1 9 12 1 1 9 12 1 10 100 12 1 1 10 10 10 100 12 1 1 1 100 1 9 12 1 10 12 1 10 12 1 10 12 1 9 12 1 7 1 10 12 1 10 12 1 1 10 12 1 10 12 1 10 12 1 10 1 1 1 1 1 1 1 1 1 1 1 1 100 1 1 1 1 1 1 1 1 1 1 1 1 1 1 1 1 1 1 8 1 8 1 15 10 7 12 1 1 1 1 100 1 1 100 1 1 1 1 1 1 100 1 1 100 1 1 100 1 100 1 100 1 100 1 100 1 1
staticfield sun/java2d/marlin/RendererContext CTX_COUNT Ljava/util/concurrent/atomic/AtomicInteger; java/util/concurrent/atomic/AtomicInteger
ciInstanceKlass sun/java2d/marlin/DPathConsumer2D 1 0 19 100 1 100 1 1 1 1 1 1 1 1 1 1 1 1 1 1 1
ciInstanceKlass sun/java2d/marlin/ArrayCacheInt 1 1 153 100 1 10 7 12 1 1 1 9 7 12 1 1 1 9 12 1 1 9 7 12 1 1 1 100 1 8 1 10 12 1 9 12 1 1 10 12 1 1 10 12 1 1 10 100 12 1 1 1 100 1 100 1 9 12 1 1 9 12 1 1 10 12 1 10 12 1 7 1 10 12 1 10 7 12 1 1 1 9 12 1 10 12 1 10 12 1 1 18 12 1 1 100 1 10 10 100 12 1 1 1 10 12 1 1 1 1 1 1 1 1 1 1 1 1 1 1 1 1 100 1 1 1 1 1 1 1 1 1 1 1 1 1 1 8 1 15 10 100 12 1 1 1 1 1 1 1 100 1 100 1 1
ciInstanceKlass sun/java2d/marlin/ArrayCacheInt$Reference 1 1 145 7 1 10 7 12 1 1 1 9 7 12 1 1 1 10 7 12 1 1 1 9 12 1 1 9 12 1 1 9 12 1 1 9 100 12 1 1 1 9 100 12 1 1 1 10 12 1 1 10 100 12 1 1 1 9 12 1 9 12 1 18 12 1 1 10 100 12 1 1 1 9 12 1 9 12 1 10 12 1 1 10 12 10 100 12 1 1 1 10 12 1 1 9 12 1 18 12 1 10 12 1 1 1 1 1 1 1 1 1 1 1 1 1 1 1 100 1 1 1 1 1 1 1 1 1 8 1 8 1 15 10 100 12 1 1 1 1 1 1 100 1 100 1 1
ciInstanceKlass sun/java2d/marlin/MarlinCache 1 1 412 100 1 10 7 12 1 1 1 9 7 12 1 1 1 9 12 1 1 9 12 1 1 9 12 1 9 12 1 9 12 1 9 12 1 9 12 1 1 10 7 12 1 1 1 9 12 1 1 9 12 1 1 10 12 1 1 9 12 1 1 10 12 1 1 9 12 1 1 9 7 12 1 1 9 12 1 100 1 3 9 12 1 3 9 12 1 9 12 1 9 12 1 9 12 1 9 12 1 9 12 1 9 12 1 9 12 1 3 9 12 1 9 12 1 9 12 1 9 100 12 1 1 1 10 100 12 1 1 1 10 12 1 1 10 12 1 9 12 1 9 7 12 1 1 10 12 1 1 10 12 1 1 10 12 1 1 9 12 1 9 12 1 10 12 9 12 1 10 7 12 1 1 1 10 7 12 1 1 1 9 12 1 18 12 1 1 10 100 12 1 1 1 10 12 1 9 12 1 9 12 1 1 9 12 1 9 12 1 10 7 12 1 1 1 10 12 1 1 18 12 1 10 12 1 1 5 0 9 12 1 10 12 1 10 12 1 1 10 12 1 1 9 12 1 1 10 100 1 9 12 1 9 12 1 10 12 1 9 12 1 10 100 12 1 1 1 18 10 7 12 1 1 1 10 12 1 9 12 1 10 12 1 1 10 7 1 9 12 1 9 12 1 10 12 1 1 10 12 1 9 12 1 1 1 1 1 1 1 1 1 1 1 1 1 1 1 1 1 1 1 1 1 1 1 1 1 1 1 1 1 1 1 1 1 1 1 1 1 1 1 1 1 1 1 1 1 100 1 1 1 1 1 1 1 1 1 1 1 1 1 1 1 1 1 1 1 1 1 1 1 1 1 1 1 1 1 1 1 1 1 1 1 1 100 1 1 1 1 1 1 8 1 8 1 8 1 15 10 100 12 1 1 1 100 1 1 100 1 100 1 1
staticfield sun/java2d/marlin/MarlinCache FORCE_RLE Z 0
staticfield sun/java2d/marlin/MarlinCache FORCE_NO_RLE Z 0
staticfield sun/java2d/marlin/MarlinCache RLE_MIN_WIDTH I 64
staticfield sun/java2d/marlin/MarlinCache INITIAL_CHUNK_ARRAY J 32768
staticfield sun/java2d/marlin/MarlinCache ALPHA_MAP [B 4096
staticfield sun/java2d/marlin/MarlinCache ALPHA_MAP_UNSAFE Lsun/java2d/marlin/OffHeapArray; sun/java2d/marlin/OffHeapArray
ciInstanceKlass sun/java2d/marlin/OffHeapArray 1 1 144 10 7 12 1 1 1 9 7 12 1 1 1 10 7 12 1 1 1 9 12 1 1 9 12 1 9 12 1 1 9 7 12 1 1 1 10 100 12 1 1 1 18 12 1 1 10 100 12 1 1 1 10 7 12 1 1 1 18 12 1 1 10 7 12 1 1 1 10 12 1 1 18 10 12 1 1 18 10 12 1 1 10 12 1 1 9 12 1 9 12 1 1 1 1 1 1 1 1 1 1 1 1 1 1 1 1 1 1 1 1 1 8 1 16 15 10 12 8 1 8 1 15 10 100 12 1 1 15 10 7 12 1 1 1 1 100 1 1 100 1 100 1 1
staticfield sun/java2d/marlin/OffHeapArray UNSAFE Ljdk/internal/misc/Unsafe; jdk/internal/misc/Unsafe
staticfield sun/java2d/marlin/OffHeapArray SIZE_INT I 4
ciInstanceKlass sun/java2d/marlin/Renderer 1 1 903 7 1 100 1 9 7 12 1 1 1 10 7 12 1 1 1 9 12 1 9 12 1 9 12 1 6 0 9 12 1 1 9 12 1 1 9 7 12 1 1 1 9 100 12 1 1 1 10 100 12 1 1 1 9 12 1 9 12 1 9 12 1 9 12 1 10 12 1 1 9 12 1 6 0 6 0 6 0 6 0 9 12 1 9 12 1 9 12 1 9 12 1 9 12 1 9 12 1 6 0 9 12 1 9 12 1 9 12 1 9 12 1 10 7 12 1 1 1 9 12 1 1 10 12 1 1 9 12 1 10 12 1 9 12 1 9 12 1 9 12 1 9 12 1 9 12 1 9 12 1 9 12 1 1 9 7 12 1 1 9 12 1 1 10 100 12 1 1 1 9 12 1 10 12 1 10 12 1 9 12 1 1 5 0 9 12 1 6 0 5 0 10 7 12 1 1 1 9 12 1 1 9 12 1 10 7 12 1 1 1 100 1 3 3 100 1 6 0 6 0 9 12 1 9 12 1 9 12 1 1 9 9 12 1 1 9 9 12 1 10 12 1 1 9 12 1 10 12 1 1 9 12 1 1 9 12 1 9 7 12 1 1 9 12 1 9 12 1 9 12 1 9 12 1 10 12 1 1 9 12 1 1 9 12 1 9 12 1 9 12 1 9 7 1 9 12 1 9 12 1 9 12 1 9 12 1 9 12 1 9 12 1 9 12 1 9 12 1 9 12 1 9 12 1 9 12 1 9 12 1 9 12 1 18 12 1 1 10 100 12 1 1 1 9 12 1 9 12 1 10 12 1 1 9 12 1 9 12 1 9 12 1 9 12 1 9 12 1 9 12 1 1 10 100 1 9 12 1 10 12 1 1 10 12 1 1 10 12 1 10 12 1 9 12 1 9 12 1 9 12 1 10 12 1 10 7 12 1 1 1 9 12 1 9 12 1 6 0 10 12 1 10 12 1 10 12 1 9 12 1 9 12 1 9 12 1 9 12 1 10 12 1 1 10 12 1 1 10 12 1 10 12 1 100 1 8 1 10 12 9 12 1 9 12 1 9 12 1 9 12 1 9 12 1 9 12 1 9 12 1 9 12 1 9 12 1 9 12 1 9 12 1 9 12 1 9 12 1 9 12 1 9 12 1 9 12 1 1 9 12 1 10 12 1 1 9 12 1 9 12 1 9 12 1 10 12 1 9 12 1 10 12 1 10 9 12 1 9 12 1 100 1 9 12 1 9 12 1 9 12 1 9 12 1 9 12 1 9 12 1 9 12 1 9 12 1 9 12 1 9 12 1 9 12 1 10 12 1 1 10 12 1 1 9 12 1 10 7 12 1 1 18 12 1 18 10 12 1 1 9 12 1 9 12 1 9 12 1 9 12 1 18 18 9 12 1 10 12 1 9 12 1 10 12 1 10 12 1 1 9 12 1 10 12 1 1 10 12 1 1 10 7 12 1 1 1 10 12 1 10 12 1 9 12 1 9 12 1 9 12 1 9 12 1 9 12 1 9 12 1 9 12 1 10 12 1 1 9 12 1 10 12 1 9 12 1 10 12 1 9 12 1 100 1 1 1 3 1 1 1 5 0 1 3 1 3 1 3 1 3 1 1 1 1 1 1 1 1 1 1 1 1 1 1 1 1 1 1 1 1 1 1 1 1 1 1 1 1 1 1 1 1 1 1 1 1 1 1 1 1 1 1 1 1 1 1 1 1 1 1 1 1 1 1 1 1 1 1 1 1 1 1 1 1 1 1 1 1 1 1 1 1 1 1 1 1 1 1 1 1 1 1 1 1 1 1 1 1 1 1 1 1 1 1 1 1 1 1 1 1 1 1 1 1 1 1 1 1 1 1 1 1 1 1 1 1 1 1 1 1 1 1 1 1 1 1 1 1 1 1 1 1 1 1 1 1 1 1 1 1 1 1 1 100 100 1 1 1 1 1 1 1 1 1 1 1 1 1 1 1 1 1 1 1 1 8 1 8 1 8 1 8 1 8 1 15 10 100 12 1 1 1 100 1 1 100 1 100 1 100 1 1
staticfield sun/java2d/marlin/Renderer DISABLE_RENDER Z 0
staticfield sun/java2d/marlin/Renderer ENABLE_BLOCK_FLAGS Z 1
staticfield sun/java2d/marlin/Renderer ENABLE_BLOCK_FLAGS_HEURISTICS Z 1
staticfield sun/java2d/marlin/Renderer SUBPIXEL_SCALE_X D 4643211215818981376
staticfield sun/java2d/marlin/Renderer SUBPIXEL_SCALE_Y D 4620693217682128896
staticfield sun/java2d/marlin/Renderer SUBPIXEL_MASK_X I 255
staticfield sun/java2d/marlin/Renderer SUBPIXEL_MASK_Y I 7
staticfield sun/java2d/marlin/Renderer RDR_OFFSET_X D 4566650022153682944
staticfield sun/java2d/marlin/Renderer RDR_OFFSET_Y D 4589168020290535424
staticfield sun/java2d/marlin/Renderer SUBPIXEL_TILE I 256
staticfield sun/java2d/marlin/Renderer INITIAL_BUCKET_ARRAY I 17408
staticfield sun/java2d/marlin/Renderer INITIAL_CROSSING_COUNT I 1024
staticfield sun/java2d/marlin/Renderer OFF_ERROR J 4
staticfield sun/java2d/marlin/Renderer OFF_BUMP_X J 8
staticfield sun/java2d/marlin/Renderer OFF_BUMP_ERR J 12
staticfield sun/java2d/marlin/Renderer OFF_NEXT J 16
staticfield sun/java2d/marlin/Renderer OFF_YMAX J 20
staticfield sun/java2d/marlin/Renderer SIZEOF_EDGE_BYTES I 24
staticfield sun/java2d/marlin/Renderer CUB_DEC_ERR_SUBPIX D 4629700416936869888
staticfield sun/java2d/marlin/Renderer CUB_INC_ERR_SUBPIX D 4618891777938554880
staticfield sun/java2d/marlin/Renderer SCALE_DY D 4629700416936869888
staticfield sun/java2d/marlin/Renderer CUB_DEC_BND D 4643211215818981376
staticfield sun/java2d/marlin/Renderer CUB_INC_BND D 4632402576820666368
staticfield sun/java2d/marlin/Renderer QUAD_DEC_ERR_SUBPIX D 4625196817309499392
staticfield sun/java2d/marlin/Renderer QUAD_DEC_BND D 4638707616191610880
ciInstanceKlass sun/java2d/marlin/MergeSort 1 1 147 7 1 100 1 18 12 1 1 10 12 1 1 10 100 12 1 1 1 10 12 1 1 10 100 12 1 1 1 10 100 12 1 1 10 100 12 1 1 1 10 12 1 1 18 12 1 10 7 12 1 1 10 7 12 1 1 1 9 12 1 1 8 1 8 1 9 12 1 1 8 1 8 1 1 1 1 3 1 3 1 3 1 3 1 1 1 1 1 1 1 1 1 1 1 1 1 1 1 1 1 1 1 1 1 1 1 1 1 1 1 1 1 1 1 1 1 1 100 1 1 1 1 1 1 1 100 1 1 1 1 8 1 8 1 15 10 100 12 1 1 1 100 1 100 1 1
staticfield sun/java2d/marlin/MergeSort USE_DPQS Z 1
staticfield sun/java2d/marlin/MergeSort SORT_TYPE Ljava/lang/String; "DPQS_20191112"
ciInstanceKlass sun/java2d/marlin/DPQSSorterContext 1 1 44 100 1 7 1 10 7 12 1 1 1 9 12 1 1 9 12 1 9 12 1 9 12 1 1 1 1 3 1 1 1 3 1 1 1 1 1 1 1 1 1 1 1 1
ciInstanceKlass sun/java2d/marlin/ArrayCacheConst 1 1 156 10 100 12 1 1 1 9 7 12 1 1 1 100 1 8 1 10 12 1 9 12 1 1 100 1 10 9 12 1 1 100 1 3 9 12 1 1 5 0 5 0 10 7 12 1 1 1 9 12 1 18 12 1 1 10 100 12 1 1 3 9 12 1 100 1 8 1 10 3 5 0 9 12 1 100 1 8 1 8 1 18 12 1 10 100 12 1 1 1 18 12 1 18 18 12 1 1 1 3 1 3 1 1 1 1 1 1 1 1 1 1 1 1 1 1 1 1 1 1 1 1 1 1 1 1 1 100 1 100 1 1 8 1 8 1 8 1 8 1 8 1 15 10 100 12 1 1 1 1 1 100 1 100 1 1
staticfield sun/java2d/marlin/ArrayCacheConst MAX_ARRAY_SIZE I 16777216
staticfield sun/java2d/marlin/ArrayCacheConst THRESHOLD_ARRAY_SIZE I 16777216
staticfield sun/java2d/marlin/ArrayCacheConst THRESHOLD_HUGE_ARRAY_SIZE J 50331648
staticfield sun/java2d/marlin/ArrayCacheConst ARRAY_SIZES [I 8
staticfield sun/java2d/marlin/ArrayCacheConst $assertionsDisabled Z 1
ciMethod jdk/internal/misc/Unsafe getInt (Ljava/lang/Object;J)I 512 0 256 0 -1
ciMethod jdk/internal/misc/Unsafe putInt (Ljava/lang/Object;JI)V 512 0 256 0 -1
ciMethod jdk/internal/misc/Unsafe getByte (J)B 892 0 172019 0 -1
ciMethod jdk/internal/misc/Unsafe putByte (JB)V 1024 0 97347 0 -1
ciMethod jdk/internal/misc/Unsafe getInt (J)I 526 0 175681 0 -1
ciMethod jdk/internal/misc/Unsafe putInt (JI)V 1024 0 89281 0 -1
ciMethod sun/java2d/marlin/FloatMath max (II)I 512 0 7592 0 96
ciMethod sun/java2d/marlin/FloatMath min (II)I 594 0 11104 0 0
ciMethodData jdk/internal/misc/Unsafe getInt (J)I 2 183188 orig 80 0 0 0 0 0 0 0 0 0 0 0 0 0 0 0 0 0 0 0 0 0 0 0 0 0 0 0 0 0 0 0 0 0 0 0 0 0 0 0 0 0 0 0 0 0 0 0 0 0 0 0 0 0 0 0 0 0 0 0 0 0 0 0 0 0 0 0 0 0 0 0 0 0 0 0 0 0 0 0 0 data 21 0x3000b 0x3 0x0 0x0 0x0 0x0 0x0 0x2 0x1 0x1 0x0 0x0 0x0 0x0 0x0 0x0 0x9 0x3 0x0 0x0 0x0 oops 0 methods 0
ciMethod sun/java2d/marlin/ArrayCacheInt fill ([IIII)V 370 0 2402 0 -1
ciMethod sun/java2d/marlin/ArrayCacheInt check ([IIII)V 0 0 1 0 -1
ciMethod sun/java2d/marlin/ArrayCacheInt$Reference getArray (I)[I 0 0 1 0 -1
ciMethod sun/java2d/marlin/ArrayCacheInt$Reference widenArray ([III)[I 0 0 1 0 -1
ciMethod sun/java2d/marlin/ArrayCacheInt$Reference putArray ([I)[I 0 0 1 0 -1
ciMethod sun/java2d/marlin/MarlinCache clearAARow (I)V 0 0 1 0 -1
ciMethod sun/java2d/marlin/MarlinCache copyAARowNoRLE ([IIII)V 344 4448 2247 0 -1
ciMethod sun/java2d/marlin/MarlinCache copyAARowRLE_WithBlockFlags ([I[IIII)V 0 0 382 0 0
ciMethod sun/java2d/marlin/MarlinCache startRLERow (III)J 228 0 382 0 -1
ciMethod sun/java2d/marlin/MarlinCache expandRowAAChunk (J)V 0 0 1 0 -1
ciMethod sun/java2d/marlin/MarlinCache touchTile (IIII[I)V 232 3016 382 0 -1
ciMethod sun/java2d/marlin/Renderer _endRendering (II)V 202 118798 220 0 -1
ciMethod sun/java2d/marlin/Renderer copyAARow ([IIIIZ)V 516 0 4083 0 0
ciMethod sun/java2d/marlin/MergeSort mergeSortNoCopy ([I[I[I[IIIZLsun/java2d/marlin/DPQSSorterContext;Z)V 0 0 1 0 -1
ciMethodData jdk/internal/misc/Unsafe putInt (JI)V 2 92517 orig 80 0 0 0 0 0 0 0 0 0 0 0 0 0 0 0 0 0 0 0 0 0 0 0 0 0 0 0 0 0 0 0 0 0 0 0 0 0 0 0 0 0 0 0 0 0 0 0 0 0 0 0 0 0 0 0 0 0 0 0 0 0 0 0 0 0 0 0 0 0 0 0 0 0 0 0 0 0 0 0 0 data 22 0x4000b 0x25b 0x0 0x0 0x0 0x0 0x0 0x2 0x1 0x1 0x0 0x0 0x0 0x0 0x0 0x0 0x9 0x4 0x0 0x0 0x0 0x0 oops 0 methods 0
ciMethod sun/java2d/marlin/ArrayCacheConst getNewSize (II)I 0 0 1 0 -1
ciMethodData sun/java2d/marlin/FloatMath min (II)I 2 11093 orig 80 0 0 0 0 0 0 0 0 0 0 0 0 0 0 0 0 0 0 0 0 0 0 0 0 0 0 0 0 0 0 0 0 0 0 0 0 0 0 0 0 0 0 0 0 0 0 0 0 0 0 0 0 0 0 0 0 0 0 0 0 0 0 0 0 0 0 0 0 0 0 0 0 0 0 0 0 0 0 0 0 data 12 0x20007 0xd62 0x38 0x1df3 0x60003 0x1df3 0x18 0x0 0x9 0x2 0x0 0x0 oops 0 methods 0
ciMethodData sun/java2d/marlin/FloatMath max (II)I 2 7529 orig 80 0 0 0 0 0 0 0 0 0 0 0 0 0 0 0 0 0 0 0 0 0 0 0 0 0 0 0 0 0 0 0 0 0 0 0 0 0 0 0 0 0 0 0 0 0 0 0 0 0 0 0 0 0 0 0 0 0 0 0 0 0 0 0 0 0 0 0 0 0 0 0 0 0 0 0 0 0 0 0 0 data 12 0x20007 0x7a 0x38 0x1cee 0x60003 0x1cee 0x18 0x0 0x9 0x2 0x0 0x0 oops 0 methods 0
ciMethodData sun/java2d/marlin/MarlinCache copyAARowNoRLE ([IIII)V 2 2075 orig 80 1 0 0 0 0 0 0 0 0 0 0 0 0 0 0 0 0 0 0 0 0 0 0 0 0 0 0 0 0 0 0 0 0 0 0 0 0 0 0 1 0 0 0 0 0 0 0 0 0 0 0 0 0 0 0 0 0 0 0 0 0 0 0 0 0 0 0 0 0 0 0 0 0 0 0 0 0 0 0 0 data 112 0x60002 0x81b 0xe0007 0x81b 0x50 0x0 0x17000a 0x0 0x1 0x0 0x1c0002 0x0 0x720007 0x81b 0x58 0x0 0x780005 0x0 0x0 0x0 0x0 0x0 0x0 0x7e0007 0x81b 0x58 0x0 0x8c0005 0x0 0x0 0x0 0x0 0x0 0x0 0xd00007 0x81c 0x118 0x18530 0x8000000600de0007 0x1842f 0x70 0x102 0xe60005 0x102 0x0 0x0 0x0 0x0 0x0 0xe90003 0x102 0x88 0xf80005 0x1842f 0x0 0x0 0x0 0x0 0x0 0xfb0005 0x1842f 0x0 0x0 0x0 0x0 0x0 0x1140003 0x18531 0xffffffffffffff00 0x1240007 0x7a3 0x20 0x79 0x13e0007 0x7a3 0x20 0x79 0x14a0007 0x81c 0x50 0x0 0x151000a 0x0 0x1 0x0 0x1560002 0x0 0x1660002 0x81c 0x0 0x0 0x0 0x0 0x0 0x0 0x0 0x0 0x0 0x0 0x0 0x0 0x0 0x0 0x0 0x0 0x9 0x5 0x0 0x0 0x0 0x0 0x0 oops 0 methods 0
ciMethodData sun/java2d/marlin/Renderer copyAARow ([IIIIZ)V 2 4009 orig 80 0 0 0 0 0 0 0 0 0 0 0 0 0 0 0 0 0 0 0 0 0 0 0 0 0 0 0 0 0 0 0 0 0 0 0 0 0 0 0 0 0 0 0 0 0 0 0 0 0 0 0 0 0 0 0 0 0 0 0 0 0 0 0 0 0 0 0 0 0 0 0 0 0 0 0 0 0 0 0 0 data 57 0x20007 0xe2b 0xc8 0x17e 0x80007 0x17e 0x58 0x0 0x160005 0x0 0x0 0x0 0x0 0x0 0x0 0x260005 0x17e 0x0 0x0 0x0 0x0 0x0 0x290003 0x17e 0xa8 0x2f0007 0xe2b 0x58 0x0 0x3d0005 0x0 0x0 0x0 0x0 0x0 0x0 0x490005 0xe2b 0x0 0x0 0x0 0x0 0x0 0x0 0x0 0x0 0x0 0x0 0x0 0x9 0x6 0x0 0x0 0x0 0x0 0x0 0x0 oops 0 methods 0
ciMethodData sun/java2d/marlin/MarlinCache copyAARowRLE_WithBlockFlags ([I[IIII)V 2 382 orig 80 0 0 0 0 0 0 0 0 0 0 0 0 113 1 0 0 0 0 0 0 0 0 0 0 0 0 0 0 0 0 0 0 0 0 0 0 0 0 0 0 0 0 0 0 0 0 0 0 0 0 0 0 0 0 0 0 0 0 0 0 0 0 0 0 0 0 0 0 0 0 0 0 0 0 0 0 0 0 0 0 data 246 0x1b0002 0x17e 0x2a0007 0x17e 0x50 0x0 0x34000a 0x0 0x1 0x0 0x390002 0x0 0x430005 0x17e 0x0 0x0 0x0 0x0 0x0 0x630007 0x17e 0x58 0x0 0x690005 0x0 0x0 0x0 0x0 0x0 0x0 0xc70007 0x17e 0x310 0x1255 0xce0007 0xf59 0x58 0x2fc 0xda0007 0x0 0x2b8 0x2fc 0xe10003 0x2fc 0x298 0xe80007 0xc5d 0x260 0x2fc 0xf20002 0x2fc 0x1040002 0x2fc 0x1110007 0x2fc 0x240 0x4f64 0x11b0007 0x4de6 0x1e8 0x17e 0x1270007 0x17e 0x1c8 0x0 0x1330007 0x0 0x70 0x0 0x1420005 0x0 0x0 0x0 0x0 0x0 0x0 0x1450003 0x0 0xf8 0x15c0005 0x0 0x0 0x0 0x0 0x0 0x0 0x1640005 0x0 0x0 0x0 0x0 0x0 0x0 0x16a0007 0x0 0x38 0x0 0x17a0003 0x0 0x50 0x1880005 0x0 0x0 0x0 0x0 0x0 0x0 0x1960007 0x0 0x58 0x0 0x1a20005 0x0 0x0 0x0 0x0 0x0 0x0 0x1b30003 0x4f64 0xfffffffffffffdf8 0x1b90007 0xc5d 0x20 0x0 0x1c20003 0x1255 0xfffffffffffffd08 0x1ce0007 0x17e 0x70 0x0 0x1dd0005 0x0 0x0 0x0 0x0 0x0 0x0 0x1e00003 0x0 0xf8 0x1f70005 0x17e 0x0 0x0 0x0 0x0 0x0 0x1ff0005 0x17e 0x0 0x0 0x0 0x0 0x0 0x2050007 0x17e 0x38 0x0 0x2150003 0x0 0x50 0x2230005 0x17e 0x0 0x0 0x0 0x0 0x0 0x2310007 0x17e 0x58 0x0 0x23d0005 0x0 0x0 0x0 0x0 0x0 0x0 0x25f0007 0x17e 0x90 0x0 0x2700005 0x0 0x0 0x0 0x0 0x0 0x0 0x2850005 0x0 0x0 0x0 0x0 0x0 0x0 0x2950007 0x17e 0x20 0x0 0x2af0007 0x17e 0x20 0x0 0x2c00007 0x17e 0x40 0x0 0x2c90002 0x0 0x2d90002 0x0 0x0 0x0 0x0 0x0 0x0 0x0 0x0 0x0 0x0 0x0 0x0 0x0 0x0 0x0 0x0 0x0 0x0 0x0 0x0 0x0 0x0 0x0 0x0 0x9 0x6 0x0 0x0 0x0 0x0 0x0 0x0 oops 0 methods 0
ciMethodData sun/java2d/marlin/Renderer _endRendering (II)V 2 119 orig 80 0 0 0 0 0 0 0 0 0 0 0 0 0 0 0 0 0 0 0 0 0 0 0 0 0 0 0 0 0 0 0 0 0 0 0 0 0 0 0 0 0 0 0 0 0 0 0 0 0 0 0 0 0 0 0 0 0 0 0 0 0 0 0 0 0 0 0 0 0 0 0 0 0 0 0 0 0 0 0 0 data 872 0x30007 0x77 0x20 0x0 0x160007 0x73 0x38 0x4 0x1a0003 0x4 0x18 0xe40007 0x0 0x58 0x77 0xeb0007 0x6f 0x38 0x8 0xef0003 0x8 0x18 0x1130007 0x77 0x16b8 0x4316 0x1230007 0x40de 0x5e0 0x238 0x1290007 0x238 0x58 0x0 0x1380005 0x0 0x0 0x0 0x0 0x0 0x0 0x13f0007 0x5f 0xb0 0x1d9 0x1530007 0x1d9 0x90 0x5c6 0x1650005 0x5c6 0x0 0x0 0x0 0x0 0x0 0x16a0007 0x2ea 0x20 0x2dc 0x17a0003 0x5c6 0xffffffffffffff88 0x18c0007 0xe 0x4b8 0x22a 0x1920007 0x22a 0xb0 0x0 0x1a10005 0x0 0x0 0x0 0x0 0x0 0x0 0x1a80007 0x0 0x58 0x0 0x1b70005 0x0 0x0 0x0 0x0 0x0 0x0 0x1c50007 0x22a 0x188 0x0 0x1cb0007 0x0 0x58 0x0 0x1da0005 0x0 0x0 0x0 0x0 0x0 0x0 0x1e80005 0x0 0x0 0x0 0x0 0x0 0x0 0x1fc0005 0x0 0x0 0x0 0x0 0x0 0x0 0x2030007 0x0 0x58 0x0 0x2120005 0x0 0x0 0x0 0x0 0x0 0x0 0x21e0002 0x0 0x2210005 0x0 0x0 0x0 0x0 0x0 0x0 0x23c0007 0x22a 0x70 0x3a8 0x24e0005 0x3a8 0x0 0x0 0x0 0x0 0x0 0x2560003 0x3a8 0xffffffffffffffa8 0x25d0007 0x22a 0x1b0 0x0 0x2660005 0x0 0x0 0x0 0x0 0x0 0x0 0x26d0007 0x0 0x58 0x0 0x27c0005 0x0 0x0 0x0 0x0 0x0 0x0 0x2860005 0x0 0x0 0x0 0x0 0x0 0x0 0x2950005 0x0 0x0 0x0 0x0 0x0 0x0 0x29c0007 0x0 0x58 0x0 0x2ab0005 0x0 0x0 0x0 0x0 0x0 0x0 0x2b50005 0x0 0x0 0x0 0x0 0x0 0x0 0x2c60007 0x22a 0x40 0x0 0x2cd0007 0x0 0x20 0x0 0x2d60007 0x0 0xed8 0x4316 0x2dd0007 0x4316 0x60 0x0 0x2e40007 0x0 0x510 0x0 0x2ec0007 0x0 0x4f0 0x0 0x2f20007 0x4316 0x90 0x0 0x3010005 0x0 0x0 0x0 0x0 0x0 0x0 0x3100005 0x0 0x0 0x0 0x0 0x0 0x0 0x3170007 0x4316 0x38 0x0 0x31b0003 0x0 0x18 0x32c0007 0x4316 0xa20 0x8bdc 0x3420005 0x8bdc 0x0 0x0 0x0 0x0 0x0 0x3540005 0x8bdc 0x0 0x0 0x0 0x0 0x0 0x3610005 0x8bdc 0x0 0x0 0x0 0x0 0x0 0x36b0005 0x8bdc 0x0 0x0 0x0 0x0 0x0 0x3800005 0x8bdc 0x0 0x0 0x0 0x0 0x0 0x38f0005 0x8bdc 0x0 0x0 0x0 0x0 0x0 0x3950007 0x8bdc 0x58 0x0 0x3a40005 0x0 0x0 0x0 0x0 0x0 0x0 0x3ab0007 0x89f1 0x228 0x1eb 0x3b10007 0x1eb 0x58 0x0 0x3c00005 0x0 0x0 0x0 0x0 0x0 0x0 0x3c50007 0x1eb 0x140 0x0 0x3cc0007 0x0 0x120 0x0 0x3d20007 0x0 0x58 0x0 0x3e10005 0x0 0x0 0x0 0x0 0x0 0x0 0x3fd0007 0x0 0x38 0x0 0x4060003 0x0 0x18 0x4130007 0x0 0xffffffffffffffc8 0x0 0x4200007 0x0 0x38 0x0 0x43e0003 0x0 0xffffffffffffffe0 0x44f0003 0x0 0x88 0x4710007 0x120 0x58 0x1ce 0x47b0007 0xcb 0x38 0x103 0x4960003 0x103 0xffffffffffffffc0 0x4ab0003 0x1eb 0x18 0x4bb0003 0x8bdc 0xfffffffffffffc10 0x4c10007 0x0 0x100 0x0 0x4d00005 0x0 0x0 0x0 0x0 0x0 0x0 0x4e60005 0x0 0x0 0x0 0x0 0x0 0x0 0x4f50005 0x0 0x0 0x0 0x0 0x0 0x0 0x5040005 0x0 0x0 0x0 0x0 0x0 0x0 0x50c0007 0x0 0x38 0x0 0x5100003 0x0 0x18 0x5190007 0x0 0x78 0x0 0x51e0007 0x0 0x40 0x0 0x5260007 0x0 0x38 0x0 0x52a0003 0x0 0x18 0x5330007 0x0 0xb0 0x0 0x5380007 0x0 0x90 0x0 0x5470007 0x0 0x38 0x0 0x54c0003 0x0 0x18 0x5510005 0x0 0x0 0x0 0x0 0x0 0x0 0x55f0007 0x0 0x3a8 0x0 0x5750005 0x0 0x0 0x0 0x0 0x0 0x0 0x5870005 0x0 0x0 0x0 0x0 0x0 0x0 0x5940005 0x0 0x0 0x0 0x0 0x0 0x0 0x59e0005 0x0 0x0 0x0 0x0 0x0 0x0 0x5b30005 0x0 0x0 0x0 0x0 0x0 0x0 0x5c20005 0x0 0x0 0x0 0x0 0x0 0x0 0x5c80007 0x0 0x58 0x0 0x5d70005 0x0 0x0 0x0 0x0 0x0 0x0 0x5dc0007 0x0 0x70 0x0 0x5e10007 0x0 0x38 0x0 0x5eb0003 0x0 0x188 0x5fc0003 0x0 0x170 0x6030007 0x0 0x70 0x0 0x6080007 0x0 0x38 0x0 0x6190003 0x0 0x118 0x6230003 0x0 0x100 0x62a0007 0x0 0xe8 0x0 0x6300007 0x0 0x58 0x0 0x63f0005 0x0 0x0 0x0 0x0 0x0 0x0 0x6610007 0x0 0x58 0x0 0x66b0007 0x0 0x38 0x0 0x6860003 0x0 0xffffffffffffffc0 0x69b0003 0x0 0x18 0x6b20003 0x0 0xfffffffffffffc70 0x6c70002 0x0 0x6dd0007 0x349b 0x20 0xe7b 0x6f30007 0x34c2 0x20 0xe54 0x70d0007 0x3f56 0x180 0x3c0 0x71b0007 0x3c0 0x310 0x3c0 0x7390007 0x0 0x128 0x3c0 0x73f0007 0x3c0 0x38 0x0 0x7440003 0x0 0x18 0x74e0007 0x3c0 0x38 0x0 0x7550003 0x0 0x18 0x7640007 0x0 0x98 0x3c0 0x7870007 0x3c0 0x58 0x0 0x7a90007 0x0 0x58 0x0 0x7b50003 0x0 0x38 0x8010007 0x20 0x20 0x3a0 0x8240003 0x3c0 0xfffffffffffffeb8 0x8360007 0x41f6 0x58 0x4266 0x83d0007 0x3fc6 0x140 0x2a0 0x8440003 0x2a0 0x120 0x84a0007 0x3160 0x38 0x1096 0x84f0003 0x1096 0x18 0x8590007 0x3160 0x38 0x1096 0x8600003 0x1096 0x18 0x86f0007 0x0 0x98 0x41f6 0x8920007 0x41cf 0x58 0x27 0x8b40007 0x27 0x58 0x0 0x8c00003 0x0 0x38 0x90c0007 0x3eaf 0x20 0x320 0x9290007 0x4506 0x38 0x3f56 0x92c0003 0x3f56 0x30 0x9490003 0x4506 0xfffffffffffffe68 0x9530007 0x3ab5 0x1c8 0x861 0x9600002 0x861 0x96c0002 0x861 0x9780007 0x0 0x150 0x861 0x9880005 0x861 0x0 0x0 0x0 0x0 0x0 0x98d0007 0x781 0x130 0xe0 0x99b0007 0x0 0x58 0xe0 0x9aa0007 0x0 0x38 0xe0 0x9ae0003 0xe0 0x18 0x9b70007 0xe0 0xb8 0x0 0x9c20002 0x0 0x9d60005 0x0 0x0 0x0 0x0 0x0 0x0 0x9d90003 0x0 0x50 0x9e00005 0x0 0x0 0x0 0x0 0x0 0x0 0x9f10003 0x4316 0xffffffffffffe960 0xa010002 0x77 0xa0d0002 0x77 0xa190007 0x68 0x70 0xf 0xa290005 0xf 0x0 0x0 0x0 0x0 0x0 0xa2c0003 0xf 0x70 0xa330007 0x68 0x58 0x0 0xa3a0005 0x0 0x0 0x0 0x0 0x0 0x0 0xa4c0007 0x77 0x20 0x0 0x0 0x0 0x0 0x0 0x0 0x0 0x0 0x0 0x0 0x0 0x0 0x0 0x0 0x0 0x0 0x0 0x0 0x0 0x0 0x0 0x0 0x0 0x0 0x0 0x0 0x0 0x0 0x0 0x0 0x0 0x0 0x0 0x0 0x0 0x0 0x0 0x0 0x0 0x0 0x0 0x0 0x0 0x0 0x0 0x0 0x0 0x0 0x0 0x0 0x0 0x0 0x0 0x0 0x0 0x0 0x0 0x0 0x0 0x0 0x0 0x0 0x0 0x0 0x0 0x0 0x0 0x0 0x0 0x0 0x0 0x0 0x0 0x0 0x0 0x0 0x0 0x0 0x0 0x0 0x0 0x0 0x0 0x0 0x0 0x0 0x9 0x3 0x0 0x0 0x0 oops 0 methods 0
compile sun/java2d/marlin/Renderer _endRendering (II)V 2093 4 inline 14 0 -1 0 sun/java2d/marlin/Renderer _endRendering (II)V 1 2400 0 sun/java2d/marlin/FloatMath max (II)I 1 2412 0 sun/java2d/marlin/FloatMath min (II)I 1 2440 0 sun/java2d/marlin/Renderer copyAARow ([IIIIZ)V 1 357 0 jdk/internal/misc/Unsafe getInt (J)I 1 590 0 jdk/internal/misc/Unsafe getInt (J)I 1 834 0 jdk/internal/misc/Unsafe getInt (J)I 1 852 0 jdk/internal/misc/Unsafe getInt (J)I 1 865 0 jdk/internal/misc/Unsafe getInt (J)I 1 875 0 jdk/internal/misc/Unsafe getInt (J)I 1 896 0 jdk/internal/misc/Unsafe putInt (JI)V 1 911 0 jdk/internal/misc/Unsafe putInt (JI)V 1 2561 0 sun/java2d/marlin/FloatMath max (II)I 1 2573 0 sun/java2d/marlin/FloatMath min (II)I
