:020000040800F2
:10000000B0750020AD020008A34B0008C9470008E6
:10001000A14B00083D090008D56E00080000000053
:10002000000000000000000000000000ED010008DA
:10003000691300080000000049020008855C000800
:10004000C7020008C7020008C7020008C70200086C
:10005000C7020008C7020008C7020008C70200085C
:10006000C7020008C7020008C7020008C70200084C
:10007000C7020008C7020008C7020008C70200083C
:10008000C702000800000000C7020008C7020008FD
:10009000C7020008711300087D130008C70200089A
:1000A000C7020008C7020008C7020008C70200080C
:1000B000C7020008155D0008C7020008C702000853
:1000C000C7020008C7020008C7020008C7020008EC
:1000D0007D550008C7020008296E0008C702000805
:1000E000C7020008C7020008C7020008C7020008CC
:1000F000C7020008C7020008C7020008000000008D
:1001000000000000C7020008000000008955000838
:10011000C702000800000000215D0008C7020008B7
:10012000C7020008C7020008C7020008C70200088B
:10013000C70200080000000000000000C70200081D
:10014000C7020008C702000800000000000000000D
:10015000000000000000000000000000000000009F
:10016000000000000000000000000000C7020008BE
:10017000C7020008000000000000000000000000AE
:1001800000000000C702000800000000000000009E
:10019000000000000000000000000000000000005F
:1001A0000000000000000000C7020008C7020008AD
:1001B000C7020008C7020008C702000800000000CC
:1001C00000000000C702000800000000000000005E
:1001D000C7020008C7020008DFF80CD000F0D4FA0C
:1001E000004800472B8B0008B07500202C4B196885
:1001F0000868B0E8F04F80F30988BFF36F8F4FF0C5
:10020000000080F311887047000000000848006873
:10021000006880F308884FF0000080F3148862B60D
:1002200061B6BFF34F8FBFF36F8F00DF00BF00BF1A
:1002300008ED00E0DFF80C00016841F47001016096
:10024000704700BF88ED00E0EFF30980BFF36F8FC8
:10025000134B1A681EF0100F08BF20ED108A20E91A
:10026000F04F106009B44FF0500080F31188BFF3D5
:100270004F8FBFF36F8F09F04BFF4FF0000080F3FB
:10028000118809BC19680868B0E8F04F1EF0100F1B
:1002900008BFB0EC108A80F30988BFF36F8F7047F6
:1002A0004C000020EFF305807047000006488047AF
:1002B00006480047FEE7FEE7FEE7FEE7FEE7FEE74B
:1002C000FEE7FEE7FEE7FEE7055D0008D90100084E
:1002D0002DE9F05F0546002092469B46884606467B
:1002E000814640241BE0284641464746224600F00E
:1002F00083F853465A46C01A914110D31146184606
:10030000224600F06AF82D1A67EB01084F46224694
:100310000120002100F061F817EB00094E41201E7A
:10032000A4F10104DFDC484631462A464346BDE8D5
:10033000F09F40EA01039B0703D009E008C9121FA0
:1003400008C0042AFAD203E011F8013B00F8013B8F
:10035000521EF9D27047D2B201E000F8012B491EBB
:10036000FBD270470022F6E710B513460A46044652
:100370001946FFF7F0FF204610BD421C10F8011B84
:100380000029FBD1801A704700F0004230F0004095
:100390000AD0C10D01F56071C0F3160042EA0151A7
:1003A000C20840071143704700200146704730B52E
:1003B0000B46014600202022012409E021FA02F523
:1003C0009D4205D303FA02F5491B04FA02F52844BD
:1003D000151EA2F10102F1DC30BD202A04DB203A17
:1003E00000FA02F1002070479140C2F1200320FA88
:1003F00003F3194390407047202A04DB203A21FA86
:1004000002F00021704721FA02F3D040C2F120022D
:1004100091400843194670472DE9FE4F804681EA16
:100420000300C00F0C46009021F0004123F000456E
:10043000B8EB0200A94105D24046214690461C4631
:100440000B46024623F00040104347D0270DC7F368
:100450000A00C3F30A510290401A019040286BDA57
:10046000C3F3130040F4801B0098924620B1002390
:10047000D2EB030A63EB0B0B01985946C0F1400223
:100480005046FFF7AAFF06460D4650465946019AC8
:1004900000F08CF910EB08006141002487EA11524A
:1004A00084EAE7731A4340D0009A62B3019A012AA2
:1004B0004FEA075215DC001B61EB02014FF00042CE
:1004C00002EA0752CDE90042001C41F58011324694
:1004D0002B4600F08CF903B0BDE8F08F4046214672
:1004E000F9E7001B61EB0201001C41F580130018C5
:1004F0005B412018A2F5001747EB030140EAD570D5
:10050000B6196D4111E06D084FEA360645EAC0752F
:100510004FEA0752001B61EB0201001C41F58011FC
:1005200049084FEA30000019514132462B4603B0CA
:10053000BDE8F04F00F04CB90098012240000023C4
:10054000D0EB020263EBE073009821464FEAE074BF
:10055000B8EB000061EB0401E9E783F000435BE7DF
:1005600081F0004158E72DE9FE4F81EA030404F0D1
:10057000004421F0004100944FF0000B23F00043B1
:1005800050EA01045ED052EA03045BD0C3F30A547C
:10059000C1F30A552C44A4F2F3340194A0FB025495
:1005A000C1F3130141F48011C3F3130343F4801327
:1005B00001FB024400FB034E840A970A44EA81547B
:1005C00047EA8357A4FB076802958D0A05FB078558
:1005D0004FEA932C04FB0C542705029D4FEA065862
:1005E00047EA1637B5EB08056EEB070C870E920E3F
:1005F00047EA811742EA8312A7FB0201B6EB0B011F
:1006000064EB00042B0D43EA0C335E1844EB1C50E2
:10061000DA465146E7FB0201C5F313044FEA0B33F8
:1006200043EA14534FEA0432019C43EA0603A4F15F
:100630000C040294009CCDE900B400F0D8F803B09B
:10064000BDE8F08F00200146F9E72DE9F04D81EA81
:10065000030404F0004B21F0004514464FF0000A5B
:1006600023F0004150EA050220D054EA01021DD0D7
:10067000C5F30A570246C5F31303C1F31300C1F3D0
:100680000A5640F4801543F48013A7EB0608101BAC
:10069000D64608F2FD3873EB050002D308F10108D5
:1006A00001E092185B41B8F1000F03DA0020014627
:1006B000BDE8F08D00204FF48011064684460EE020
:1006C000171B73EB050705D3121B63EB05030643EA
:1006D0004CEA010C49084FEA300092185B4150EA9D
:1006E0000107EDD152EA030012D082EA040083EA46
:1006F0000501084305D0101BAB4106D2012200239F
:1007000006E000224FF0004302E06FF001025310B8
:100710001AEB06004CEB085110EB0A0041EB0B0101
:10072000BDE8F04D00F054B8C1F30A52C1F3130113
:1007300040F2FF3341F480119A4202DA0020014670
:10074000704740F233439A42A2F2334202DC5242F3
:10075000FFF752BEFFF741BE30B5041E71F1000431
:1007600004DB4FF00044404264EB0101141E73F1BE
:10077000000405DB1C464FF00043524263EB0403C8
:10078000994208BF904230BD064C074D06E0E06834
:1007900040F0010394E8070098471034AC42F6D3C8
:1007A000FFF71EFD54B2000874B20008202A06DBD1
:1007B000CB17203A41FA02F043EAE07306E041FA2F
:1007C00002F3D040C2F1200291400843194670471D
:1007D00010B5141E73F1000408DA401C41F1000149
:1007E00092185B411A4301D120F0010010BD2DE9A0
:1007F000F04D92469B4611B1B1FA81F202E0B0FA97
:1008000080F220329046FFF7E8FD04460F4640EAAA
:100810000A0041EA0B0153465A46084313D01146D9
:1008200053EA010019D0C8F140025046FFF7E4FD39
:1008300005460E46504659464246FFF7CEFD084350
:1008400005D0012004E020463946BDE8F08D0020A7
:10085000054346EAE0762C4337430A986305E40AE9
:10086000A0EB08000022FD0A44EA47540A3002D5F2
:1008700000200146E9E7010510196941DDE9084555
:1008800000196941BDE8F04DA2E730B58C1810F8A9
:10089000012B12F00F0301D110F8013B120906D110
:1008A00010F8012B03E010F8015B01F8015B5B1EFF
:1008B000F9D101E001F8013B521EFBD1A142E6D380
:1008C000002030BD10B500F025FD012210214FF0B1
:1008D000904001F00FFFBDE810404FF4FA7000F0B7
:1008E0002DBD000070B5124C002543F6FF70257039
:1008F00004F002FE217809B1657070BD00EE100AA7
:10090000DFED0C0A6080B8EE400A012020EE200ADC
:10091000DFED090A20EE200A84ED020A607043F63A
:10092000FE7004F0E9FD21780029E6D1A08070BDB9
:10093000CC0000200000B44300008038FEE7000037
:1009400070B5544E2DED028B82B0C6E907014FF40D
:1009500080615148FFF706FD4F4C4DF231400025B4
:1009600024F8020B40F20F1024F81E0B4B480188AC
:10097000C1F30A0124F8021B24F82E5B24F82C5C36
:10098000D0ED2C0A9FED461AB6EE000A00EE810A61
:10099000BCEEC00A10EE100A6086A586284607F055
:1009A0002FFB9FED400A0F2086ED0A0A24F8280C41
:1009B00041F29411302008F0F5FE4FF47A70A082D5
:1009C000258309F0C1F85020A0833221E1836421FE
:1009D00021840A2161842F21A184FA21E1847821D4
:1009E00021856185A0852820E085012020862E496B
:1009F000432008F0D5FE0021452008F0D1FEDC2080
:100A0000E08707F073FE07F0D3FD07F0E7FE9FEDE8
:100A1000278A8DED008A8DF8045004F0C3F806F1A2
:100A2000380101AB6A46081F04F0BEF8707270B15D
:100A300096ED0E0A07F044FF10EE100A1C4988429A
:100A400003DD96ED0E0A86ED0A0A707A48B9194858
:100A5000007820B106F0DCFE86ED0D0A01E086ED9F
:100A60000D8AB5709DF8040008B19DED008A12480A
:100A700086ED0B8AF570357175713572B57105703B
:100A8000B57208F001FA02B0BDEC028BBDE870400F
:100A900009F0ACB820010020386D0020A4610020CE
:100AA00000007A440000D441F9FDFFFF000000007F
:100AB000BD378635CD000020106B00202DE9F041B8
:100AC0000C462DED028B304807F097FC20782F4F15
:100AD00000092D4EA7F80602A079A7F80802E079D0
:100AE0002B4CA7F80A020125607918BB07F01CF807
:100AF00000B309F013F8F0EE400A96ED088AF0EE24
:100B0000608A07F0D7FFC8EE280A002030EE600A9E
:100B100084ED0B0AE5702071A5706571257208F0EF
:100B2000A5F9A7F50A70007858B1B88C48B107F05C
:100B3000EFF806E006F0F8FF18B9208B40F480606B
:100B4000208306F071FE10B107F0B4FF03E096EDCC
:100B5000080A08F069F80F48D6ED090A96ED0A1A56
:100B600080EC030AE572DFED0C0A4FF48070BDECF7
:100B7000028B20EE200ABDE8F041BDEEC00A10EE67
:100B8000101A08F00DBE0000A4610020386D00208E
:100B900020010020286B002000007A442DE9F05F3E
:100BA000FE4D0246E86982427ED16982042904D35F
:100BB000FB4E0C463178022903D04FF48072F8497D
:100BC00065E2A01E81B2304607F032FB311931F8E0
:100BD000021C8842707801D0032146E04FF00008E3
:100BE0008246C14603280BD0DFF8B4B3BAF1060F32
:100BF000ABF1240B2DD0BAF1100F6ED0012133E0F0
:100C0000082C6BD3708843BAB08841BA5818B0F535
:100C1000007F00D30021E34A0220032610705670A3
:100C200048009070002002F582770CE01C1802EB5F
:100C3000400C37F81440401C4FEA14288CF803800D
:100C40008CF8044080B28842F0D306EB410080B2B9
:100C5000EAE1082CD5D3708844BAB08847BA204658
:100C600007F04CFF28B102215046BDE8F05F08F0C4
:100C70003BBFDFF83483162C28F8147015D0172CDE
:100C80001BD0342C20D0482C29D0302C3DD0312CF6
:100C90003BD0322C39D0A4F13600112838D807F0D7
:100CA00025FD07F085FCB0E0FAE1012F02D101201B
:100CB00006F064FFA8F82C90A7E0012F01D107F0FF
:100CC00029F9A8F82E90A0E0A7F525405A3801D1BF
:100CD00004F082F8A8F8689097E09DE01CE1A7F581
:100CE00025405A380BD067B106F002FFA8F89000F3
:100CF0009BF8000000280AD0B8F8240082E0012008
:100D000000E0002007F07CF9F2E708F01DFF7CE02E
:100D1000422C1AD0102C1DD0112C20D0122C23D0F4
:100D2000242C70D0252C6ED0202C6CD0212C6AD095
:100D3000222C3ED0232C3CD0262C64D0272C62D0F1
:100D4000142C60D0132C37D05FE08FB3F8B206F0CC
:100D500073FD5AE09548C7F30A01018055E008F099
:100D600045FF06F08BFE50E008F040FFDFB104F0D5
:100D700059F830B1A8F824908C49286A07F001FB93
:100D800043E006F0D1FE28B907F052F9288B40F471
:100D9000806028838549286A07F014FB01F0B0FCC5
:100DA00007F024F92CE085F80D9006F0A3FFE3E7A7
:100DB00011E00120A87226E0012F26D17B49286A84
:100DC00007F084FA04F02EF830B17849286A07F069
:100DD000D8FAA8F8249018E006F0A6FE28B907F083
:100DE00027F9288B40F4806028837049286A07F02F
:100DF000E9FA01F085FC07F0F9F80120A8F82400D1
:100E00009BF8000008B106F083FF6648316824387B
:100E10004162B188018506E1092C7DD3708844BA0E
:100E2000B08847BAB0797906090E814274D10020A2
:100E30000BE000BF04EB080080B207F05FFE002863
:100E40007FF411AF08F1010080B28046B842F1D3BF
:100E50000020DFF8548109E006EB40012318B1F8C7
:100E60000710401C49BA28F8131080B2B842F3D3D7
:100E7000312C04D8E019302801D908F065FE322C55
:100E800004D8E019322801D908F05EFE472C06D8B4
:100E9000E019362803D907F029FC07F089FB422C1A
:100EA00008D8E019422805D9B8F8840010B1C0B2BA
:100EB00006F0C2FC342C0CD8E019342809D9B8F853
:100EC0006810A1F525405A3801D103F085FFA8F834
:100ED0006890482C16D8E019482813D9B8F8900023
:100EE000A0F525415A3918D0C0B106F001FEA8F886
:100EF000900000BF9BF8000020B1B8F8240008B1B2
:100F000006F006FF172C10D8E01917280DD9B8F8ED
:100F10002E00012805D006E087E0012007F070F8D8
:100F2000E8E706F0F7FFA8F82E90122C0ED8E0198B
:100F300012280BD9B8F8240040B103F073FF28B190
:100F4000A8F824901949286A07F01BFA272C0AD818
:100F5000E019202807D9232C03D8222801D9012001
:100F6000A87206F0D5FE142C04D8E019142801D973
:100F700006F0CEFE102C08D8E019102805D9B8F8D4
:100F80002000C0F30A0109480180112C13D8E01990
:100F900011283BD908F02AFE0AE0000020010020B9
:100FA000346B0020346C0020386D0020A4610020D8
:100FB00006F064FD01E0122C28D8E019122825D98A
:100FC00008F014FEB8F824004446E8B303F02AFF02
:100FD00030B1A4F824903349286A07F0D2F915E01B
:100FE00006F0A2FD28B907F023F8288B40F48060B2
:100FF00028832C49286A07F0E5F901F081FB06F007
:10100000F5FF9BF8000008B106F082FE2648022199
:10101000017010214170B1788170F178C17031791F
:101020000171717941710620804641461E4807F0E2
:10103000FFF81D4A08F1010189B202F80800000A10
:101040005054491CA98200E004E001242C70687807
:1010500028B118E085F80D9006F04CFEBBE74FF084
:10106000904601220221304601F044FBAA8A0E4933
:10107000E86903F055FB70B185F800900022022169
:10108000304601F037FB0949E8694FF48072BDE84A
:10109000F05F02F0E1BF6C7001F032FB6862F2E7D2
:1010A000BDE8F09FA4610020346C0020346B002068
:1010B00010B50E4CE169884216D100206070207096
:1010C00060620868C169C9434906FBD40022022155
:1010D0004FF0904001F00EFBE069BDE810404FF486
:1010E0008072034902F0B8BF10BD0000200100204B
:1010F000346B00202DE9F0432DED028B83B001F01D
:10110000FFFA002604460096ADF8046001A968467F
:1011100003F072FE03F06AFE6C4FA7F80C0240F277
:101120000710009908F03EFBBDF80400A7F8120272
:1011300003F078FE664D5FEA00080AD0BE846E7345
:1011400006F0D8FD687C20B9286A10B1614907F023
:1011500018F985F81180B88C40B106F0E5FC28B983
:1011600006F066FF288B40F480602883DFF86881F2
:10117000686D4FF0010910B1201A142832D3EFF333
:10118000108072B6E97A49B1534991ED068AD1EDE2
:10119000070A91ED081AEE7210B102E068B121E081
:1011A00062B6B0EE480A00F003FB98F80010C1B137
:1011B000B98CB1B1697B11B113E062B612E0D8ED20
:1011C000020AB0EE480A06F02FFD50B185F80D90E6
:1011D00085ED118A288B40F4007028833E4806F084
:1011E00083FB6C65A86D10B1201A322802D306F07B
:1011F00031FFAC65E86D10B1201A142810D3EC65EE
:1012000098F8000060B1B88CD0B1687B50B903F099
:10121000FFFD28B906F088FC10B12F4806F064FBEA
:10122000B88C68B1286A58B1E96C8C4208D2296D33
:1012300011B1611A322903D3264907F0C3F82C658E
:1012400068784FF480784FF09047A0B1686A201A10
:10125000142810D9E86902F07FFF6E702E7000220A
:10126000022138466E6201F045FA1B49424624319C
:10127000E86902F0F1FE2878002821D0687800287B
:101280001ED101220221384601F034FAAA8A1349FC
:10129000E86903F045FA80B12E7000220221384639
:1012A00001F028FAE86903B04246BDEC028B0A4916
:1012B000BDE8F043243102F0CFBE85F801906C62A6
:1012C00003B0BDEC028BBDE8F0830000386D002058
:1012D00020010020A4610020106B0020346C00204D
:1012E00010B5002202214FF0904001F003FA0748A8
:1012F0000021417001704162C069082102681162D9
:101300004A01BDE81040024902F0A6BE20010020BB
:10131000346B002007480168C90103D4016841F01B
:1013200080710160044800214160016841F00101C1
:1013300001607047FCED00E0001000E0074A10B5C6
:1013400053680749074C0968B1FBF4F1414300E0D9
:1013500000BF5068C01A8842FAD310BD001000E0E8
:101360004800002040420F00704772B6FEE70000C0
:10137000014800F0E2BC000080010020014800F0BC
:10138000DCBC000080010020F0B5D1E901650C69EA
:101390002C430D68C6B145F080452C43D1E9066564
:1013A000354391F820704E69406D46EA0766354333
:1013B0008E8903EBC30300EBC30045EA0645E0E872
:1013C00002450023084C0AE044EA8544E6E7D618C3
:1013D000D55CD6F801601B1D45EA062520C0CD6806
:1013E000655D9D42F3D8F0BDF0AF0008144A117F4F
:1013F0001448012901D003290FD1036823F4007395
:101400000360036843F400630360036823F400632C
:101410000360036843F400730360022901D00329C9
:101420000BD1016841F480510160016821F48051C1
:101430000160016841F4806101600020107770470D
:101440002800002000200240C107054803D0416960
:1014500041F004014161416941F4803141617047CB
:101460000020024008494A69C0B222F4FC7242EAF4
:10147000C0004861486940F002004861486940F492
:10148000803048617047000000200240054910B5D7
:101490004C6944F001044C610260BFF36F8F4360FC
:1014A00010BD000000200240094A10B554694023D5
:1014B00044F480245461EFF3108272B610C95B1EAD
:1014C00010C013F0FF03F9D182F3108810BD0000A3
:1014D0000020024070B5064601F012F90546134C93
:1014E00007E000BF01F00CF9401BB04201D9032016
:1014F00070BD2069C003F5D420694CF2FA31084070
:101500000CD00B494A6802434A60810F01D0A1699F
:10151000A161810000D02061012070BD2069C00759
:1015200001D001202061002070BD00000020024099
:1015300028000020002803D040220249FEF7F9BE0F
:101540007047000038710020002803D0342202497F
:10155000FEF7EFBE704700007871002020489FED35
:101560001F0ADFED230A80ED000A9FED1E0AB7EE89
:10157000001A80ED010A9FED1C0A012180ED020A8C
:101580009FED1A0A80ED030A9FED1A0AC0ED040AC6
:1015900080ED050A80ED061A9FED171A80ED071AF7
:1015A000B5EE001A80ED081A80ED090A80ED0A0AEE
:1015B0009FED120AC0ED0B0A80ED0C0A9FED100A98
:1015C00080ED0D0A9FED0F0A80ED0E0A80F83C10A9
:1015D000032180F83D1000F017B80000CDCCCC3DC1
:1015E00038710020CDCC4C3D0AD7233C8FC2F53C4E
:1015F0000AD7A33D8FC2F53D221843380AD7233DB1
:101600002DE104BF0000000010B534210648FEF7AC
:10161000A9FE0548403890F93C0007F019FB024943
:1016200081F8320010BD00007871002010B500284C
:101630002DED028B7DD0014640225848FEF779FE01
:10164000564C94ED000A9FED568AB5EEC00AF1EEB5
:1016500010FA01D284ED008A20684FF07E51B7EE77
:10166000000A884201DD84ED000AD4ED010AF5EE9E
:10167000C00AF1EE10FA01D284ED018AD4ED020A1B
:10168000F5EEC00AF1EE10FA01D284ED028AA068EC
:10169000884201DD84ED020A94ED030AB5EEC00A2A
:1016A000F1EE10FA01D284ED038A94ED040AB5EE4E
:1016B000C00AF1EE10FA01D284ED048A94ED050A15
:1016C000B5EEC00AF1EE10FA01D284ED058A94ED70
:1016D000060AB5EEC00AF1EE10FA01D284ED068AD0
:1016E00094ED070AB5EEC00AF1EE10FA01D284EDCE
:1016F000078A94ED080AB5EEC00AF1EE10FA01D29D
:1017000084ED088A94ED090AB5EEC00AF1EE10FAEC
:1017100001D284ED098A94ED0A0AB5EEC00AF1EE11
:1017200010FA01D284ED0A8A94ED0B0AB5EEC00AD4
:1017300000E02FE0F1EE10FA01D284ED0B8A94ED77
:101740000C0AB5EEC00AF1EE10FA03D89FED150AA7
:1017500084ED0C0A94ED0E0AD4ED0D0A30EE600A09
:1017600007F0B6F810EE100A0F49884205DC9FED2D
:101770000F0A84ED0D0A84ED0E8A14F93C0F07F070
:1017800067FA04F8010B14F83D09002802D1012082
:1017900084F83D00BDEC028B10BD000038710020C4
:1017A000000000006F12833A17B7D1382DE104BF53
:1017B00070B56B4C2DED028BB0EE608A84ED0B0A98
:1017C00084ED0A8A84ED001AD4ED011AA4F14005D3
:1017D00031EE610AD5ED000A40EE801AB0EE480AFB
:1017E000C4ED011A07F074F8D5ED010AB4EEE00A71
:1017F000F1EE10FA16D294ED000A07F069F8D5ED73
:10180000030AB4EEE00AF1EE10FA0BD2D4ED010AAD
:1018100094ED020A95ED021A70EEC00A01EE200A5C
:1018200084ED020AB0EE480A07F0F4F8D4ED020A9B
:1018300030EE200A84ED030A94ED040A07F048F81C
:1018400010EE100A4749884202DA94ED030A09E0D3
:10185000D4ED030A94ED040A70EEC00A9FED421A1B
:1018600000EE810A84ED040A94ED010AD4ED040A25
:1018700070EE600AC4ED050AD4ED020A95F93C0049
:1018800070EE600A00EE100AB8EEC00A60EE800A40
:101890009FED360AC4ED070AF5EEC00AF1EE10FA24
:1018A00001D284ED070A84ED060AD4ED070A70EE32
:1018B000C00AC4ED080AF5EEC00AF1EE10FA01D232
:1018C00084ED080A94ED090AD4ED081AD5ED060A4C
:1018D000B0EE401A002011EEA01AF5EE001A01EE4B
:1018E000210A84ED090A95ED041A94F8301061EE8E
:1018F000200A9FED1F1A20EE811AA1B1B4EEC10A91
:10190000F1EE10FA28D294F83110FF2902D2491CC6
:1019100084F83110C9B2052902D304F8300F607081
:10192000BDEC028B70BDB4EEE00AF1EE10FA07DDFB
:1019300094F83110FF2905D2491C84F8311001E0D8
:1019400084F8310094F8311095F83D209142E7D3A6
:10195000012104F8301FE2E784F83100E0E70000DD
:1019600078710020BD378635CDCC4C3D000000009D
:101970009A99193F10B590F8253000210122022BC9
:1019800003D00421C163012122E003681C6824F014
:101990000E041C60836C1C6824F480741C60036853
:1019A0001C6824F001041C6090F84430046C03F0BF
:1019B0001F0302FA03F36360D0E913345C60436DE4
:1019C00033B11C6824F480741C60D0E916345C6068
:1019D00080F82520002280F82420084610BD70B52C
:1019E00090F82520002401212346022A07D0042252
:1019F000C26380F8251080F82430012429E00268B1
:101A0000156825F00E0515600268156825F00105BA
:101A10001560826C156825F48075156090F8442077
:101A2000056C02F01F0201FA02F26A60D0E9132588
:101A30005560426D32B1156825F480751560D0E9A6
:101A40001625556080F8251080F82430816B01B18F
:101A50008847204670BD30B590F85C30012B07D028
:101A6000022B05D0016E41F002010166012030BD5C
:101A70000468A36D4D0701D0DD071DD011F0380FAC
:101A800001D09D0718D511F4E07F01D05D0713D573
:101A900011F4F05F01D01D070ED511F4604F01D095
:101AA000DD0609D511F4403F01D09D0604D511F49F
:101AB0007C0F05D05D0603D4E56D45F00105E565B5
:101AC0004C0701D0DC071DD111F0380F01D09C0765
:101AD00018D411F4E07F01D05C0713D411F4F05F47
:101AE00001D01C070ED411F4604F01D0DC0609D4DC
:101AF00011F4403F01D09C0604D411F47C0F06D0B1
:101B00005B0604D50368DC6D44F00204DC650B065B
:101B100004D5036853F8DC4F14431C60CB0504D58F
:101B2000036853F8E04F14431C600068426D0A4399
:101B30004265002030BD70B5044690F85C00022874
:101B400003D0206E40F0080007E02068D0F8C430D1
:101B50009B0205D5206E40F400702066012070BD08
:101B6000D0F8C400C0F301452B462046FFF70CFC1B
:101B700021680120A840C1F8CC00A065002070BDFC
:101B800010B590F85C20012A07D0022A05D0016E1A
:101B900041F002010166012010BD0A687AB10B7B99
:101BA0000A690C7A42EA43734A69406C496842EA1E
:101BB000847200EBC100C0E90032002010BD0B7A36
:101BC0004A690C8A42EA83720B7B006CDB06496827
:101BD00043EA04431A4340F82120EEE730B590F879
:101BE0005C50039C012D05D0016E41F0040101669B
:101BF000012030BD0901006841EA820141EA430148
:101C000050F8802F214322F03F0211430160002051
:101C100030BD7047090304D50068816921F00101D6
:101C200081617047F0B590F85C400025022C03D02C
:101C3000016E41F0080160E00468402946D0D4F804
:101C40009860360756D0D4F89860F60104D5D4F8D9
:101C50008060F60500D50125D4F89840C4F301242E
:101C60006619C46C06EBC60504EBC504256815F0BF
:101C700080455560256843D025F06045156025688E
:101C80002C4F05F00055956020CC05F000451561FE
:101C900034F8045BADB2D56154F8045CC5F3034578
:101CA000D56054F8045C05F48015556154F8045C63
:101CB00005F40015956154F8045CC5F306651562DA
:101CC00054F8045CED0F5562002522E0D4F89060D2
:101CD00036070FD0D4F89060F60104D5D4F88060B0
:101CE000B60500D50125D4F89040C4F30124661947
:101CF000846CB7E7016E41F4807101660120F0BD8C
:101D0000C5F38A45BAE700BF14F805C003F805C05B
:101D10006D1CD2F80CC017F80CC0AC45F4D80068A4
:101D2000402903D0C0F89C600020F0BDC0F894604A
:101D3000FAE70000F0AF000870472DE9F05F0446B5
:101D40000068016D426D01F4E05102EA0108016D85
:101D5000426D01F0070102EA0109016D426D01F0D7
:101D6000380102EA010A016D476D01F471010F406B
:101D7000016D426D01F46021456D02EA010B016DB8
:101D8000CE43710607D4E943490604D440210165D6
:101D90002046FFF7D1FFF0050ED4E843C0050BD471
:101DA0002068D0F8D820D0F8E01011404FF48072AD
:101DB0000265204600F0E7F9B8F1000005D021687F
:101DC00008654146204600F0E0F9B9F1000005D071
:101DD000216808654946204600F0B2F9BAF10000D2
:101DE00005D0216808655146204600F0B3F9B005DA
:101DF00009D4E843800506D421684FF400700865D3
:101E0000204600F0C3F930060DD4E84300060AD49A
:101E10002068D0F8D420D0F8DC1011408022026570
:101E2000204600F0B1F9B00409D4E843800406D498
:101E300021684FF400500865204600F0A3F93004F3
:101E400009D4E843000406D421684FF40040086533
:101E5000204600F096F970040AD4E843400407D401
:101E600021684FF480400865206E40F080002066B5
:101E7000BBF1000005D02168086559462046FFF7F0
:101E8000C9FE27B120680765206E38432066206EA2
:101E9000002802D02046FFF7BCFEBDE8F09F0000FE
:101EA0002DE9F041040006D0DFF8E88194F85C00E9
:101EB000002518B107E00120BDE8F08184F85D50ED
:101EC000204600F0EFF82068816921F0100181615F
:101ED00000F016FC0646032705E000BF00F010FCEA
:101EE000801B0A2811D8206880690007F6D4206872
:101EF000816941F00101816100F002FC06460BE0BE
:101F000000F0FEFB801B0A2806D9206E40F001007D
:101F1000206684F85C70CEE720688069C007EFD047
:101F20002068816941F0020181612168414502D147
:101F3000594960680860207C01282068816937D091
:101F400041F040018161607C01282068816932D0C4
:101F500021F480418161A07C0128206881692DD015
:101F600041F48051816120688169A26821F4407147
:101F7000114381612068816921F0A4018161206899
:101F8000016921F010010161E068012819D010B346
:101F900002281BD02068816941F08001816120689E
:101FA000016941F010010161E06803280ED012E0E0
:101FB00021F04001C6E741F48041CBE721F4805194
:101FC000D0E72068816941F0040103E0206881695D
:101FD00041F020018161207EE26940066FF0FF013F
:101FE00001EB0222A0F100701043226AA38A521E64
:101FF00010430A0202EB034318432368D861A06828
:10200000B0F5407F10D1D4E90A0301EB0321401E53
:102010000843216B131303EB01110843A18C02EB5E
:10202000014108432168C860206850F8C01FE26B76
:102030001143016019482064216851F8802FA38E54
:1020400022F4F81242EA03420A60144970316164D2
:10205000216851F8802F94F8383022F0706242EAFB
:1020600003620A600D49B031A1640D49E1640C4975
:10207000D83121650A49F031616500F5547120C0FD
:102080008842FCD3A5652566012084F85C00002009
:1020900012E70000006400400065004000A400401A
:1020A00088A5004010B598B00446142111A8FEF789
:1020B00059F944216846FEF755F91F4920688842BE
:1020C00038D18014009000030C90684600F04EFC5C
:1020D00008B1FFF74AF91948816D41F00071816537
:1020E000816D01F000711691C16C41F00101C16474
:1020F000C06C11A900F0010016904FF4C05011906F
:102100000220129000201390149009201590C00610
:1021100000F0C4F900220621152000F08FFB1520E5
:1021200000F07FFB00220621162000F087FB16201E
:1021300000F077FB18B010BD0064004000100240B2
:10214000034910B5884201D106F0D6FB10BD00004E
:1021500080010020704790F85C10012905D0016EC5
:1021600041F00401016601207047022180F85C10F3
:1021700001688A6922F001028A610021016608462D
:10218000704770477047704770477047704700004E
:102190002DE9F05F054631488946017801290CD0C8
:1021A0000126804606704FF47A7B5846FFF792F975
:1021B00007004FF0000A03D04BE00220BDE8F09F7B
:1021C00051464046C8F804A0254C226892050AD51D
:1021D0002168490505D5216821F48061216003212A
:1021E00009E0067708E02268520504D5216821F449
:1021F00080612160022101772868012805D04FF015
:10220000FF31C9F80010AE681CE06868FFF71CF9E0
:102210005846FFF75FF90746606920F004006061E7
:1022200015E030466968FFF71DF95846FFF752F987
:102230000700606920F4FD70606102D0C9F8006099
:1022400005E0761CD5E902010844B042E9D8FFF761
:10225000CDF888F800A03846B0E70000280000203C
:1022600000200240054901204A6942F000424A61CB
:102270004969002900DA0020704700000020024070
:102280002DE9FF5F254C0646904620789A460128A6
:102290000BD0012020704FF47A7B5846FFF71AF9D3
:1022A00007004FF0000904D02AE0022004B0BDE886
:1022B000F09F4846C4F80490194D2968490504D593
:1022C000286820F4806028600220207726B1012E43
:1022D00009D0022E07D00CE0424653460198FFF782
:1022E000D5F8012612E041460198FFF7DDF8022EED
:1022F0000AD05846FFF7EEF84FEA0007FFF776F8E6
:1023000084F800903846D1E74FF480265846FFF70E
:10231000E1F807466869B0436861EFE728000020EC
:1023200000200240064900204A69002A07DA054ACF
:102330008A60054A8A604969002900DA01207047ED
:102340000020024023016745AB89EFCD2DE9F84F0E
:1023500000230126DFF828C10F278AE006FA03F4DC
:1023600014EA01027ED023F003056544AA46D5F89D
:1023700008909D074FEA157E07FA0EF505EA090B4E
:102380000095B0F1904F05D03E4DA84205D14FF0D9
:1023900001081CE04FF0000819E03B4DA84202D1B3
:1023A0004FF0020813E0394DA84202D14FF0030864
:1023B0000DE0374DA84202D14FF0040807E0354D3B
:1023C000A84202D14FF0050801E04FF0060808FAD4
:1023D0000EF8D84526D1DFF8C080D8F8009029EA59
:1023E0000209C8F8009008F10408D8F8009029EA1A
:1023F0000209C8F80090DFF8A08008F10C08D8F8AE
:10240000009029EA0209C8F80090A8F10408D8F859
:1024100000509543C8F80050009ADAF808509543E8
:10242000CAF80850D0F800804FEA4309032202FAA4
:1024300009F248EA0208C0F80080DD0800EB8505D3
:10244000AA46D5F820804FEA43794FEAD96907FABE
:1024500009F528EA0508CAF82080C5689543C560D3
:10246000456800E004E0A5434560846894438460C7
:102470005B1C31FA03F27FF471AFBDE8F88F000006
:10248000000001400004004800080048000C00481B
:102490000010004800140048000401402DE9F04FEE
:1024A000DFF82092002301260324A9F1040B85B054
:1024B0000F2709F1040AABF1040EFAE006FA03F55E
:1024C0002A407CD091F804C00CF0030CBCF1010F41
:1024D00002D0BCF1020F26D1D0F808C0CDF800C060
:1024E0004FEA430C04FA0CF8CDF810C0DDF800C038
:1024F0002CEA080CCDF800C0D1F80C80DDF810C033
:1025000008FA0CF8DDF800C048EA0C08C0F80880AA
:10251000D0F804C02CEA050C0D79C5F300159D40D8
:1025200045EA0C0545600D79ED43AD070ED0C56851
:102530004FEA430804FA08FC25EA0C05D1F808C064
:102540000CFA08FC4CEA050CC0F80CC00D7905F03B
:102550000305022D16D1DD0800EB850CCDF808C06F
:10256000DCF820805D074FEAD56C07FA0CF528EA05
:1025700005080D6905FA0CF5DDF808C045EA0805FF
:10258000CCF8205005684FEA430CCDF808C004FA97
:102590000CFC25EA0C0591F804C00CF00308DDF8EA
:1025A00008C008FA0CF848EA0508C0F800804D6831
:1025B00015F4403F7CD0444DD5F860C000E077E092
:1025C0004CF0010CC5F860C02D6E23F0030C05F033
:1025D000010500953D4D65440295AD684FEA837C49
:1025E0004FEA1C7807FA08FC25EA0C05B0F1904F79
:1025F00006D0DFF8DCC0604505D14FF0010C20E0CB
:102600004FF0000C1DE0DFF8CCC0604502D14FF068
:10261000020C16E0DFF8C0C0604502D14FF0030C99
:102620000FE0DFF8B8C0604502D14FF0040C08E0BD
:10263000DFF8ACC0604502D14FF0050C01E04FF06F
:10264000060C0CFA08FC4CEA050C029DC5F808C003
:10265000D9F80050CC46D1F8048095435FEAC828E9
:1026600000D51543CCF80050DAF80050D446D1F824
:10267000048095435FEA882800D51543CCF80050C4
:10268000DBF80050DC46D1F8048095435FEA8838D7
:1026900000D51543CCF80050DEF80050F446D1F8D0
:1026A000048095435FEAC83800D51543CCF8005044
:1026B0005B1C0A6832FA03F57FF400AF05B0BDE891
:1026C000F08F0000080401400010024000000140AB
:1026D0000004004800080048000C004800100048B2
:1026E00000140048426921EA02030A4043EA024119
:1026F000816170470AB18161704781627047000053
:1027000001488068704700001C0000200248816872
:1027100042681144816070471C00002010B50024FD
:10272000032000F0ABF80F2000F008F808B10124F6
:1027300001E000F047F8204610BD000030B5054626
:102740001B4887B0816D41F010018165806D06A93D
:1027500000F01000009001A800F03AFB00F058FBD8
:102760001449154AB0FBF1F11448491E026041605A
:1027700040F2E7320021C0E90321816001F049FA0B
:10278000040012D10D4801F0ADFA04000DD136203D
:1027900000F047F8102D07D200222946362000F01D
:1027A0004DF80748056000E0012407B0204630BD21
:1027B0000010024040420F0000100040840400203E
:1027C0001C0000200D4808B5016E41F001010166B2
:1027D000016E01F001010091816D41F08051816530
:1027E000806D002200F0805000900F21901E00F0BC
:1027F00025F8BDE8084000F0B1B800000010024024
:1028000000280DDB00F01F020121914040098000EB
:1028100000F1E020C0F88011BFF34F8FBFF36F8F3E
:102820007047002809DB00F01F0201219140400998
:10283000800000F1E020C0F800117047F0B40E4BAA
:102840001B680C46C3F30223C3F10705042D00D90E
:102850000425191D072901D2002300E0DB1E0126F3
:1028600006FA05F1491E214099409E40761E164009
:102870003143F0BC04F048BB0CED00E0064900F029
:10288000070208684FF6FF03184040EA0220034A97
:1028900010430860704700000CED00E00000FA05EE
:1028A0002B492C4B0A6832214A432B4940B1B0F5E1
:1028B000007F086829D020F4C06040F480602CE0DC
:1028C0000868C0F34120022804D051F8800F20F49A
:1028D000807022E0D1F8800020F48070C1F8800080
:1028E000086820F4C06040F400700860B2FBF3F0A8
:1028F000401C00E0401E4A69520501D50028F9D16C
:10290000486940050AD503207047C0F341200228DA
:1029100006D051F8800F40F48070086000207047A6
:10292000D1F8800040F48070C1F88000086820F47D
:10293000C06040F400700860B2FBF3F0401C00E09F
:10294000401E4A695205DBD50028F9D1D8E70000BE
:102950004800002040420F0000700040024881689B
:1029600041F4804181607047007000402DE9F843D8
:102970000446006800269D4D00035ED5A86D002723
:10298000C00008D4A86D40F08050A865A86D01274C
:1029900000F080500090DFF85892D9F8001041F410
:1029A0008071C9F80010FFF7ABFE804606E000BF5B
:1029B000FFF7A6FEA0EB080002282BD8D9F80000EC
:1029C000C005F5D5D5F8900010F4407014D0216CF6
:1029D000814211D0D5F89000D5F8901020F44070C5
:1029E00041F48031C5F89010D5F8901021F4803171
:1029F000C5F89010C5F89000C00711D0FFF780FE11
:102A0000804641F2883907E0FFF77AFEA0EB080123
:102A1000494501D903260BE0D5F890008007F3D58E
:102A2000D5F89000216C20F440700843C5F8900060
:102A30001FB1A86D20F08050A8652078C00707D08E
:102A4000D5F88800616820F003000843C5F88800C5
:102A50002078800707D5D5F88800A16820F00C0001
:102A60000843C5F888002078400707D5D5F88800C6
:102A7000E16820F030000843C5F88800207800079E
:102A800007D5D5F88800216920F0C0000843C5F8B3
:102A900088002078800607D5D5F88800616920F481
:102AA00040600843C5F888002078400607D5D5F86F
:102AB0008800A16920F440500843C5F888002078B8
:102AC000000607D5D5F88800E16920F440400843A6
:102AD000C5F888002088C00507D5D5F88800216A88
:102AE00020F440300843C5F888002088800507D5C9
:102AF000D5F88800616A20F440200843C5F88800B2
:102B0000208840050FD5D5F88800A16A20F4401030
:102B10000843C5F88800A06AB0F5801F03D1E868B3
:102B200040F48010E860208800050FD5D5F88800B3
:102B3000E16A20F440000843C5F88800E06AB0F577
:102B4000800F03D1E86840F48010E8602088C0045A
:102B50000FD5D5F88800216B20F040700843C5F8E8
:102B60008800206BB0F1807F03D1E86840F48010CA
:102B7000E86020884FF0006180040ED5D5F8880009
:102B8000626B20F040601043C5F88800606B88429B
:102B900003D1E86840F48010E860208840040ED536
:102BA000D5F88800A26B20F040601043C5F888007B
:102BB000A06B884203D1E86840F48010E860208868
:102BC00000040FD5D5F88800E16B20F04050084391
:102BD000C5F88800E06BB0F1805F03D1E86840F48D
:102BE0008030E8603046BDE8F88300000010024005
:102BF000007000402DE9F0470E4605004FF0000739
:102C000025D0DFF8AC81D8F8000000F00F00B0420A
:102C10000CD2D8F8001021F00F013143C8F8001091
:102C2000D8F8000000F00F00B04210D12968614CC4
:102C3000C80741F2883A5AD06868DFF87C910328C7
:102C400008D0022820682DD0400500282CDB012068
:102C5000BDE8F08720688001F9D5E06800F0030244
:102C6000E068C0F30310401C032A19D0534A00BF88
:102C7000B2FBF0F0E268C2F306225043E268C2F30E
:102C80004162521C5200B0FBF2F0484517D9A068CF
:102C900010F0F00F0CD0880711D5A86840B10EE0F5
:102CA000474AE5E78003D0E700F0D6F8484506D963
:102CB000A06820F0F00040F08000A0608027A068AD
:102CC000696820F003000843A060FFF719FD814602
:102CD00006E000BFFFF714FDA0EB090151453AD80B
:102CE000A068696800F00C00B0EB810FF2D1286891
:102CF000810714D5400703D5A06840F4E060A060C8
:102D00002878000705D5A06820F4605040F4E06002
:102D1000A060A068A96820F0F000084304E0802FBC
:102D200003D1A06820F0F000A060D8F80010404661
:102D300001F00F01B14216D9016821F00F013143B2
:102D40000160FFF7DDFC074607E000BFFFF7D8FC96
:102D5000C11B514501D903207AE7D8F8000000F0E3
:102D60000F00B042F2D12878400705D5A068E96885
:102D700020F4E0600843A0602878000706D5A0682A
:102D8000296920F4605040EAC100A06000F064F8B6
:102D9000A1680C4AC1F30311515C01F01F01C84046
:102DA0000949086009480068BDE8F047FFF7C6BC5C
:102DB000002002400010024000B4C4040024F400CB
:102DC00000127A0028B00008480000201C000020F3
:102DD0000F2202600C4A936803F003034360936878
:102DE00003F0F0038360936803F4E063C3609268C8
:102DF0004FF4E06303EAD20202610448006800F085
:102E00000F000860704700000010024000200240E0
:102E10000548064900688968054AC1F30221515CEA
:102E200001F01F01C8407047480000200010024018
:102E300038B000080548064900688968054AC1F3AA
:102E4000C221515C01F01F01C840704748000020BA
:102E50000010024038B00008184910B58868C0F367
:102E600081021748012A0BD08A684310C2F38102FD
:102E7000022A06D08A68C2F38102032A03D0002006
:102E800010BD184610BDCA6802F00304CA68C2F338
:102E90000312521C032C02D0B0FBF2F001E0B3FB92
:102EA000F2F0CA68C968C2F306225043C1F3416117
:102EB000491C4900B0FBF1F010BD000000100240B9
:102EC0000024F4002DE9F84304007AD02078F84D6E
:102ED000C00747D0A868E96800F00C0001F00301C2
:102EE0000C2802D0082817D001E0032914D060680C
:102EF000B0F5803F17D0B0F5A02F286817D020F488
:102F000080302860286820F4802028606068E0B164
:102F1000FFF7F6FB064614E02868800322D56068B8
:102F20000028D2D01EE0286840F48030EDE740F45D
:102F300080202860F7E700BFFFF7E2FB801B6428D2
:102F400070D828688003F7D50CE0FFF7D9FB064658
:102F500005E000BFFFF7D4FB801B6428F0D8286889
:102F60008003F7D4207880074CD5A868E96800F082
:102F70000C0001F003010C2802D004280DD001E060
:102F800002290AD0E068002828682BD040F480701D
:102F90002860FFF7B5FB064619E02868400502D512
:102FA000E068002891D06868217C20F0FE4040EA6B
:102FB00001606860BF480068FFF7C0FB002800D1CF
:102FC00020E072E1FFF79CFB801B0228B8D828683C
:102FD0004005F7D56868217C20F0FE4040EA01609A
:102FE00068600FE020F480702860FFF789FB0646D8
:102FF00005E000BFFFF784FB801B0228A0D82868EB
:103000004005F7D42078000729D560690028D5F855
:10301000940013D040F00100C5F89400FFF770FB56
:10302000064606E090E000BFFFF76AFB801B02281F
:1030300086D8D5F894008007F6D510E020F001007E
:10304000C5F89400FFF75CFB064604E0FFF758FB69
:10305000801B022878D8D5F894008007F6D4207811
:10306000400761D5A86D0026C00008D4A86D40F0C7
:103070008050A865A86D012600F0805000908E4811
:103080000168C90511D40168804641F4807101606E
:10309000FFF736FB074604E0FFF732FBC01B0228B0
:1030A00052D8D8F80000C005F6D5A068012815D080
:1030B0000528D5F8900016D020F00100C5F8900042
:1030C000D5F8900020F00400C5F89000A06841F207
:1030D0008838B8B1FFF714FB07460EE0D5F890002A
:1030E00040F00100F0E740F00400C5F89000F5E77B
:1030F000FFF706FBC11B414526D8D5F89000800795
:10310000F6D50CE0FFF7FCFA074604E0FFF7F8FA03
:10311000C11B414518D8D5F890008007F6D41EB1E0
:10312000A86D20F08050A8652078800629D5A06978
:103130000028D5F8980013D040F00100C5F8980099
:10314000FFF7DEFA064606E075E000BFFFF7D8FAA3
:10315000801B02286FD8D5F898008007F6D510E0BC
:1031600020F00100C5F89800FFF7CAFA064604E00F
:10317000FFF7C6FA801B02285DD8D5F898008007B3
:10318000F6D4E069F0B3A968C1F3810103295DD0E9
:103190000228286820F08070286003D0FFF7B0FA7A
:1031A00004464BE0FFF7ACFA064604E0FFF7A8FA46
:1031B000801B02283FD828688001F7D4F4E9080171
:1031C0006FF00F0202EB01110843218A52044908F3
:1031D00002EB4151A26841EA02210843217D4FF0F0
:1031E0007E42490802EB41610843217B40EAC1600D
:1031F000E968324A11400843E860286840F080706E
:10320000286000E05EE0E86840F08070E860FFF76A
:1032100077FA044605E000BFFFF772FA001B0228A8
:1032200009D828688001F7D54CE000BFFFF768FA9D
:10323000001B022802D90320BDE8F883286880011A
:10324000F4D4E8681E490840E8603BE00128F3D068
:10325000E868226A00F00301914226D1616A00F019
:10326000F0020901103991421FD1A26A00F4FE4117
:10327000B1EB022F19D194F82C2000F07841B1EB7A
:10328000C26F12D1218E00F4C00249084905A1F590
:103290000011914209D194F8341000F0C06049083F
:1032A0004906A1F1007181420CD00120C4E7000061
:1032B000001002401C000020007000400C809F01A4
:1032C000FCFFEEFE0020B7E72DE9FC41044657481D
:1032D00045F6C05100270068B0FBF1F06421484377
:1032E000019000902068416821F020014160206831
:1032F000416809060CD54E492165009900297DD009
:10330000491E009194F85D100729F6D101990091AA
:10331000416849060CD54749E164009900297DD0F0
:10332000491E009194F85D100729F6D1019900918A
:1033300040684FF4C06880074FF040064FF000052A
:1033400025D5606D18B38563606DFEF713FB00B182
:1033500026662068416821F002014160FFF7D0F93C
:1033600002466421204602F04AFA00B1266620682F
:10337000016821F040010160FFF7C2F90090642369
:1033800000224146204602F011FB00B1266620686B
:103390004068C00727D0A06D28B38563A06DFEF7F5
:1033A000E9FA00B126662068016821F04001016059
:1033B000FFF7A6F90090642300228021204602F046
:1033C00065FB00B12666FFF79BF90090642300229D
:1033D0004146204602F0EAFA00B1266620684168BC
:1033E00021F001014160A4F84650E587206E402895
:1033F00019D025662068C168816801E009E00DE008
:10340000009180680090012084F85D003846BDE896
:10341000FC81216E41F04001216677E7216E41F089
:103420004001216682E70127E4E700004800002010
:103430001956000895550008704700002DE9FC4119
:103440000446424845F6C051002700680126B0FBFB
:10345000F1F064214843019000902068416821F018
:10346000200141602168486800060BD53848206576
:103470000098F8B1401E009094F85D000728F7D13D
:1034800001980090486840060BD53248E0640098E7
:10349000A8B1401E009094F85D000728F7D101986C
:1034A0000090606D002580B1496889070CD52A49D4
:1034B00081630AE0206E40F040002066E0E7206E65
:1034C00040F040002066EAE78563A06D38B12168CE
:1034D0004968C90702D02149816300E085632068FB
:1034E00040684FF0400880070AD5606D40B1FEF794
:1034F00076FA20B1606D8563C4F8608000E0002634
:1035000020684068C00708D0A06D30B1FEF767FAA8
:10351000B8B1A06D8563C4F8608096B1A4F8465038
:10352000E587206E40280FD025662068C168816835
:10353000009180680090012084F85D002046FFF72C
:103540007BFF3846BDE8FC810127EEE748000020FC
:1035500019560008955500088357000803570008BE
:1035600010B5040011D0022084F85D0020680168C5
:1035700021F040010160204600F002F900202066A1
:1035800084F85D0084F85C0010BD012010BD704718
:1035900090F85D007047000038B5016804464A683D
:1035A0008868C043430606D5C30704D1D3435B06EE
:1035B00001D4E16C05E0830708D4D3431B0605D48E
:1035C000216D01B02046BDE830400847830603D591
:1035D000430601D5C30551D4D3439B064ED44306BD
:1035E0000AD494F85D30032B49D0236E43F00403D2
:1035F0002366CB688B680093830609D4236E43F05F
:10360000010323668B6800930B6823F040030B6073
:10361000C00506D4206E40F008002066206880684F
:103620000090206E002829D02068416821F0E00138
:103630004160012084F85D00900701D4D00722D0BA
:103640002068416821F003014160114DA06D40B137
:103650008563A06DFEF7C3F918B1206E40F04000FD
:103660002066606D002809D08563606DFEF7B7F9AC
:10367000002803D0206E40F04000206638BDC868A6
:103680008868009038BD2046FFF781FF38BD0000F4
:10369000F156000870B5040009D0606A002540B1F9
:1036A00025616561A56294F85D0040B10CE00120E0
:1036B00070BD6068B0F5827FF4D0E561F2E784F810
:1036C0005C50204600F094F8022084F85D002068E9
:1036D000016821F040010160E1684FF4E06291422D
:1036E00001D9002001E04FF48050B1F5706F02D095
:1036F000914200D0A562A188228901F4827102F46E
:1037000004421143227C02F002021143227D02F0A6
:1037100001021143228B02F400721143227F02F056
:103720003802114394F8202002F080021143228DC8
:1037300002F40052114322681160A169042202EAD6
:10374000114194F8242000F4805002F0100211433B
:1037500094F8342002F008021143A28902F4706246
:1037600011430143206841602068C16921F4006170
:10377000C1612566012084F85D00002070BD000055
:1037800010B502681548164982420AD1086E20F425
:1037900080500866BDE81040E0214FF09040FEF7F1
:1037A000D5BD104B10489A4208D18A6D22F4804250
:1037B0008A659900FEF7CAFD24200AE00B4B9A4265
:1037C0000BD18A6D22F400428A653821FEF7BEFDD6
:1037D0003320BDE81040FFF713B810BD00300140A2
:1037E000001002400038004000040048003C004047
:1037F000F0B587B0044614216846FCF7B3FD38489D
:1038000025680022374902230324052685421CD15E
:10381000086E40F480500866086E00F480500590F1
:10382000C86C40F00100C864C86C02AD00F0010033
:103830000590E020CDE9000385E8540069464FF08B
:103840009040FEF72BFE07B0F0BD274F2748BD4242
:103850001FD18D6D45F480458D658D6D05F48045D6
:103860000595CD6C45F00205CD64C96C02AD01F043
:1038700002010591B900CDE9001385E854006946BD
:10388000FEF70CFE002205212420FEF7D7FF24209E
:1038900022E0174EB542D6D18D6D45F400458D65B9
:1038A0008D6D05F400450595CD6C45F00205CD64A0
:1038B000C96C029201F0020105913821CDE9001393
:1038C0000621CDE903416946FEF7E8FD0022052106
:1038D0003320FEF7B3FF3320FEF7A3FFB3E700006A
:1038E0000030014000100240003800400004004851
:1038F000003C00402DE9FF5F1D46934604464FF013
:1039000001090E9EFEF7FCFE074694F85D00616813
:10391000012806D0B1F5827F39D1A168B1BB042856
:1039200035D1019800287CD0BBF1000FFBD0002DD1
:10393000F9D094F85C00012829D04FF0010A84F8EE
:103940005CA094F85D00042802D0052084F85D0096
:103950004FF00008C4F86080C4F840B0A4F84650A6
:10396000A4F844500199A163E587A587C4F84C8069
:10397000C4F85080E0684FF4E061884201D8012D1E
:1039800009D92068426822F4805208E0FFE702204B
:1039900004B0BDE8F09F2068426842F48052426063
:1039A00020680268520603D4026842F040020260B6
:1039B000E0688842606846D908B1012D3BD1A06B10
:1039C00001882068C160A06B801CA063E08F401E4E
:1039D000E08730E02068816889070FD5E18F69B101
:1039E000B9F1010F0AD1A16B0988C160A06B801CDD
:1039F000A063E08F401EE0874FF0000920688168D7
:103A0000C90711D0B4F8461071B1C068216C0880A4
:103A1000206C801C2064B4F84600401EA4F84600C8
:103A200000E09EE04FF00109FEF76AFEC01BB042C5
:103A300001D3701C74D1E08F0028CBD1B4F84600BC
:103A40000028C7D175E008B1012D6BD1E08F0128A6
:103A5000A06B08D921680088C860A06B801CA06397
:103A6000E08F801E07E0216800780873A06B401C7F
:103A7000A063E08F401EE08754E0206881688907DA
:103A80001AD5E18FC1B1B9F1010F15D1E18F01292B
:103A9000A16B07D90988C160A06B801CA063E08F6F
:103AA000801E06E009780173A06B401CA063E08FC4
:103AB000401EE0874FF0000920688168C90728D0C0
:103AC000B4F8461029B3B4F84610012914D9C068D7
:103AD000216C0880206C801C2064B4F84600801E95
:103AE000A4F84600B4F84600012810D820684168C0
:103AF00041F4805141600AE0007B216C0870206C29
:103B0000401C2064B4F84600401EA4F846004FF064
:103B10000109FEF7F5FDC01BB04202D3701C01D0B5
:103B200012E08EB1E08F0028A7D1B4F8460000283B
:103B3000A3D13A463146204601F061FE50B1202023
:103B4000206684F85C800CE084F85DA084F85C80DA
:103B500003201DE784F85DA084F85C80206E0028B7
:103B6000F7D0012014E770477047704770477047DF
:103B700070470000F0B590F83C20012A3AD00125AA
:103B800080F83C50022280F83D2003685A689C6807
:103B9000194E1A4FB34201D0BB4204D122F4700C2B
:103BA0004A6842EA0C02DFF858C002EA0C02D1F877
:103BB00000C04CEA020CC3F804C00268B2420DD047
:103BC000B2F1804F0AD00F4B9A4207D00E4B9A4267
:103BD00004D0BA4202D00D4B9A4204D1896824F035
:103BE00080031943916080F83D50002180F83C101B
:103BF0000846F0BD0220F0BD002C01400034014019
:103C00008FFFFFFD0004004000080040004001401D
:103C1000704710B5040003D094F83D0010B107E0E0
:103C2000012010BD002084F83C00204600F022F85E
:103C3000022084F83D00211D206802F077F8012061
:103C400084F8480084F83E0084F83F0084F840007F
:103C500084F8410084F8420084F8430084F844006A
:103C600084F8450084F8460084F8470084F83D0055
:103C7000002010BD10B586B0044614216846FCF73C
:103C800071FB15492068884224D11448816D41F0A8
:103C900002018165816D01F002010591C16C41F065
:103CA0000201C164C06C002100F0020005900120F7
:103CB00000900220CDE90101CDE9031069460848D2
:103CC000FEF7ECFB002205211D20FEF7B7FD1D20AD
:103CD000FEF7A7FD06B010BD000400400010024032
:103CE0000004004890F83D10012901D001207047E0
:103CF000022180F83D100168CA6842F00102CA60E2
:103D00000068104988420ED0B0F1804F0BD00E49A8
:103D1000884208D00D49884205D00D49884202D01A
:103D20000C49884207D181680B4A1140062906D008
:103D3000B1F5803F03D0016841F00101016000202E
:103D400070470000002C01400004004000080040C3
:103D500000340140004001400700010070B50446F6
:103D600090F83C000025012814D0012684F83C601E
:103D7000022084F83D0022689068364B184020F4F9
:103D80007F409060086870282ED010DC10F00F0F74
:103D900003D021E04FF0020070BD4FEA2012072A45
:103DA0001AD2DFE802F0525252524A3840002A4BEF
:103DB000C21A984249D009DCB0F5805F0DD0B0F549
:103DC000005F1CD0B0F1101F06D13EE0102A3CD09D
:103DD000202A3AD0502A38D0012584F83D600020AE
:103DE00084F83C00284670BDCB68D1E901212068E9
:103DF00001F0FAFF2068816841F0770109E0CB68A3
:103E0000D1E90121206801F0EFFF2068816841F4C9
:103E100080418160E1E7CA684968206801F0F8FFE5
:103E20005021206806E0CA684968206802F001F85D
:103E30006021206801F0E2FFCFE7CA684968206886
:103E400001F0E6FF40212068F4E7226801461046B1
:103E5000F0E7000088FFCEFF2000100070472DE93A
:103E6000F04104460068C66805694FF00007A907DD
:103E700013D5B10711D5F91E016101202077206803
:103E800080698007204602D0FFF7E8FF04E000F0D9
:103E9000B7F8204600F0B5F82777680716D5700701
:103EA00014D521686FF00400086102202077206893
:103EB000806910F4407F204602D0FFF7CFFF04E076
:103EC00000F09EF8204600F09CF82777280715D5CB
:103ED000300713D521686FF00800086104202077AF
:103EE0002068C0698007204602D0FFF7B7FF04E0D2
:103EF00000F086F8204600F084F82777E80616D50B
:103F0000F00614D521686FF01000086108202077B2
:103F10002068C06910F4407F204602D0FFF79EFF62
:103F200004E000F06DF8204600F06BF82777E80712
:103F300008D0F00706D021686FF001000861204624
:103F400000F060F8280601D4A80408D5300606D58C
:103F500021686FF4025008612046FFF705FEE8056E
:103F600008D5300606D521686FF4807008612046B8
:103F7000FFF7F9FD680608D5700606D521686FF0D1
:103F800040000861204600F047F8A80608D5B006B2
:103F900006D521686FF0200008612046FFF7E5FD97
:103FA000E80208D5F00206D521686FF48010086198
:103FB0002046FFF7DCFDA80208D5B00206D521682F
:103FC0006FF4001008612046FFF7D0FD680208D5A5
:103FD000700206D521686FF4800008612046FFF763
:103FE000C7FD28020AD5300208D521686FF4000009
:103FF00008612046BDE8F041FFF70ABEBDE8F08148
:104000007047704700680349884201D1FEF77EBBC4
:104010007047000000100040704790F8841001299C
:1040200018D0012180F884102421C0F8881001687C
:104030000A680B6823F001030B6022F00051002294
:104040004266036819602021C0F8881080F8842037
:10405000104670470220704770B50446D0F88C00B7
:104060000025202801D0022070BD69B162B1012075
:10407000E06600202067204602F04AFDE06E01283D
:1040800004D00125284670BD012070BD2168102094
:104090000862216851E8000F40F0100041E800027A
:1040A000002AF6D1EEE70000024A904201D1FCF767
:1040B00075BD7047F0030020704770B5044690F856
:1040C000840001281DD0012084F884002420C4F835
:1040D000880020680568026822F0010202602068FA
:1040E000826822F060620A438260204602F04CF847
:1040F000206805602020C4F88800002084F884002F
:1041000070BD022070BD70B5044690F8840001288F
:104110001DD0012084F884002420C4F88800206881
:104120000568026822F0010202602068826822F0BD
:1041300060420A438260204602F026F8206805604B
:104140002020C4F88800002084F8840070BD02207C
:1041500070BD70477047704770B50446216851E8DC
:10416000000F20F0C00041E80002002AF6D12068CC
:10417000083050E8001F21F4000140E80012002A36
:10418000F5D121688868030610464FF0200219D542
:104190002168083151E8003F23F0800341E80035F1
:1041A000002DF5D1E16F49B10F488863E06FFDF74D
:1041B00016FCB8B1E06F816B884713E0A4F8560095
:1041C000A0670AE0A4F85600A067606EB0F1005F37
:1041D00003D1886940F010008861C4F88820204627
:1041E000FFF7B9FF002070BD516300080449884201
:1041F00004D1006808210162FDF772B87047000021
:10420000F00300202DE9F04103680446D8691968DD
:104210009A6840F60F0528424FF000054FF002065D
:104220000AD187067ED501F0200702F0805C57EAAC
:104230000C0777D0616F42E1B64FDFF8DCC2174060
:1042400001EA0C0C57EA0C0C6CD05FEAC07C0CD075
:104250005FEAC15C09D54FF0010CC3F820C0D4F867
:10426000903043F00103C4F89030830709D5D30799
:1042700007D023681E62D4F8903043F00403C4F8DA
:10428000903043070AD5D30708D026680423336249
:10429000D4F8903043F00203C4F8903003070CD5F3
:1042A00001F020033B4308D0266808233362D4F88A
:1042B000903043F00803C4F8903003050BD54B0150
:1042C00009D526684FF400633362D4F8903043F088
:1042D0002003C4F89030D4F89030002B3DD08006F5
:1042E00009D501F0200002F08051084303D0616F2E
:1042F00009B120468847D4F89000216889684906AA
:1043000002D410F0280F2AD0204602F035F8206899
:10431000806840061ED52068083050E8001F21F054
:10432000400100E021E040E80012002AF3D1D4F877
:10433000800078B179498163D4F88000FDF74FFBA4
:1043400000280AD0D4F88000816B00E02046BDE848
:10435000F04108472046FFF749FFBDE8F0812046BD
:10436000FFF744FFC4F89050F7E7D4F86CC020275B
:10437000BCF1010F7ED15FEAC06C7BD55FEAC16CF6
:1043800078D51020186220688068400651D5D4F88E
:1043900080100A6850680004000C3ED0B4F85C300D
:1043A00083423AD9A4F85E000868006880062CD4DD
:1043B000216851E8000F20F4807041E80002002AD3
:1043C000F6D12068083050E8001F21F0010140E8D4
:1043D0000012002AF5D12068083050E8001F21F0B3
:1043E000400140E80012002AF5D1C4F88C70E5665F
:1043F000216851E8000F20F0100041E80002002A77
:10440000F6D1D4F88000FDF7B5FA2667B4F85C0061
:10441000B4F85E10401A81B207E0B4F85C10814233
:104420009BD11068800698D526672046FFF73CFE92
:1044300093E7B4F85C00B4F85E10401A81B2B4F8A7
:104440005E00002889D0002987D0226852E8000F3A
:1044500020F4907042E80003002BF6D12D4BDB4393
:104460002068083050E8002F1A4040E8002CBCF1CA
:10447000000F00E00EE0F3D1C4F88C70E5666567CC
:10448000206850E8002F22F0100240E80023002BA3
:10449000F6D1C9E7C60209D5560207D54FF48010F8
:1044A00018622046BDE8F041FFF754BE03060AD566
:1044B00001F0800302F40002134304D0A16F00292D
:1044C0007FF444AF49E7420611D54A060FD520468E
:1044D000016851E8002F22F0400241E80023002B40
:1044E000F6D1C0F88870856700F066F935E70202FA
:1044F00006D54A0004D52046BDE8F041FFF729BEA5
:10450000C00195D5002993DA2046BDE8F041FFF7B8
:10451000D3BD000001000010200100044163000829
:1045200010B5040003D0D4F8880010B107E00120D2
:1045300010BD002084F88400204600F027F82420D5
:10454000C4F888002068016821F001010160A06AB8
:1045500010B1204601F03AFE204602F09FF90128F2
:10456000E6D02068416821F490414160206881686C
:1045700021F02A0181602068016841F00101016099
:104580002046BDE8104001F085BE00002DE9F04155
:1045900098B00446142111A8FBF7E4FE44216846B4
:1045A000FBF7E0FE2F4920682F4C07270025022645
:1045B0004FF09048884226D10120CDE90005684699
:1045C000FEF7D4F908B1FCF7D0FE206E40F480402D
:1045D0002066206E00F480401690E06C40F00100F0
:1045E000E064E06CCDE9126500F0010016904FF434
:1045F000C060CDE91457119011A94046FDF74EFF58
:1046000018B0BDE8F08119498842F9D16846009692
:104610000295FEF7ABF908B1FCF7A7FEA06D40F4D8
:104620000030A065A06D00F400301690E06C40F002
:104630000100E064E06CCDE9126500F00100169025
:104640000C20CDE91457119011A94046FDF726FF23
:10465000002205212620FEF7F1F82620FEF7E1F8DA
:10466000CEE7000000380140001002400044004046
:1046700070472DE9F8430446D0F88800984616465E
:104680000D46202802D00220BDE8F883A5B19EB1D6
:104690000020C4F890002120C4F888001834FEF7E8
:1046A0002FF8A6878146E68754F8100C2027183C7F
:1046B000B0F5805F02D003E00120E5E7206910B18A
:1046C0002E46002510E000260EE08021204602F054
:1046D00060FBC0B9DEB116F8010B21688862B4F83E
:1046E0005600401EA4F85600B4F856004B464FF052
:1046F0000002CDF800800028E7D14FF040012046AD
:1047000002F047FB40B1C4F888700320BCE735F8DD
:10471000020BC0F30800E0E7C4F888700020B3E79C
:10472000D0F88830202B01D00220704721B31AB373
:104730000165A0F85420A0F8562000218167C0F838
:1047400090102121C0F88810426E4FF48051B2F1D0
:10475000005F826812D08A4201D1016909B312490F
:104760008167026852E8001F41F0800142E80013AF
:10477000002BF6D100207047012070478A4201D1FA
:10478000016961B1094981670168083151E8002F69
:1047900042F4000241E80023002BF5D1EAE7044986
:1047A000F1E70449DCE70000DF6C00082D6D00082C
:1047B000756C0008216C00080249884201D1FCF7A1
:1047C00077BC7047F0030020FEE7000070B5124888
:1047D000104901230160002141608160C1600374C0
:1047E000417481740E2504240522C561C0E9054287
:1047F000C0E90824C0E90A250263C0E90D31C1639C
:10480000FDF74EFB002803D0BDE87040FCF7ADBDBE
:1048100070BD0000006400408001002010B5194AFE
:104820000021012004F084FA174C164A0021A061EF
:10483000D83A164804F0C8FA124A2060B43A002167
:10484000134804F0C1FA0F4A6060903A0021114801
:1048500004F0BAFA0B4AA0606C3A00210E4804F04A
:10486000B3FA084AE060483A00210C4804F0ACFA78
:10487000044A2061243A0021094804F0A5FA606145
:1048800010BD0000E0AF000800000020F15B000850
:10489000D55B0008955B0008615C0008755C00084A
:1048A000355C00082DE9F04186B014216846FBF71D
:1048B00059FD2F48C16C41F00401C164C16C01F085
:1048C00004010591C16C41F02001C164C16C01F08B
:1048D00020010591C16C41F00101C164C16C01F07E
:1048E00001010591C16C41F00201C164C06C4FF03F
:1048F000904700F002000590002202213846FDF7A3
:10490000F9FE012210213846FDF7F4FEDFF864803D
:10491000012241F242014046FDF7ECFE022501264C
:1049200000240095CDE90164694638460394FDF7FB
:10493000B5FD1020CDE9000669463846CDE90245AF
:10494000FDF7ACFD0095CDE901646946404603944E
:10495000FDF7A4FD4FF48250CDE9000669464046BC
:10496000CDE90245FDF79AFD06B0BDE8F0810000F3
:104970000010024000040048124810B510490160C0
:104980004FF48271416000214FF47062C0E902125D
:104990000122C0E90412520282613022C0E90721DB
:1049A00007224162C0E90A1201634163FEF772FE09
:1049B000002803D0BDE81040FCF7D7BC10BD0000B4
:1049C00000300140E4010020124810B51049016098
:1049D0004FF48271416000214FF4E062C0E902129D
:1049E0004FF400720161C0E905123822C0E90721C5
:1049F00007224162C0E90A1201634163FEF74AFEE1
:104A0000002803D0BDE81040FCF7AFBC10BD00008B
:104A10000038004048020020124810B510490160DB
:104A20004FF48271416000214FF4E062C0E902124C
:104A30004FF400720161C0E905123822C0E9072174
:104A400007224162C0E90A1201634163FEF722FEB8
:104A5000002803D0BDE81040FCF787BC10BD000063
:104A6000003C0040AC02002010B588B0002417487C
:104A700000940194029403940494059412490694BA
:104A80000160A921C0E9011440F2E731C0E9031433
:104A90008461FFF7BEF808B1FCF767FC4FF4805063
:104AA000009069460948FFF759F908B1FCF75DFC29
:104AB000049404A905480694FFF75CF8002801D087
:104AC000FCF753FC08B010BD0004004010030020A8
:104AD000184810B5164901604FF4E13141600021DA
:104AE00081600C22C160C0E904128161C161016270
:104AF00041628162FFF714FD08B1FCF736FC00212A
:104B00000C48FFF700FB08B1FCF72FFC0021094817
:104B1000FFF7D3FA08B1FCF728FC0648FFF77DFA47
:104B2000002803D0BDE81040FCF71FBC10BD0000FA
:104B3000003801405C030020184810B51649016098
:104B40004FF4E1314160002181600C22C160C0E975
:104B500004128161C161016241628162FFF7E0FC80
:104B600008B1FCF702FC00210C48FFF7CCFA08B1B1
:104B7000FCF7FBFB00210948FFF79FFA08B1FCF79F
:104B8000F4FB0648FFF749FA002803D0BDE81040BF
:104B9000FCF7EBBB10BD000000440040F003002018
:104BA000FEE7FEE7704700002DE9F84F1F469046EC
:104BB00089465FEA000A57D0B9F1000F54D00020AF
:104BC00004464FF0550B0646CDF800002A4806EB88
:104BD000460100EBC1052868401C10D0284604F0AF
:104BE0007BFE48B12CB169680098081AB0F1004FFB
:104BF00002D268682C460090761C5E45E6D31CB352
:104C000094ED020AB8F1000FF8EEC00A9FED1B0AFE
:104C100080EE801A8AED001AD4ED030AF8EEE00A5D
:104C200080EE801A89ED001A07D0D4ED050AF8EE5F
:104C3000E00A80EE801A88ED001AD7B1104920688A
:104C4000884214D1012013E09FED0E0AF7EE000A0E
:104C50008AED000AC9ED000AB8F1000F01D088ED15
:104C6000000A0FB1002038700020BDE8F88F002046
:104C700038700120F9E7000000F8010800007A44CC
:104C800031425A50000000002DE9F14F00262DED71
:104C9000040B4FF055083746DFF82C91DFF82CA1B4
:104CA00034462DED048B8CB0F0EE418AB0EE609A64
:104CB000F0EE409A4CF2FA3B04EB440109EBC105DB
:104CC0002868401C31D0284604F006FE38B127B1D0
:104CD0006868801BB0F1004F01D26E680127641C28
:104CE0004445E9D3149818B3FDF71CFBDAF8181003
:104CF00041F04041CAF81810CAF810B000200090E6
:104D0000089001203F21CDE909010B90694608A8D0
:104D1000FDF73EFA0446FDF7A5FA5CB120460CB05B
:104D2000BDEC048B05B0BDE8F08F4445DAD204E059
:104D30000220F4E7002426462746FF22182102A875
:104D4000FBF709FB224802900FB1761C00E0012618
:104D50009FED208A0396102129EE880A02A8BDEE55
:104D6000C00A8DED040A29EE080ABDEEC00A8DEDD9
:104D7000050A03F077FA28EE880A069004EB44014E
:104D800009EBC106BDEEC00A8DED070AFDF7CAFAB0
:104D9000DAF8181041F04041CAF81810CAF810B0FB
:104DA00002AD002405EBC40006EBC401D0E90023EA
:104DB0000020FDF765FA070002D1641C032CF1D333
:104DC000FDF750FA3846AAE700F801080020024033
:104DD00031425A5000007A44034800218172012276
:104DE000C272017370470000D80000200148808B18
:104DF00070470000D8000020044A08B1136C03601B
:104E0000002901D0108B088070470000D8000020D6
:104E10000348817A11B9C07A002800D00120704778
:104E2000D80000200148807A70470000D800002098
:104E3000014A506451837047D8000020002816D0E2
:104E4000EFF3108272B60A490B7803700B79437046
:104E50004B7983704B78C3708B6B43600B6A8360B4
:104E60008B6AC360096B0161002A00D162B670478A
:104E7000D800002010B500290FD006280DD2EFF37E
:104E8000108272B6054B00EB400003EB8000002A55
:104E900019C881E8190000D162B610BD4C66002027
:104EA000002816D0EFF3108272B60A498B7803708F
:104EB0008B794370CB798370CB78C370CB6B4360B5
:104EC0004B6A8360CB6AC360496B0161002A00D1E1
:104ED00062B67047D800002000280ED0EFF3108291
:104EE00072B606490B8A03804B8A43808B8A838083
:104EF000C98AC180002A00D162B67047D80000205C
:104F000010B5064C012240212046FDF7F3FB204658
:104F10000122BDE810401103FDF7ECBB000400487E
:104F20002DE9F04F9FB0002605960A96019602964D
:104F3000049614960396069607960996199608966F
:104F40000B960C9613960F96C220D34D129615967B
:104F500016961896009017960E961096CD4B4022F6
:104F600029461196CD4800F06FFCDFF82893CC4C11
:104F700099F80020227099F80130237199F80230D5
:104F8000637199F8C110617050B1A52A01D15A29F5
:104F90006DD0A06A401CA062A52A01D15A2966D012
:104FA0004FF0000843464022AA462946BB4800F07D
:104FB000C5FCBC4D0127B8F1000F5BD0A06B401CB5
:104FC000A063402209F1010105F15000FBF7B1F99E
:104FD00005F29111A1F2011040228146FBF7A9F9D7
:104FE00005F2D111A1F2011040228046FBF7A1F990
:104FF00005F1500000F06EFA2082484600F06AFA8F
:105000006082404600F066FAA08205F5787101AA38
:10501000A1F5647000F0B2F905AA05F2E441484632
:1050200000F0ACF909AA05F5BD61404600F0A6F90B
:1050300016AB09AA05A901A800F068F90DF104084A
:1050400098E80F000FC50DF1140898E80F000FC580
:105050000DF1240898E80F0085E80F000DF15808BD
:10506000203598E80F0085E80F00677334E04FF0B3
:10507000010897E78C4890F8822000F582708DF83F
:10508000042090F8821000F582708DF8141090F8CA
:1050900082008DF824001AB111B108B1012000E09E
:1050A00000208DF85800607BB8B10FCD0DF10408D9
:1050B00088E80F000FCD0DF1140888E80F0095E87F
:1050C0000F000DF12408203588E80F0095E80F0047
:1050D0000DF1580888E80F00403D42206D4B4FF419
:1050E000805B0090C2335A465146704800F0ACFBDA
:1050F000DFF8A09109F1C20999F80020A27099F88F
:105100000130A37199F80230E37199F84110E17010
:1051100050B1A52A01D15A292ED0E06A401CE06284
:10512000A52A01D15A2927D00020804603465A4695
:1051300051465E4800F002FCB8F1000F1ED0E06B53
:10514000401CE06353484022403809F10101804689
:10515000FBF7EFF8404600F0BDF9E08212AA54498F
:10516000404600F00BF90DF14808303598E80F0083
:1051700085E80F00A7730FE00120D6E74C4890F8B0
:1051800082008DF84800A07B30B130350DF1480821
:1051900095E80F0088E80F000EAA12A916A800F0E3
:1051A00089F80F982064BDF8403023839DF838209B
:1051B0002AB10F98616C884201D3012000E00020E1
:1051C00022B1618B8B4201D3012100E00021E57AFD
:1051D000BDB1656C042D02D3656CAD0800E00025FF
:1051E000678BBF085AB10F9AAA4208D2BB4206D2B7
:1051F000227B521CD2B22273052A08D3E672267390
:1052000005E0A27A1AB950EA010200D0A772A27A88
:1052100002B1012200B10220024309B1042000E0E2
:1052200000200243E07A00B108200243A2830EA9C5
:10523000002000F02BF916A9012000F027F901A9A0
:10524000022000F023F905A9032000F01FF909A9A5
:10525000042000F01BF912A9052000F017F901A99C
:10526000022001F0FFFD05A9032001F0FBFD09A9C3
:10527000042001F0F7FD12A9012001F0F3FD16A9A9
:10528000002001F0EFFD0EA9052001F0EBFD1FB09D
:10529000BDE8F08F0464002000040048AC02002048
:1052A000D8000020B462002094660020480200204C
:1052B000A069002010B5002827D0002925D0002A99
:1052C00023D003781BB10B780BB1012300E000233E
:1052D000137043780BB94B7803B1012353704368C3
:1052E0004C6823445360037B0C7B234413730C8969
:1052F00003899C4204D91481887A9072C87A03E0A9
:105300001381817A9172C07AD07210BD30B50028B5
:1053100033D0002931D0002A2FD0002B2DD0047893
:105320002CB10C781CB114780CB1012400E00024DD
:105330001C7044781CB94C780CB9547804B1012421
:105340005C7044684D682C4455682C445C60047B58
:105350000D7B2C44157B2C441C730C890589AC42B5
:1053600000D9084611890489A14200D91046018953
:105370001981817A9972C07AD87230BD2DE9F04FC7
:10538000002853D0002951D0002A4FD091F8823004
:105390004FF0010BBBB100242646A246A146A04611
:1053A0004FEA040301EB430C30F81350BCF884704F
:1053B000ED1B00D56D42BCF8C470ED1B17EBA507C3
:1053C00036D5002739E0B1F880400023642C13D291
:1053D0005FF0000451F8245030F81460354441F86F
:1053E0002450641C202CF5D3B1F88000401C80B2FE
:1053F000A1F88000642810D30020642551F82040D3
:10540000B4FBF5F601EB4004401CA4F88460A4F85A
:10541000C4302028F2D381F882B091F88200107055
:1054200053705360138113739372D372BDE8F08F7E
:10543000B7F5803F01DB4FF6FF77BDB2ACF8C45043
:1054400014FA87F4B54204D92E46C3F3870A03F051
:105450000309082D03D308F1010808F0FF085B1CBD
:10546000202B9FD3782C01D21E2E01D3012000E0E7
:10547000002082F800B050705460168182F80AA0B3
:1054800082F80B9082F80C80D0E7000030B500293C
:105490001CD006281AD20C780D8964F307024C78C8
:1054A00065F30F0364F30F224C68097B61F3174324
:1054B000EFF3108172B6064D00EB400005EB800063
:1054C00000298360C0E9002400D162B630BD00002D
:1054D0004C66002002004FF000000AD05FF000018F
:1054E00032F81130834200D91846491C2029F7D3DD
:1054F000704700207047000070B5C0F30D0040F405
:105500008041084603F0A5FC41EAC03080B200F0BB
:1055100019FB0A20FBF712FF0021084603F099FC53
:1055200041EAC03080B200F00DFB04460A20FBF7D0
:1055300005FF1149C4F30D0560040FD50120087063
:1055400044F20101084603F084FC41EAC03080B215
:1055500000F0F8FA0A20FBF7F1FE0AE0C4F30E00AF
:1055600003F077FCB0EBD43F01D0012000E0002035
:105570000870284670BD0000CC0000200148FEF7EE
:105580000BB80000480200200148FEF705B80000F3
:10559000AC02002038B504460068016821F04001E3
:1055A00001601C4845F6C0510068B0FBF1F0642171
:1055B000484300902068416821F040014160009814
:1055C00010B3401E0090206840684006F7D400BF2A
:1055D000FDF796F80090642300228021204600F019
:1055E00055FA402500B12566FDF78AF8009064233E
:1055F00000224FF4C061204600F0D8F900B12566C2
:10560000072084F85D0038BD206E40F04000206621
:10561000DEE70000480000207CB50446334845F62C
:10562000C0510068B0FBF1F064214843019020684C
:10563000416821F080014160019800284CD0401E53
:105640000190206840680006F6D400BFFDF758F8C6
:1056500002466421204600F0D2F8402500B12566BC
:105660002068016821F040010160FDF749F84FF41E
:10567000C0660090642300223146204600F096F96F
:1056800000B1256620684168490621D5416821F0AE
:1056900040014160019820B3401E0190206840689D
:1056A0004006F7D4FDF72CF80090642300228021F7
:1056B000204600F0EBF900B12566FDF721F80090D7
:1056C000642300223146204600F070F900B12566BF
:1056D000072084F85D007CBD206E40F0400020660D
:1056E000B4E7206E40F040002066DBE74800002071
:1056F00010B5806A0021A0F84610C187FDF747FF6A
:1057000010BDF8B5846A2068016821F0400101608D
:10571000A06D002585632068416821F0010141608A
:10572000FCF7EEFF0090642300228021204600F069
:10573000ADF9402600B12666FCF7E2FF0090642335
:1057400000224FF4C061204600F030F900B1266617
:10575000606D10B1806B002812D1A4F84650E58727
:10576000206E402800D025662068C16881680091BD
:1057700080680090012084F85D002046FDF75CFE03
:10578000F8BDF8B5846A0025606D856320684168BE
:1057900021F002014160FCF7B3FF0246642120467C
:1057A00000F02DF8402600B126662068016821F03F
:1057B00040010160FCF7A4FF0090642300224FF435
:1057C000C061204600F0F2F800B12666A06D10B16D
:1057D000806B002812D1A4F84650E587206E40283F
:1057E00000D025662068C1688168009180680090BB
:1057F000012084F85D002046FDF71EFEF8BDF8B5D7
:1058000015460E460B460092044600224FF4C05146
:1058100000F0CCF888B9334600228021204600955C
:1058200000F034F948B9334600224FF4C0612046F5
:10583000009500F0BBF8002804D0206E40F0200056
:1058400020660320F8BD00002DE9F84F374E0A9F6F
:105850001D4692468B4680460021306803F03AFA96
:105860000028F9D04046FDF793FE012808D04046B5
:10587000FDF7E4FD0021306803F02CFA0028F9D090
:10588000002251465846FCF735FF00204FF4FA61DC
:10589000009000BF401C00908842FAD31420009072
:1058A0003B462A4622494046FEF724F8DFF884901A
:1058B000214C2F4460B1D8F8001049451ED1206A10
:1058C000401C20622878207017F8010C60701DE0E1
:1058D000012251465846FCF70DFFD8F800102878F1
:1058E000494504D1207017F8010C607003E0A070E6
:1058F00017F8010CE0700120BDE8F88F606A401CC9
:1059000060622878A07017F8010CE07001225146FF
:105910005846FCF7EFFE4046FDF7D6FC0021306804
:1059200003F0D8F90028F9D00020E5E7180000209E
:1059300008650020003C0040D80000202DE9F0411F
:10594000174D0468AC4201D1164C01E0154C641CA3
:10595000002513B12570BDE8F0812378FF2B01D21B
:105960005B1C2370DBB2052BF5D3064608461146B7
:105970000122FCF7BFFE3046FDF760FD0A4F002113
:10598000386803F0A7F90028F9D03046FDF7E8FDA4
:105990003046FDF77FFE022003F061F9DAE70000F0
:1059A000003C0040E0000020180000202DE9FE4FE0
:1059B0004FF0000A984617460E4604460C9D8DF897
:1059C00004A0FCF79DFE411BA8EB0105FCF798FE27
:1059D000814620684FF4C06B0C3002902A48006862
:1059E000C0EBC00000EB8000000D6843009043E076
:1059F0005E4506D12FB9029800788DF804009DF815
:105A00000400B8F1FF3F37D0FCF77AFEA0EB0900A5
:105A1000A84203D215B1009858B32BE02068416822
:105A200021F0E00141606068B0F5827F0BD1A06891
:105A3000B0F5004F02D0B0F5806F04D12068016846
:105A400021F040010160A06AB0F5005F09D1206833
:105A5000016821F4005101602068016841F400519F
:105A60000160012084F85D0084F85CA00320BDE89B
:105A7000FE8F0025401E0090206880683040B842AC
:105A8000B6D10020F3E70000480000202DE9F843DC
:105A90001E46914688460446089DFCF731FE401B91
:105AA000351AFCF72DFE074625480068C0F3CB30B9
:105AB000684338E0701C37D0FCF722FEC01BA842B8
:105AC00003D215B1009860B32CE02068416821F042
:105AD000E00141606068B0F5827F0BD1A068B0F54D
:105AE000004F02D0B0F5806F04D12068016821F02A
:105AF00040010160A06AB0F5005F09D1206801682B
:105B000021F4005101602068016841F400510160F6
:105B1000012084F85D00002084F85C000320BDE8CB
:105B2000F8830025401E00902068816838EA010053
:105B300004D000214945BDD10020F0E70121F9E75B
:105B40004800002011B583B00020ADF804000246E3
:105B50004FF0904410212046FCF7CCFD0120FBF7CC
:105B6000EDFB64200090012301AA03A90848FDF77A
:105B7000C1FE0120FBF7E2FB012210212046FCF7C9
:105B8000B9FD0120FBF7DAFBBDF8040004B010BD3D
:105B9000E4010020FAF796FE0A4F0B4C0B4D0C4E19
:105BA000FAF7A0FE3878228895ED000A318838B1DE
:105BB0005FF0000001F03EF9322003F050F8EFE70B
:105BC0000120F7E7CC000020D0000020D400002006
:105BD000CE000020054C4FF4FA7502212046FCF758
:105BE00081FD284603F03BF8F7E700000004004879
:105BF0004FF4FA7003F033F80B4801219FED0B0AC4
:105C000080F83C1080ED140A80ED150A80ED110A31
:105C100080ED120A80ED100A0349054802F084FB6A
:105C2000022003F01CF8F7E7A46100200000000048
:105C300080010020142003F012F8FBF78FFC0122F2
:105C400005490648FAF77CFEFBF74AFBFBF752FAD8
:105C5000012003F004F8F9E780010020F0030020A0
:105C6000FFF74EF95FF0640002F0F9FFFFF758F913
:105C70003220F9E70446204600F0EEF8012002F059
:105C8000EEFFF8E710B54FF0E020006904F04AFF9E
:105C9000012803D0BDE8104004F010BB10BD10B5C2
:105CA00094B038216846FAF75DFB14210EA8FAF784
:105CB00059FB0020FCF7F4FD01210804CDE9001098
:105CC0000324CDE9084102202821CDE90A100790DC
:105CD0000421CDE90C106846FDF7F4F808B172B65E
:105CE000FEE70F20CDE90E040020109011901290D5
:105CF00004210EA8FCF77EFF002801D072B6FEE753
:105D000014B010BD0248016841F470010160704791
:105D100088ED00E00148FEF7A2B800001003002063
:105D20000148FEF79CB80000840400202DE9F043F0
:105D30000268264B264D274E274C4FF0804998424B
:105D400007D0484505D0A84203D0B04201D0A042B8
:105D500003D122F070074A683A43204FDFF880C031
:105D6000DFF8808098420DD048450BD0A84209D07A
:105D7000B04207D0A04205D0B84203D0604501D060
:105D8000404503D122F44075CA682A434D6922F088
:105D900080022A4302608A68C2620A68826298426C
:105DA00007D0A04205D0B84203D0604501D040459D
:105DB00001D109690163012141610169C90703D06A
:105DC000016921F001010161BDE8F083002C01406F
:105DD0000004004000080040003401400040014041
:105DE000004401400048014010B5846842EA0322A3
:105DF00024F47F440A432243826010BD8268034B2F
:105E00001A400A4342F00701816070478FFFCFFFBD
:105E100010B5036A046A24F001040462846924F062
:105E2000F00444EA021423F00A020A438461026285
:105E300010BD10B5036A046A24F01004046284697A
:105E400023F0A00324F4704444EA023243EA01112F
:105E50008261016210BD00002DED028BADF5816DF8
:105E600003F056FFC148017861F30704418890EDC3
:105E7000018A008961F31F44294660F30F01BB4882
:105E800002910C30017861F30707417861F30F2725
:105E900041680D91018961F30F0A817A61F3174A14
:105EA000C17A61F31F6ACDF82CA0007B294660F30C
:105EB0000701AE480F911C30017861F3070B417860
:105EC00061F30F2B41681091018961F30F09817A09
:105ED00061F31749C17A61F31F69CDF84490017BE2
:105EE000284661F307001390A0482C30017861F335
:105EF0000705417861F30F2541681791018961F326
:105F00000F08817A61F31748C17A61F31F68CDF8F1
:105F10005080017B304661F30700169093483C3077
:105F2000017861F307064178D0F804C061F30F26C9
:105F3000CDF868C00189189A61F30F02817A61F384
:105F40001742C17A61F31F621892007B199A874940
:105F500060F307024C3190460A78059862F3070017
:105F60004A7862F30F20814648680A900A890898A7
:105F700062F30F008A7A62F31740CA7A62F31F60F5
:105F80000890097B099861F30700099077485C3015
:105F90000278039962F30701427862F30F218A467F
:105FA000416807910289049962F30F01827A62F3D2
:105FB0001741C27A62F31F610491017B069861F375
:105FC0000700069003F0C4FEF5A8FEF737FFFAA815
:105FD000FEF766FFFFA8FEF77FFF18EE100AFAF73C
:105FE000D3F9189A08F0FF0392B2DDF868C0CDE942
:105FF000352306F0FF08CDE9338CC6F3072212B132
:106000000FF26C1C01E00FF26C1C169AD3B2149ABA
:1060100096B2179ACDE92F26CDE9313CEAB2C5F305
:1060200007230BB152A600E052A6139B119DCDE9A8
:106030002D62DBB2ADB2CDE92B53109A0BF0FF030A
:10604000CBF307250DB14AA600E04AA60F9DCDE986
:106050002932EDB2CDE927560B9AFDB293B20D9AD3
:10606000C7F307260EB142A600E042A6CDE92523DC
:10607000CDE92365099A09F0FF06D3B2089A1F9665
:1060800095B20A9ACDE920252293C9F307220AB1D5
:1060900037A600E037A6069A1E96D3B2049A95B2A8
:1060A000CDE91C53079A1B920AF0FF03CAF307229B
:1060B0000AB12FA600E02FA6BDF80224BDF80054B7
:1060C000CDE91752CDE91963BDF8FE63BDF8FC5365
:1060D000DDE9FD230DF14C0C8CE86C00DDE9FB568D
:1060E0009DF8EA230DF13C0C9DF8EB338CE86C0035
:1060F0009DF8E9639DF8E853DDE9F8230DF12C0CD8
:106100008CE86C00DDE9F6259DF8D7339DF8D66361
:106110000A95CDE908320796029D0DF1080C9DF80D
:10612000D5339DF8D423ADB28CE82300200C009029
:1061300014F0FF0FCDE9052301D00FA300E00FA35A
:106140000F4A4FF43E7137A800F0C6FE002808DD64
:1061500037A8FAF712F982B2642337A90948FEF783
:1061600088FA4FF4FA7002F07AFD79E6A46A00200A
:106170004F4E00004F4646004F4B00004552520024
:1061800098B000085C03002030B5416EB9B10268D8
:1061900091689268C1F342610B4B520F9C5CE50021
:1061A00003F10804A25CB5FBF2F2A0F86A205A5C85
:1061B000615CD200B2FBF1F1A0F8681030BD0121A2
:1061C000A0F86A10F8E7000018B0000890F828104E
:1061D000090706D501684A68836B22F400421A4316
:1061E0004A6090F82810C90706D001684A68C36A57
:1061F00022F400321A434A6090F82810890706D525
:1062000001684A68036B22F480321A434A6090F8AE
:106210002810490706D501684A68436B22F480229A
:106220001A434A6090F82810C90606D501688A68A2
:10623000C36B22F480521A438A6090F828108906B2
:1062400006D501688A68036C22F400521A438A60FA
:1062500090F82810490611D501684A68436C22F469
:1062600080121A434A60416CB1F5801F06D1016863
:106270004A68836C22F4C0021A434A6090F82810DE
:10628000090606D501684A68C06C22F40022024360
:106290004A6070472DE9F84300260446C0F8906034
:1062A000FCF72EFA8046206800684FF020050007B2
:1062B0006FF07E4713D543460022290420460097FD
:1062C00000F067FD58B1216851E8000F20F0800010
:1062D00041E80002002AF6D1C4F8885021E0206885
:1062E0000068400722D5434600224FF48001204633
:1062F000009700F04EFDC8B1216851E8000F20F46E
:10630000907041E80002002AF6D12068083050E879
:10631000001F21F0010140E80012002AF5D1C4F865
:106320008C5084F884600320BDE8F883C4F888505A
:10633000C4F88C5044F86C6F666026760020F3E752
:1063400010B5806A0021A0F85E10FDF74FFF10BD68
:1063500010B5806A0021A0F85610416EB1F1005FBF
:1063600004D101688A6942F010028A612021C0F8D4
:106370008810FDF7F0FE10BD10B5026852E8001F4E
:1063800021F4907142E80013002BF6D10E4B026805
:10639000083252E8001F194042E80014002CF6D1E0
:1063A000C16E012908D1016851E8002F22F01002C6
:1063B00041E80023002BF6D12021C0F88C100021E9
:1063C000C166416710BD0000FEFFFFEF10B5B0F8D9
:1063D0006020D0F88C300168222B04D0886940F00E
:1063E0000800886110BD496A836D11401980816D74
:1063F000891C8165B0F85E10491EA0F85E10B0F8E7
:106400005E100029EED1026852E8001F21F490715D
:1064100042E80013002BF6D10168083151E8002F43
:1064200022F0010241E80023002BF5D12021C0F821
:106430008C10002141670167154B02689A420BD00E
:106440005268120208D5036853E8002F22F08062D8
:1064500043E80024002CF6D1C26E012A02D0FEF7D8
:1064600007F910BDC166026852E8001F21F0100153
:1064700042E80013002BF6D10168CA69D243D20664
:1064800001D410220A62B0F85C10FDF70DFE10BDB9
:10649000008000402DE9F0470446B0F860600068D5
:1064A000C569D0F800A0D0F80890D4F88C10222943
:1064B00005D0816941F008018161BDE8F087B4F839
:1064C00068704FF0000844E02068406AA16D3040D9
:1064D0000880A06D801CA065B4F85E00401EA4F882
:1064E0005E002068C569690730D0E9070AD05FEA15
:1064F000CA5107D501210162D4F8900040F0010093
:10650000C4F89000A8070BD55FEAC97008D02168CD
:1065100002200862D4F8900040F00400C4F8900013
:1065200068070BD55FEAC97008D0216804200862AB
:10653000D4F8900040F00200C4F89000D4F8900025
:1065400020B12046FDF752FEC4F89080B4F85E00FA
:1065500000B30FB1A806B7D4B4F85E000028ACD0E1
:10656000B4F868108142A8D92068083050E8001FAC
:1065700021F0805140E80012002AF5D12A486067D6
:10658000206850E8001F41F0200140E80012002A76
:10659000F6D192E7216851E8000F20F4807041E8BD
:1065A0000002002AF6D1214A2068083050E8001F76
:1065B000114040E80013002BF6D12020C4F88C00D5
:1065C000C4F874804046C4F87080194A216891422A
:1065D0000BD04968090208D5226852E8001F21F053
:1065E000806142E80013002BF6D1E16E012903D04F
:1065F0002046FEF73DF8AFE7E066216851E8000F5E
:1066000020F0100041E80002002AF6D12068C1699C
:10661000C943C90601D410210162B4F85C102046B8
:10662000FDF742FD98E70000CD630008FEFFFFEF95
:106630000080004010B5B0F86020D0F88C300168C0
:10664000222B04D0886940F00800886110BD496A97
:106650001140826D1170816D491C8165B0F85E102A
:10666000491EA0F85E10B0F85E100029EED1016856
:1066700051E8002F22F4907241E80023002BF6D15C
:106680000168083151E8002F22F0010241E800239F
:10669000002BF5D12021C0F88C1000214167016743
:1066A000154B02689A420BD05268120208D5036853
:1066B00053E8002F22F0806243E80024002CF6D13A
:1066C000C26E012A02D0FDF7D3FF10BDC166026879
:1066D00052E8001F21F0100142E80013002BF6D110
:1066E0000168CA69D243D20601D410220A62B0F806
:1066F0005C10FDF7D9FC10BD008000402DE9F0478B
:106700000446B0F860600068C569D0F800A0D0F811
:106710000890D4F88C10222905D0816941F0080135
:106720008161BDE8F087B4F868704FF0000844E07C
:106730002068406AA16D30400870A06D401CA065C3
:10674000B4F85E00401EA4F85E002068C5696907C1
:1067500030D0E9070AD05FEACA5107D501210162AA
:10676000D4F8900040F00100C4F89000A8070BD5C1
:106770005FEAC97008D0216802200862D4F890004E
:1067800040F00400C4F8900068070BD55FEAC970B8
:1067900008D0216804200862D4F8900040F002007C
:1067A000C4F89000D4F8900020B12046FDF71EFDFB
:1067B000C4F89080B4F85E0000B30FB1A806B7D457
:1067C000B4F85E000028ACD0B4F868108142A8D9B3
:1067D0002068083050E8001F21F0805140E8001286
:1067E000002AF5D12A486067216851E8000F40F07F
:1067F000200041E80002002AF6D192E7216851E822
:10680000000F20F4807041E80002002AF6D1214AEE
:106810002068083050E8001F114040E80013002BAA
:10682000F6D12020C4F88C00C4F874804046C4F827
:106830007080194A216891420BD04968090208D535
:10684000226852E8001F21F0806142E80013002B0B
:10685000F6D1E16E012903D02046FDF709FFAFE72D
:10686000E066206850E8001F21F0100140E80012A7
:10687000002AF6D12068C169C943C90601D4102194
:106880000162B4F85C102046FDF70EFC98E70000AA
:1068900035660008FEFFFFEF008000402DE9F04163
:1068A0000446016880682269E36910436269002533
:1068B0001A431043DFF82CC20A688B4B1A4002437C
:1068C0000A6020684168E26821F440511143416048
:1068D0002168A069614501D0226A10438A68834B10
:1068E0001A4002438A602068C16A626A21F00F017F
:1068F0001143C1627E4923687E488B420DD1D0F896
:10690000880010F0030006D0012855D0022842D09C
:1069100003283FD152E001203DE077498B420BD163
:10692000D0F8880010F00C0035D0042833D00828A7
:1069300040D00C282ED141E070498B420BD1D0F8C9
:10694000880010F0300026D0102835D0202831D013
:1069500030281FD132E06A498B420BD1D0F8880031
:1069600010F0C00017D0402826D0802822D0C028A0
:1069700010D123E063450DD1D0F8880010F44060B9
:1069800009D0B0F5806F17D0B0F5006F12D0B0F518
:10699000406F13D010205B495B4F00264FF400423C
:1069A00063453BD160B1022813D004280BD00828DE
:1069B00072D10DE00220EEE70420ECE70820EAE7C0
:1069C000FCF726FA01E0FCF747FA010001D17CE070
:1069D0001146606A37F810206768B1FBF2F007EBE8
:1069E0004703834270D8B0EB073F6DD800230846B9
:1069F0001946F9F76DFC090241EA106102027808B4
:106A0000101871413A460023F9F762FC3F4AA0F59D
:106A10004071914258D82168C86056E0E3694FF64A
:106A2000EF7893422CD109284ED2DFE800F0050818
:106A3000114D0D4D4D4D1000FCF7EAF901E0FCF74A
:106A4000F9F9010004D140E0FCF706FAF9E7114634
:106A5000606A37F81000B1FBF0F04100606801EBAC
:106A60005001B1FBF0F0A0F1100141452CD84FF6D8
:106A7000F0710140C0F3420001432068C16024E08E
:106A8000092821D2DFE800F0050912200E2020207D
:106A90001100FCF7BDF902E016E0FCF7CBF90100AC
:106AA00004D112E0FCF7D8F9F9E71146606A37F82B
:106AB0001000B1FBF0F1606801EB5001B1FBF0F0A8
:106AC000A0F1100141450AD901250120A4F86A006E
:106AD00024F8680F2846E6602661BDE8F08180B2A0
:106AE00099E7000000800040F369FFCFFFF4FF1139
:106AF00000380140001002400044004000480040BF
:106B0000004C00400024F40000B00008FFFC0F001F
:106B100070B58165A0F85C20A0F85E200023436773
:106B200081684FF48056FF24B14204D10169F9B95C
:106B300040F2FF1122E07F25C1B1B1F1805F1AD090
:106B4000A0F86030C0F890302221C0F88C100168A5
:106B5000083151E8003F43F0010341E80034002CC4
:106B6000F5D1416EB1F1005F0ED031E0016941B95C
:106B7000A0F86040E6E7016919B13F21A0F8601074
:106B8000E0E7A0F86050DDE7B0F8681091421FD848
:106B90008168B14201D10169B9B11D4941670169FB
:106BA00041B1026852E8001F41F4807142E80013CD
:106BB000002BF6D10168083151E8002F42F08052D5
:106BC00041E80023002BF5D120E012494167F1E7AD
:106BD0008168B14201D1016969B10F494167016919
:106BE00059B1026852E8001F41F4907142E8001365
:106BF000002BF6D10AE009494167026852E8001FFC
:106C000041F0200142E80013002BF6D1002070BDB6
:106C1000FD6600089564000835660008CD6300082D
:106C2000D0F88810212910D1B0F8561071B1016D3B
:106C300002680988C1F308019162016D891C016530
:106C4000B0F85610491EA0F856107047026852E876
:106C5000001F21F0800142E80013002BF6D10268EA
:106C600052E8001F41F0400142E80013002BF6D12A
:106C700070470000D0F8881021291BD1B0F86A10A5
:106C800016E000BFB0F85620AAB10268D3691B060F
:106C90000CD5036D1B88C3F308039362026D921C2D
:106CA0000265B0F85620521EA0F85620491E89B23F
:106CB0000029E7D170470168083151E8002F22F41C
:106CC000000241E80023002BF5D1026852E8001FC2
:106CD00041F0400142E80013002BF6D17047D0F894
:106CE000881021290ED1B0F8561061B1016D0268EB
:106CF00009789162016D491C0165B0F85610491E72
:106D0000A0F856107047016851E8002F22F0800269
:106D100041E80023002BF6D1026852E8001F41F041
:106D2000400142E80013002BF6D17047D0F88810DC
:106D3000212919D1B0F86A1014E000BFB0F856202C
:106D40009AB10268D3691B060AD5036D1B7893625A
:106D5000026D521C0265B0F85620521EA0F8562053
:106D6000491E89B20029E9D170470168083151E80C
:106D7000002F22F4000241E80023002BF5D1026825
:106D800052E8001F41F0400142E80013002BF6D109
:106D900070472DE9F047994617460D4604464FF0D7
:106DA0000008089E33E0701C31D0FBF7A9FCA0EB73
:106DB0000900B04218D8BEB120680168490726D53D
:106DC000802D24D0402D22D0C169C94309070DD49C
:106DD000082505622046FFF7CFFAC4F8905084F8E2
:106DE00084800120BDE8F0870320FBE7C069C04331
:106DF00000050CD421684FF4006008622046FFF7BC
:106E0000BBFA2020C4F8900084F88480ECE7206866
:106E1000C06935EA000004D00020B842C3D0002089
:106E2000E0E70120F9E700000148FDF7EBB90000B9
:106E3000F003002070B514462DED028BB0EE408AB1
:106E40000D46064602F064FF054B1E705D8083ED23
:106E5000018A1C81BDEC028BBDE8704002F078BF56
:106E6000A46A002070B50C0005462FD002F050FF38
:106E7000062D17D2DFE805F0262203061A1E217818
:106E8000134802E012482178103001706178417097
:106E90006168416021890181A17A8172E17AC172C0
:106EA000217B0173BDE8704002F052BF0848217891
:106EB0002030EAE7064821785030E6E70448217898
:106EC0003030E2E7024821784030DEE770BD000054
:106ED000B06A0020FEE700000FB41CB50246002097
:106EE00007AC00290BD0491ECDE90021054B6A46AD
:106EF0002146069800F0EAF8009A002111701CBCA7
:106F00005DF814FBFB7700080907090E002804DB75
:106F100000F1E02080F80014704700F00F0000F14D
:106F2000E02080F8141D704702E008C8121F08C155
:106F3000002AFAD170477047002001E001C1121FFA
:106F4000002AFBD1704700002DE9FF5F82B00021CD
:106F5000DDE90430020DDDF840B0034318D044F6FB
:106F60001050A2F2FF3242431514119801281FD08D
:106F7000A5EB0B00401C5FEA000A4FF000064E4FE5
:106F8000DFF83891B046504615D5CAF1000413E039
:106F9000119801244AA3012801D16FEA0B0102983C
:106FA000119AC0E90031C0E9024206B0BDE8F09F85
:106FB000CBF10000DFE704460021404A491842EBCC
:106FC0000450CDE9001012E0E00707D032463B46FE
:106FD00040464946F9F7C7FA8046894632463B465D
:106FE00010461946F9F7BFFA06460F466410002C02
:106FF000EAD1DDE90401DDE90023BAF1000F06DA88
:10700000F9F7B1FA42464B46F9F7ADFA05E0F9F760
:107010001CFB42464B46F9F718FB04460E4600227D
:10702000284BF9F799FB03D84FF0FF30014607E0F2
:107030000022254B20463146F9F7EEF9F9F774FBAB
:10704000102409E0002C0ADB0A220023F9F740F99A
:10705000039B30321A55641E50EA0102F2D1641CBF
:10706000039AC4F111031444119A012A03D0012296
:1070700008430DD10AE0084304D000204FF0110B63
:10708000119072E7A3EB0B056D1E0DE05B4504DD6F
:107090004FF0000205F1010504E003DA4FF00002B1
:1070A000A5F10105002AECD002981199C0E902313E
:1070B000C0E9004579E70000000014400000F03FFF
:1070C000300000000000F0430000E03F2DE9FF4FDA
:1070D00095B09B468946064600250FE2252877D1C4
:1070E00000242746F84A0121059400E0044316F8DD
:1070F000013F203B01FA03F01042F7D130782A28F3
:1071000011D06FF02F033078A0F13002092A16D881
:10711000059A44F0020402EB820203EB420210449F
:10712000761C0590EFE759F8042B0592002A03DA44
:10713000504244F40054059044F00204761C307828
:107140002E2816D116F8010F44F004042A280DD079
:107150006FF02F023078A0F13003092B09D807EB2C
:10716000870302EB4303C718761CF3E759F8047B47
:10717000761C30786C280FD006DC4C2817D0682895
:107180000DD06A2814D104E0742810D07A280FD1C9
:107190000DE044F400140AE044F4801401E044F4E7
:1071A00040147278824202D104F58014761C761C59
:1071B000307866280BD013DC582877D009DC0028FB
:1071C00075D04528F6D04628F4D047281AD19DE13D
:1071D00018E0632835D0642879D0652812D195E16C
:1071E000702873D008DC6728F1D069286FD06E282A
:1071F0000DD06F2806D1B5E073282CD0752875D036
:10720000782874D05A46179990476D1C75E1C4F3DD
:107210000250022809D003280DD0D9F80010042804
:107220000DD00D6009F1040967E1D9F80010EA17E3
:10723000C1E90052F6E7D9F800100D80F2E70D70B1
:10724000F0E719F8041B8DF8001000208DF80100FC
:10725000EA46012003E059F804AB4FF0FF30610724
:107260004FF0000102D40DE008F101018846B94257
:107270000FDA8045F8DB1AF808100029F4D108E08D
:1072800008F1010188468142FADB1AF8081000294A
:10729000F6D105985B46A0EB080721463846179AB9
:1072A00000F094FA284400EB080507E04DE029E1DE
:1072B0000DE01AF8010B5A4617999047B8F10108EA
:1072C000F7D25B4621463846179A13E142E00A227C
:1072D0000092C4F302524FF0000A022A08D059F873
:1072E00004CB032A4FEAEC710AD00DE029E02AE032
:1072F00009F1070121F00702F2E802C1914609E015
:107300000FFA8CFC4FEAEC71042A03D14FFA8CFC83
:107310004FEAEC71002907DA0A460021DCF1000C83
:1073200061EB02012D2202E0220504D52B228DF80B
:107330000420012203E0E20701D02022F7E7904673
:1073400059E00A2102E010220DE010214FF0000A5E
:1073500000910BE010224FF0000A44F004040827CB
:10736000009203E008224FF0000A0092C4F3025298
:10737000022A05D059F804CB0021032A08D009E0DD
:1073800009F1070121F00702F2E802C1914605E088
:107390001FFA8CFC042A01D10CF0FF0C4FF00008FE
:1073A000220728D5702806D0009B83F0100353EAEB
:1073B0000A0305D00EE040228DF80420012208E0E7
:1073C0005CEA010206D030228DF804208DF8050019
:1073D00002229046009B83F0080353EA0A030AD175
:1073E0005CEA010201D1620705D530228DF8042044
:1073F0004FF001087F1E582804D034A003900EA837
:1074000002900DE036A0F9E753466046009AF8F77F
:107410005FFF84460398825C0298401E02900270CF
:107420005CEA0100F0D1029806A9081A00F1200ACE
:10743000600702D524F4803400E00127574502DDBF
:10744000A7EB0A0000E0002000EB0A01009005987D
:107450004144401A0590E00306D45B462146179A42
:10746000059800F0B3F90544002706E001A85A4644
:10747000C05D179990476D1C7F1C4745F6DBE00304
:107480000CD55B462146179A059800F09FF90544F4
:1074900004E030205A46179990476D1C0099481E09
:1074A00000900029F5DC08E0029802995A4600781D
:1074B000491C0291179990476D1CBAF10001AAF17D
:1074C000010AF1DC65E100000928010030313233A6
:1074D0003435363738396162636465660000000010
:1074E00030313233343536373839414243444546FA
:1074F0000000000000F058F90544761C30780028A0
:107500007FF4ECAD19B02846BDE8F08F620700D4D7
:10751000062709F1070222F0070CFCE80223E146E6
:1075200003F000485FEA080C02D00FF2702C0DE067
:107530005FEA045C02D50FF2682C07E05FEAC47CC6
:1075400002D00FF2602C01E0AFF2700C4FF0FF3868
:1075500023F00043CDF850C065280CD006DC452848
:1075600009D046281DD047283DD13DE0662818D0D7
:1075700067287ED138E00021112F01DB112000E0C7
:10758000781CCDE9000106A90EA8FFF7DDFCDDE9B6
:107590000F010E9A03910021009207F1010A049154
:1075A0004DE04FF000400097CDE9011006A90EA86C
:1075B000FFF7CAFCDDE90F0203920E9B119900222E
:1075C000DDF80CA00093049211B9791C00EB010ABC
:1075D000B7EB0A0004D4C0F1FF3007F1010A0490B0
:1075E000AAEB0700019044E0012F00DA01270021F7
:1075F000112F01DD112000E03846CDE9000106A978
:107600000EA8FFF7A1FCDDE90F010E9A03910021FE
:1076100004910092BA4621070CD40399514500DA2F
:107620008A46BAF1010F05DD009AAAF10101515C09
:10763000302908D0B84202DA10F1040F06DA01212D
:10764000CDE9011015E0AAF10101E9E7002805DC08
:10765000049901440491AAEB000102E0411C514548
:1076600000DD8A460499401A401C01904FF000400A
:107670000290200704D40198504501DBCDF8048026
:1076800000208DF84F0002980DF14F07B0F1004F28
:1076900025D02B200E9002984FF0020800280CDA1B
:1076A000404202902D200E9007E00A210298F8F740
:1076B0007EFE3031029007F8011DB8F10001A8F1FB
:1076C0000108F2DC02980028EFD1791E0E980870AC
:1076D000307800F0200040F0450007F8020D12A8B5
:1076E000C01B00F107081498007800B1012000EBDE
:1076F0000A01019801EBE07105984144401A401ECF
:107700000590E00306D45B462146179A059800F0E1
:107710005DF805441498007818B15A4617999047B7
:107720006D1CE00324D55B462146179A059800F0AE
:107730004DF805441CE00498002807DBDDE903014F
:10774000884203DD0098405C179901E017993020CA
:107750005A469047049805F10105401C0490019891
:10776000401E019004D12E205A46179990476D1C57
:10777000BAF10001AAF1010ADDDC05E017F8010BFE
:107780005A46179990476D1CB8F10001A8F10108FD
:10779000F4DC5B462146179A0598ABE62D00000005
:1077A0002B000000200000002DE9F04104460025D8
:1077B0001E461746880404D405E039462020B04709
:1077C0006D1C641EF9D52846BDE8F0812DE9F04115
:1077D000044600251E469046C80301D5302700E028
:1077E0002027880404D505E041463846B0476D1C83
:1077F000641EF9D52846BDE8F0814A68002A06D003
:107800000A68531C0B6010704868401E486070473F
:107810000348DFED040A90ED000A20EE200A7047CD
:10782000D400002035FA8E3C02480078002800D0B1
:1078300001207047CD0000207CB5264C0646DFEDC8
:10784000260AB4F88200254900EE100AB8EE401A64
:1078500081EE200A10EE100AB0F17E5F02DAB7EE78
:10786000000A05E010EE100A884201DDB3EE040ABA
:10787000B6EE001A1A4D00EE201A022E85ED2C0AE3
:10788000FCEEC10A10EE900AA4F8820013D310EEA9
:10789000101A0A0EC1F30740CDE90002C1F3072315
:1078A000CAB22888152102F065FC032E03D328886C
:1078B000152102F055F90020A4F884000948007849
:1078C000002806D0A08C002803D0BDE87C4000F042
:1078D0001FBA7CBD386D002000007A440000A04132
:1078E000A4610020106B002070B501462DED048BC3
:1078F00086B018226846F8F71CFD9FED569AB0EE48
:10790000498A00F011F948B101F0D4F8524C01262F
:10791000F0EE408A607B002530B119E000F088FB72
:1079200006B0BDEC048B70BD4C48808C00B3DDED1F
:10793000020AB0EE680A00F077F938B16673C4ED58
:10794000118A208B40F40070208301E0607B78B1C5
:10795000DDED020A94ED110A9FED411A30EE411A55
:10796000B4EEE01AF1EE10FA03DD657300F0C2F92F
:1079700009E08DED020A8DED019A8DED059A208BBF
:1079800040F4807020839DED020A70EE688AB0EEAC
:10799000680A00F095FF10EE100A324988423EDD79
:1079A000DDED010A9FED308AF5EEC00AF1EE10FA26
:1079B00006DDF4EEC80AF1EE10FA01D2B0EE608AEC
:1079C000207A78B118EE100A29499FED280A8842DA
:1079D00001DDB0EE408A8DED059A208B40F4006009
:1079E0002083257202F09AF820EE088A02F096F8B9
:1079F000F2EE000A20EE200A60EE288AB1EE480A74
:107A0000F4EEC08AF1EE10FA02D2B0EE408A06E03F
:107A1000F4EEC88AF1EE10FA01DCB0EE688A15487F
:107A200090ED080A84ED0F0A84ED100A2573218B6E
:107A300041F02001218380ED100A80ED118A9FED35
:107A40000E0A80ED149A80ED150A9DED050A80ED71
:107A5000120A65E70000000020010020386D0020B8
:107A600035FA0E3C35FA0E3CDB0F493FC2B8B23D49
:107A7000C2B8B23DA46100209A99993E7CB51948DC
:107A800000252B4690F83C200095019500880A219E
:107A900002F070FB144EB08C002821D0FDF7C2F923
:107AA000124C30B1B584206ABDE87C400D4900F02D
:107AB00068BC00F039F828B900F0BAFA208B40F41D
:107AC000806020830749206A00F05BFC0549206A3A
:107AD00000F078FCFAF714FEBDE87C4000F086BAAE
:107AE0007CBD0000A4610020386D00202001002032
:107AF00070B50A4C0A4D0026E07938B1FAF700FE5D
:107B0000216B401A0749884204D3E671A5F89060BA
:107B1000002070BD0120A5F8900070BD200100205C
:107B2000386D0020C0D4010010B5104C607A80B1CF
:107B30000F48007868B100F0BDFF10EE100A0D4943
:107B4000884209D810EE100A0B49884204DC012053
:107B500003E00020A07110BD0020A07108B1012039
:107B600010BDBDE81040FFF7C3BF0000200100209A
:107B7000CD000020DB0F49BF35FA0E3E70B506463A
:107B800024482DED028B0078002840D0FFF740FEFE
:107B9000214C012584ED0D0A6572A07890B101F0A9
:107BA000BDFF1E48F0EE400AB0EE608AD0ED088AB4
:107BB00000F080FFC8EE880A30EE600A84ED0B0A00
:107BC000E570257101F0AAFFA078F0EE400A10B12F
:107BD00094ED0B1A01E09FED121A304694ED0D0A58
:107BE000FDF752F8064694ED0D0A01F087F90EB93B
:107BF0000C480586A07818B194ED0B0A01F036F90F
:107C0000BDEC028B0020BDE8704000F0F9B9BDEC7E
:107C1000028B70BDCD00002020010020A461002057
:107C200000000000386D002070B52DED028B9EB075
:107C3000F0EE608AB0EE408A10A8F9F785FC68463D
:107C4000F9F778FC9FED270A002538EE000AB4EE1C
:107C5000E80AF1EE10FA0DD201269DED1A0A00F0A5
:107C60002FFE10EE100A2049204C8842E07B08DDF0
:107C700018B104E000F03EF832E084ED128AE673B9
:107C800000E070B194ED120A38EE400A00F018FEE0
:107C900010EE100A1649884203DB9DF8700000B10F
:107CA00026749DED050AB5EEC00AF1EE10FA08D96A
:107CB000207C30B1DDED190AF4EEC00AF1EE10FAC5
:107CC00001D2A5730CE0A07BFF2801D2401CA07359
:107CD000C0B2032804D301201EB0BDEC028B70BDDE
:107CE0000020F9E735FA0E3C9A99993E20010020D0
:107CF0005077D63C044800219FED040A8173C1737C
:107D0000017480ED120A704720010020000000007D
:107D100070B520202DED068B86B000F0C1FE08EE78
:107D2000900A222000F0BCFE6E4E08EE100AB6F853
:107D3000480000EE100AF8EE400A9FED6B0AB6F814
:107D40004A0080EE80AA00EE900A2620F8EE600A33
:107D5000C0EE809A00F0A4FE00EE100AF8EEC00A11
:107D60009FED620A308D80EE809A410702D5B8EE11
:107D7000C88A03E0F8EEC80A80EE808A010702D5BF
:107D8000F8EEE88A03E0F8EEE80AC0EE808AC10760
:107D90009FED570A01D028EE008A800701D568EED2
:107DA000808A544C0020544D2083A07A08B928784A
:107DB00010B1012028702083A07818B1208B40F0EA
:107DC00002002083E07818B1208B40F0400020832F
:107DD000207918B1208B40F080002083B08C18B13E
:107DE000208B40F004002083FDF71CF818B1208B95
:107DF00040F008002083FDF70BF818B1208B40F00D
:107E000010002083FFF790FE18B9208B40F48060AB
:107E10002083207A18B1208B40F400602083FFF784
:107E200067FE18B1208B40F480502083C5ED018A95
:107E300085ED028A85ED03AAC5ED049A85ED059AC4
:107E40002878C0B1B08C002848D0FFF76DFE00281C
:107E5000B08C0ED0002841D0FCF7E4FF00283DD1C3
:107E6000FCF7D6FF70B12548007898B100F022FEEB
:107E700015E0002832D006B0BDEC068BBDE870409E
:107E800000F0D6B806B01C48BDEC068BBDE87040CB
:107E9000FFF72ABD1A4890ED080A00F0C5FE9FEDD5
:107EA000191AD5ED020A30EE410AF4EEC00AF1EEDD
:107EB00010FA13D2182210496846F8F73AFA134913
:107EC00001989FED110A884201DD8DED010A9FEDB9
:107ED000100A68468DED050AFFF706FD06B0BDECF9
:107EE000068B70BD386D00200000C84200007A4447
:107EF00035FA8E3C20010020106B0020CD000020C0
:107F0000A461002035FA0E3C920A063F920A063F11
:107F10000000000070B5304C2DED028B9FED2D8AD6
:107F2000206AF0EE488A002851D02C4900220988A6
:107F300001F02CFE2A480125007838B100F0BAFD86
:107F4000F0EE408AC4ED0B8AE57003E084ED0B8A05
:107F50000020E070A570257101F0E0FDF0EE400A10
:107F6000012094ED0B1A94ED0D0AFCF78DFE94EDB3
:107F70000D0A00F0C3FF94ED0B0A00F077FF1949DA
:107F8000888C002823D0A1F50A700570C0ED028A04
:107F900080ED018A31F8482F00EE102AF8EE400AF1
:107FA0009FED110A80EE801A80ED031A498800EED9
:107FB000901AF8EE600A80EE801A80ED041A80EDC7
:107FC000058ABDEC028BBDE87040FFF78DBCBDECAF
:107FD000028B70BD0000000020010020A461002081
:107FE000CD000020386D00200000C842034900F594
:107FF0009670C864002008657047000020010020CA
:1080000010B500B10120084CE071FAF779FB20634C
:108010000649E079A1F89000002803D1208B20F4D4
:108020008050208310BD000020010020386D00200A
:1080300007489FED060A80ED110A80ED140A80EDD5
:10804000150A80ED120A80ED130A70470000000047
:10805000A461002070B52DED028B84B000F0BEFB52
:10806000FFF7D6FB9FED498A40F2151020EE080A73
:10807000BDEEC00A10EE101A01F092FBFFF7D4FB20
:1080800000B10120424D434EA5F82E0296ED080A9C
:1080900000F026FC01464FF48C7001F081FB3E4C51
:1080A00094ED100A00F01CFC01464FF48D7001F0B5
:1080B00077FB94ED0F0A00F013FC01464FF48E702D
:1080C00001F06EFB96ED2C0A344910EE100AB0F167
:1080D0007E5F02DAB2EE090A03E010EE100A88426F
:1080E00003DDDFED2F0A30EE600A20EE080ABCEE59
:1080F000C00A10EE100AA5F83C02207BA5F83E024B
:10810000208B20F4E0502083FFF70EFD18B9208B60
:1081100040F480602083207A18B1208B40F4006006
:108120002083FFF7E5FC18B1208B40F480502083BA
:10813000208BA5F84002002404EB840000F5987021
:1081400086B2E0B26946FCF795FE9DF8000000B1EA
:1081500001209DF8011001B10221084325F8160005
:10816000701C80B2019901F01DFB05EB4600BDF8C3
:108170000810C180641C9DF80A10A4B20181062C6D
:10818000DAD304B0BDEC028B70BD000000007A446D
:10819000386D0020A461002020010020CDCC4C3E91
:1081A000CDCC4C3E10B500F00FF80548F9F7D3FFE1
:1081B000BDE810404FF4706202490148F9F74BBC2A
:1081C0008001002081026E0010B588B0002002AA54
:1081D00002210124019082E813000590069001A974
:1081E0000548F9F7CDFC022201231146024800940C
:1081F000F9F7F4FC08B010BD800100201CB5114453
:10820000FF228DF800208DF801208DF804208DF8D4
:1082100002208DF805208DF803208DF80620FB2222
:108220008DF8072089B208236A4600F0ADFB1CBD1B
:1082300070B504464FF6FF7000224AF201050EE0C9
:10824000A35C58400023C60702D085EA500000E036
:1082500040085B1CDBB2082BF5D3521C92B28A4259
:10826000EED370BD70B54FF0FF320023094E0DE024
:10827000C45C62405FF0000402F001056D423540CD
:10828000641C85EA5202082CF6D35B1C8B42EFD3A8
:10829000D04370BD2083B8ED1CB51144FF228DF88A
:1082A00000208DF801208DF804208DF802208DF833
:1082B00005208DF803208DF80620FD228DF807207B
:1082C00089B208236A4600F05FFB1CBD91F83C2090
:1082D000012A0BD0022A0CD0032A0ED0042A10D176
:1082E00009884FF4407200BFFFF788BF0988002259
:1082F000FAE709884FF48072F6E709884FF40072B4
:10830000F2E770479FED070A80ED150A80ED140A29
:1083100080ED100A80ED110A80ED120A80ED130A3B
:10832000704700000000000091F83C20012A0ED0A8
:10833000022A19D0032A1ED0042A21D191ED131A42
:10834000D1ED110A91ED100A098801F0F5B991ED0E
:10835000122AD1ED151A91ED141AD1ED110A91EDF1
:10836000100A0A8800F000BCD1ED110A91ED100A44
:10837000098800F0F3BD91ED110A098801F020BCD5
:10838000704710B50C4691F83C200988012A08D0A6
:10839000022A08D0032A0FD0042A10D0012284F820
:1083A0003C20002201E04FF48072FFF775FF204669
:1083B000BDE81040FFF7A6BF4FF40072F5E74FF499
:1083C0004072F2E791F83C200B88012A08D0022A7B
:1083D00008D0032A09D0042A0AD0012281F83C20BF
:1083E000002207E04FF4807204E04FF4007201E0D5
:1083F0004FF44072194600F0C1B810B50246087833
:108400000B4600F00F005060087800099060B1F84A
:10841000010040BAD060C9781C79090141EA141101
:1084200011611C79597904F00F0441EA042151616A
:10843000D2ED2C0A1021B1EE600A01F0F9FB82EDB9
:10844000080AD2ED2D0A0C211069B1EE600A01F084
:10845000EFFB82ED090AD2ED2E0A0C215069B1EE34
:10846000600A01F0E5FB82ED0A0A987900EE100A35
:10847000B8EE400A82ED0D0AD87900EE100AB8EE87
:10848000400A82ED0E0A10BD10B54FF488711448F1
:10849000F7F768FF124802219FED120A01800021C0
:1084A0004180012180F8581080F83C1080ED110ABD
:1084B00080ED100A80ED120A80ED130A80ED140A97
:1084C00080ED150AB3EE040A80ED2C0AB3EE0E0A15
:1084D00080ED2D0AB2EE040A80ED2E0A10BD0000D8
:1084E000A4610020000000002248B0EE402AF2EE15
:1084F000041A90ED0C0AF5EEC00A60EE211AF1EEB6
:1085000010FA01D8F0EE410AB5EEC01AF1EE10FAF9
:1085100001D8B0EE601AF4EEC01AF1EE10FA02D8EB
:10852000B0EE410A704732EE402A71EEC01A82EE78
:10853000210AB5EEC00AF1EE10FA02D29FED0E0A42
:1085400006E010EE100AB0F17E5F01DDB7EE000A22
:10855000F0EE002AF0EE081A20EE002A40EE621A31
:1085600031EE601AB0EE600A62EE211A01EE210AC5
:108570007047000038710020000000001CB5114455
:10858000FF228DF800208DF801208DF804208DF851
:1085900002208DF805208DF803208DF80620FC229E
:1085A0008DF8072089B208236A4600F0EDF91CBD5A
:1085B00010B52DED028B90B06846F8F7BBFF9DED2E
:1085C000040A9FED478A474C20EE080ABCEEC00A19
:1085D00010EE100AA4F86C009DED010A20EE080AC6
:1085E000BCEEC00A10EE100AA4F86E009DED000A61
:1085F00020EE080ABCEEC00A10EE100AA4F87000C3
:108600009DED020A20EE080ABCEEC00A10EE100A28
:10861000A4F872009DED070ADFED330A20EE200A70
:10862000BCEEC00A10EE100AA4F874009DED080A12
:1086300020EE080ABCEEC00A10EE100AA4F876007C
:108640009DED090A20EE080ABCEEC00A10EE100AE1
:10865000A4F878009DED0A0A20EE080ABCEEC00AD4
:1086600010EE100AA4F87A009DED0B0A20EE080A1D
:10867000BCEEC00A10EE100AA4F87C009DED0C0AB6
:1086800020EE080ABCEEC00A10EE100AA4F87E0024
:108690009DF93C00002802DA4FF6FF7000E001204F
:1086A00024F8800F9DED0D0A00F01AF901464320D1
:1086B00001F076F89DED0E0A00F012F90146452012
:1086C00001F06EF89DED050A20EE080ABCEEC00A26
:1086D00010EE100AE08110B0BDEC028B10BD00005E
:1086E00000007A44386D00200024744910B52DED47
:1086F000028B90B06846F8F71DFF354C34F86C0FCC
:1087000001F08AFA8DED040A608801F085FA8DED9A
:10871000010AA08801F080FA8DED000AE08801F0DE
:108720007BFA8DED020A2089DFED2A0A00EE100A9D
:10873000B8EE400A80EE201A8DED071A608901F02C
:108740006BFA8DED080AA08901F066FA8DED090A31
:10875000E08901F061FA8DED0A0A208A01F05CFAE5
:108760008DED0B0A608A01F057FA8DED0C0AA08A94
:108770006C3CA0F57F41FF3927D001208DF83C00EB
:10878000432000F08DF900EE100A9FED138A45207A
:10879000B8EEC00AC0EE080ACDED0D0A00F080F96F
:1087A00000EE100AB8EEC00AC0EE080ACDED0E0ABF
:1087B000B4F88E0001F030FA8DED050A6846F8F73E
:1087C00035FF10B0BDEC028B10BD4FF0FF30D5E788
:1087D000386D00200024744900007A4400B58DB043
:1087E0006846F8F7B1FE9DED000A00F079F8014601
:1087F0004FF4857000F0D4FF9DED010A00F070F891
:1088000001464FF4867000F0CBFF9DED050A00F0A5
:1088100067F801464FF4877000F0C2FF9DED090A2A
:1088200000F05EF801464FF4887000F0B9FF23496C
:108830009DF83000A1F824029DED040A00F050F8E4
:10884000014640F2131000F0ABFF9DED030A00F06B
:1088500047F8014640F2211000F0A2FF9DED060A04
:1088600000F03EF8014640F2231000F099FF9DED24
:10887000070A00F035F8014640F2251000F090FF9D
:108880009DED080A00F02CF8014640F2271000F098
:1088900087FF9DED0A0A00F023F8014640F22910F7
:1088A00000F07EFF9DED0B0A00F01AF8014640F241
:1088B0002B1000F075FF0DB000BD0000386D0020DA
:1088C000B5EEC00AF1EE10FA01D2B1EE400A7047DF
:1088D000B5EEC00AF1EE10FA01D2B1EE400A7047CF
:1088E000DFED040A20EE200ABDEEC00A10EE100AE9
:1088F0007047000000007A4410B58EB00024019447
:1089000001AA69460A48029400F016F8BDF8000072
:10891000A0F5E061FF3901A906D0CDE9030403A861
:10892000F8F7CCF80EB010BD024800F0EDFFF9E703
:1089300080010020A461002010B58AB00C461346C7
:108940006A464021F9F76EF958B9009820800398DB
:10895000092806D2DFE800F005080A0C0E101214F0
:10896000160000200AB010BD0120FBE70220F9E745
:108970000320F7E70420F5E70520F3E70620F1E7F9
:108980000720EFE70820EDE700B589B0009100214E
:108990000191029173B1012B0CD0022B0AD0032B51
:1089A00008D0042B06D0052B04D0062B02D0072BB1
:1089B00000D00823CDE90331059106910791089174
:1089C0006946F9F7B8F8002800D0012009B000BDC9
:1089D000B4EEE00AF1EE10FA01D2B0EE600AB4EEA5
:1089E000C10AF1EE10FA01DDB0EE410A012131EECB
:1089F000601A814070EE600A491E00EE101AB8EE4F
:108A0000C00A20EE800AC0EE010ABDEEE00A10EEB8
:108A1000100A704710B52DED028BB0EE408AFFF7BB
:108A200057FF1E4CB7EE081A4FF0FF32D4ED0C0A78
:108A300004F1400160EE810AF4EEC00AF1EE10FA92
:108A400018D2B5EEC08AF1EE10FA01DD012000E087
:108A5000104681F83200002815DD94ED081AD4ED97
:108A60000A0AFFF741FDD4ED070A00EE880ABDECC3
:108A7000028B10BD91F932000028ECD194F93C0032
:108A80000028E5DBE2E794ED091AD4ED0B0AFFF7C5
:108A90002BFDD4ED070A10EE880AE8E738710020B4
:108AA000034901EB400000684FEA30407047000086
:108AB000386D002010B5FEF7ABFE0C480D49D0ED27
:108AC0000D0A30EE600ADFED0A0A01E030EE600ABE
:108AD00010EE100A8842F9DC074900BF10EE100AB8
:108AE000884202D930EE200AF8E710BD20010020AC
:108AF000DB0FC940DB0F4940DB0F49C088B10128BB
:108B00000FD0A0F5807105290BD90A39222908D97F
:108B100026391E2905D32A31032902D918380728F6
:108B200001D80120704700207047F9F7F7FDFDF7E5
:108B3000B6F8FBF7B7FEFBF749FEFBF7C9FFFBF7FB
:108B400093FFFBF719FFFBF73FFFFBF765FFFBF711
:108B5000F3FFFFF727FBFFF797FC00F08DF8FBF71B
:108B60005DFE00F09BF8FEE72DE9FC41F0EE412AA6
:108B700091ED2C1AB0EE603A06460B461546F1EE22
:108B8000410A1020FFF724FF93ED2D1A07460C2011
:108B9000F1EE410AB0EE430AFFF71AFF93ED2E1AE9
:108BA00002460C20F1EE410AB0EE420AFFF710FF38
:108BB0009FED1C2A04460C209FED191AF0EE420A84
:108BC000B0EE620AFFF704FF03460C20B1EE041A70
:108BD000F0EE420AB0EE610AFFF7FAFE390A8DF8AC
:108BE00000108DF8017011098DF80210110141EA91
:108BF00013218DF803108DF8043001098DF805104C
:108C0000010141EA14208DF806008DF80740082381
:108C10006A4629463046FFF7B7FEBDE8FC810000F2
:108C20000000FA430000000010B52DED028BB0EEFD
:108C3000408A00F073FFC8EE000A044890ED0B0A6A
:108C4000BDEC028B30EE800A10BD00002001002038
:108C5000002802DA4FF0FF3070470120704710B54E
:108C6000EFF3058111B16FF0050403E0002408B1B2
:108C700001F052F9204610BDEFF3058010B16FF0FE
:108C8000050070470448016811B14FF0FF3070478C
:108C900001210160002070479C00002010B5EFF317
:108CA000058010B16FF0050010BD0848016801296A
:108CB00002D04FF0FF3010BD054A002182F8141D8C
:108CC0000221016001F0D8F9002010BD9C000020B5
:108CD0000BE000E0F8B50D460024211F4E1C0028D3
:108CE00004D000BFEFF30582A2B10DB10C461BE02A
:108CF00000216A46009101F079FD012813D1009806
:108D000090B10A494FF080500860BFF34F8FBFF316
:108D10006F8F09E0294601F0B7FD012804D015B195
:108D20006FF0010400E034462046F8BD04ED00E099
:108D3000F8B5144603460E464FF00005EFF30580E4
:108D400098BB93B39E423DD84CB1A0680028E06820
:108D500003D0502836D3012002E008B132E00020D1
:108D6000012B05D010B31846A26801F0DAFA20E012
:108D700040B103200090002211460120A36801F0B9
:108D800011FB04E003220021012001F0EAFA0500B2
:108D900018D086B100231A46194601F07BFB012842
:108DA00009D0284601F06AF800250BE0184601F0CA
:108DB0009BFA050006D00CB1216800E0002128468E
:108DC00001F048F82846F8BD2DE9FF414FEA0103BC
:108DD0004FF00005EFF30581039549BB40B38027B1
:108DE000182100244AB3166806B1344696691EB1AC
:108DF0003146761E382E02D21679F60703D00020AF
:108E000004B0BDE8F081566906B1B708D2F808C0D1
:108E1000BCF1000F0DD0D5685C2D18D312693AB1A2
:108E200036B18DE806103A46214601F050FE039017
:108E30000DE0D6685EB912694AB903AACDE90012FD
:108E4000BAB2214601F016FE012800D0039503981E
:108E5000D6E7002809D080EA102080EA101080EAC6
:108E6000900080EA500000F001007047DFED050A35
:108E70001E2020EE200ABDEEC00A10EE101A00F0EF
:108E80008FBC000000007A4470B5194CDFED190A60
:108E900094ED0D0A94ED0E1A20EE200ABDEEC00AE4
:108EA00010EE101AB6EE000A01EE200ABCEEC00A5F
:108EB00010EE100A86B2607A00B101200E4D2886AD
:108EC000192000F06DFCEE864FF6FF702887002019
:108ED000E0826887A07828B194ED0B0ABDE8704065
:108EE000FFF7C4BFBDE8704000211E2000F058BC51
:108EF0002001002000007A44386D002070B506463D
:108F00002DED028B9FED128A20EE080ABDEEC00AFD
:108F100010EE105A00F002FEF6EE000A0D4C40EE84
:108F2000080A294626871920BCEEE00A10EE102A0E
:108F3000E28600F035FC002E06D10749C88A401CA5
:108F4000C882608701202086BDEC028B70BD0000C6
:108F500000007A44386D0020200100201CB510EE7E
:108F6000103A10EE902A8DF800301C0A8DF801405E
:108F70001C0C8DF802401B0E8DF803308DF8042078
:108F8000130A8DF80530130C8DF80630120E01F51A
:108F900080718DF8072089B208236A46FFF7F4FC38
:108FA0001CBD00002DE9F041134C0F460546E66854
:108FB0002068001D00F050FE681C07D137B1216801
:108FC000BDE8F0410D48091D00F096BE206835440B
:108FD000B5424560216805D2A06BBDE8F041091D8E
:108FE00000F072BE606B091D00F06EFEA06A854243
:108FF00000D2A562BDE8F0814C000020C00900202D
:109000002DE9F041054600F083FE2D4CA068401C80
:10901000A06020682B4F10B1606930B32BE0256051
:10902000A068012827D1002606EB860007EB800008
:1090300000F03CFE761C382EF6D3234800F036FEB6
:109040002148143000F032FE1F48283000F02EFE78
:109050001D483C3000F02AFE1B48503000F026FE30
:10906000194860631430A06305E02068E96AC06AAB
:10907000884200D82560606A401C60626864E86AC3
:109080002169884200D9206100EB800007EB800055
:10909000291D00F031FE00F05BFE606900280CD055
:1090A0002068E96AC06A884207D208494FF08050B8
:1090B0000860BFF34F8FBFF36F8FBDE8F0810000F2
:1090C0004C000020100500207009002004ED00E095
:1090D00038B500F01DFE104C2068C8B90F4800F0EC
:1090E000E5FD0E48143000F0E1FD0C48E06014305E
:1090F00020610A4B0020F03B009003F15002102148
:109100000A2001F04FF9206010B105A100F0A2FE85
:10911000BDE8384000F01CBE88000020C40A0020D2
:10912000546D72510000000030B4026C0B46002AEE
:109130000BD0C1681144C1608468A14201D30168A9
:10914000C16030BC1846F7F7F4B830BC70472DE961
:10915000F041856B174604460026026C82B1C7B108
:10916000E068F7F7E6F8E168206C091AE160226828
:10917000914202D2A168081AE060022F16D017E0CF
:109180002068A8B9A06801F045FD06460020A0604F
:109190000EE06068F7F7CDF8216C60680844606005
:1091A000A168884204D32068606001E005B16D1EAB
:1091B0006D1CA5633046BDE8F08110B5044690F8FB
:1091C000590058B101280CD002280FD0502080F34C
:1091D0001188BFF34F8FBFF36F8FFEE7206B00F056
:1091E000CBFD2046BDE8104000F0C6BD10BD00001C
:1091F00010484FF4A041420706D0C01D0D4920F091
:109200000700411AC1F5A0410B4A00230144C2E9FD
:1092100000030839183A21F0070111604B600B6018
:109220000B1AC0E9001393604FF000405360506187
:1092300070470000A4110020B8000020144E154C07
:10924000A6F29C474FF08058DFF84C9012E000BF28
:1092500000F05EFDF068C568281D00F0FDFCA06808
:10926000401EA0606068401E606000F071FD2846EE
:10927000FFF7A3FF60680028EAD138680128F9D910
:10928000C9F80080BFF34F8FBFF36F8FF2E7000084
:10929000AC0900204C00002004ED00E070B51D4634
:1092A000049C51B1C4F80020C4E90F0101212046FB
:1092B00001F0ACF884F84C5070BD2460F4E7000075
:1092C0002DE9F05F8846DDE90B9415468346910051
:1092D0009A460A9EA522206BF7F73DF86FF003012E
:1092E000206B01EB8501084420F00707780707D0C1
:1092F000502080F31188BFF34F8FBFF36F8FFEE7CD
:109300000025B8F1000F0FD05FF00000221818F808
:10931000001082F8341018F8001011B1401C102809
:10932000F4D384F8435001E084F83450382E00D34D
:109330003726E662C4E91365201D00F0C2FC04F183
:10934000180000F0BEFC2461C6F138006462A06120
:10935000656584F8585052465946384600F0A6FADA
:109360002060B9F1000F01D0C9F80040BDE8F09FBE
:1093700030B5114900E011460A688242FBD34B68C0
:109380005C18844203D1406818444860084643682A
:109390001C18944209D1084C183C2468A24209D0F8
:1093A00052681A4442600A6812680260814200D022
:1093B000086030BD0460F9E7B800002070B50024F3
:1093C00041600B4D0061914206D8D11A82699142E9
:1093D00006D2011D286907E09A4203D2994201D3BF
:1093E000012403E0011DE86800F06EFC204670BD1A
:1093F0008800002010B5044600F08AFCA06B28B15C
:109400005FF0000400F0A4FC204610BD0124F9E741
:1094100030B589B03C4D6EE00498002806DADDE9ED
:109420000601059A90470498002864DB069C606951
:1094300010B1201D00F010FC03A800F0D7F8024680
:1094400004980A2857D2DFE800F00505052D334AB5
:1094500005052D3394F8280040F0010084F8280019
:109460000599A069059B01442046FFF7A7FF68B353
:10947000216A2046884794F8280040073BD5002001
:1094800000900598A169002342181946204601F072
:1094900007FDD8B9502080F31188BFF34F8FBFF379
:1094A0006F8FFEE714F8280F20F00100207022E0F3
:1094B00094F8280040F0010084F828000598A06185
:1094C00028B1811813462046FFF778FF13E050209B
:1094D00080F31188BFF34F8FBFF36F8FFEE794F8CF
:1094E0002800810703D4204600F046FC03E020F06A
:1094F000010084F82800002204A9286801F0DAF8A5
:10950000002889D109B030BD880000202DE9FC4138
:109510000F46054600F0F4FD01A800F067F8044688
:10952000019818B101F02AFCBDE8FC81254EAFB1CD
:1095300030690068D0B30027291B3A46306800F034
:10954000C9FC01F01BFC0028EED11F494FF08050F0
:109550000860BFF34F8FBFF36F8FE5E7A542EBD8ED
:1095600001F00CFCF0682746C068C468201D00F0BC
:1095700073FB94F82800410719D5A0692B464119BF
:109580003A462046FFF71AFFA8B1002003460146DD
:1095900000902A46204601F083FC60B9502080F3F9
:1095A0001188BFF34F8FBFF36F8FFEE707E020F006
:1095B000010084F82800216A20468847B4E7012783
:1095C000BAE700008800002004ED00E00648416B87
:1095D000096829B1416BC968C968496881627047E7
:1095E0004FF0FF31FAE700004C00002070B505464F
:1095F00001F0A6FA064E0446B068844203D200F099
:1096000009F8012000E0002028602046B46070BD09
:1096100088000020F8B5194D20E0C068C4680668CD
:10962000201D00F019FB216A2046884794F8280085
:10963000400713D5A0693044B04206D92461606068
:10964000211DE86800F040FB08E0002003460146C9
:1096500000903246204601F023FC38B1E8680168EA
:109660000029DAD12969C5E90310F8BD502080F33B
:109670001188BFF34F8FBFF36F8FFEE78800002084
:1096800008484068401C4FF0500080F3118804D017
:10969000BFF34F8FBFF36F8FFEE7BFF34F8FBFF363
:1096A0006F8FFEE7C0000020074CE068016841B101
:1096B000C0680021D0F80000FFF728FFFFF7A8FEE0
:1096C000F3E701210020F7E7880000202DE9F041B1
:1096D000044600F01DFB94F9455004F1240609E00E
:1096E000606A48B1304601F011FB08B100F042FC5D
:1096F0006D1E6DB2002DF3DC4FF0FF3684F845602F
:1097000000F026FB00F004FB94F9445004F110072C
:1097100009E0206948B1384601F0F8FA08B100F0D4
:1097200029FC6D1E6DB2002DF3DC84F84460BDE8A9
:10973000F04100F00DBB00007CB510EE102A9FED4B
:10974000160A8DF80020150A20EE800A8DF80150C7
:10975000150C8DF80250BCEEC00A120E8DF80320D5
:1097600010EE103A9FED0D0A8DF804301A0A21EE22
:10977000000A8DF8052001F5407189B2BCEEC00ADF
:10978000082310EE104A8DF80640220A8DF80720B3
:109790006A46FFF7F9F87CBD0000C84200401C464D
:1097A000AFF30080034A0B0C22F8103002EB4000AC
:1097B00041807047386D00202DE9F04105460027B3
:1097C00000F09EFC324E306808B9FFF711FD706959
:1097D00005424ED1C5B3083568070ED005F0070025
:1097E000C0F108000544680707D0502080F31188B5
:1097F000BFF34F8FBFF36F8FFEE72DB370688542C5
:1098000037D82348183001460C6801E020460C4642
:109810006168A94202D221680029F7D131688C42DF
:1098200027D007682168016060680837411B10294C
:109830000FD96019420708D0502080F31188BFF378
:109840004F8FBFF36F8FFEE713E041606560FFF756
:109850008FFD61687068401A7060B268904200D2F3
:10986000B060706901430020C4E90001F068401C49
:10987000F06001F083FA780707D0502080F3118858
:10988000BFF34F8FBFF36F8FFEE73846BDE8F0811F
:10989000A00000200449086818B10868026D521C35
:1098A00002650868704700004C00002010B5031FD7
:1098B0004FF080741C601B1F21F001011960191FFB
:1098C000044B0B6014390A60091F6FF00202443820
:1098D0000A6010BD8196000810B50446006808496A
:1098E000884202D00749884208D110212046FEF75D
:1098F000B9FC2169814201D1012010BD002010BDB9
:109900004F525A5031425A5010B590F85830002BEF
:109910006FD08B78332B6CD10C79CB7864F3070242
:109920004C79522B64F30F228C79C97964F3174276
:1099300061F31F625DD2DFE803F0292C2F32353846
:109940003B3E4144484C5054585D6165696D7175AA
:10995000797D8185898D9195999DA1A5A9ADB1D676
:10996000D6D6D6D6D6D6D6D6D6D6D6D6B5B9BDC103
:10997000C5C9D6D6D6D6D6D6D6D6D6D6D6D6D6D6A5
:10998000D6D6D6D6D6D6D6D6D6D6CDD10221C26593
:10999000A7E003210266A4E004214266A1E00521BC
:1099A00082669EE00621C2669BE00721026798E07E
:1099B0000821426795E00921826792E00A21C26787
:1099C0008FE00B21C0F880208BE00C21C0F88420B0
:1099D00087E00D21C0F8882083E00E21C0F88C209C
:1099E0007FE00F21C0F890207BE01021C0F8942088
:1099F00077E078E01121C0F8982072E01221C0F8D9
:109A00009C206EE01321C0F8A0206AE01421C0F869
:109A1000A42066E01521C0F8A82062E01621C0F855
:109A2000AC205EE01721C0F8B0205AE01821C0F841
:109A3000B42056E01921C0F8B82052E01A21C0F82D
:109A4000BC204EE01B21C0F8C0204AE01C21C0F819
:109A5000C42046E01D21C0F8C82042E01E21C0F805
:109A6000CC203EE01F21C0F8D0203AE02021C0F8F1
:109A7000D42036E02121C0F8D82032E02221C0F8DD
:109A8000DC202EE02321C0F8E0202AE02421C0F8C9
:109A9000E42026E02521C0F8E82022E02621C0F8B5
:109AA000EC201EE02721C0F8F0201AE02821C0F8A1
:109AB000F42016E02921C0F8F82012E02A21C0F88D
:109AC000FC200EE02B21C0F800210AE02C21C0F878
:109AD000042106E02D21C0F8082102E00021C0F891
:109AE0000C2180F8581010BD10B50A4C022240F02D
:109AF000800022706070A17003212046FEF798FB61
:109B0000E070000A20710448052181820121017062
:109B100010BD0000346C00202001002010B5084C5E
:109B200094ED0A0AFEF7CCFE10EE100A05498842B1
:109B300002DAB7EE000A10BD94ED0A0A10BD00006B
:109B400020010020BD37863504480449006EB1F875
:109B500064104FEA3040FBF76BB90000386D00200D
:109B600008B508A2C0F30221126800928DF8000027
:109B70008DF8011004236A4640F2FF710248FEF797
:109B800003FF08BD0000AA01800100201CB511449C
:109B9000FF228DF800208DF801208DF804208DF82B
:109BA00002208DF805208DF803208DF80620FE2276
:109BB0008DF8072089B208236A46FEF7E5FE1CBD32
:109BC00008B510EE102A01F500718DF80020130A77
:109BD0008DF80130130C8DF80230120E8DF8032031
:109BE00089B204236A46FEF7CFFE08BD084890F804
:109BF000220000F003010120012902D0022902D035
:109C000002E0022000E00320024981F83C00704796
:109C1000386D0020A461002000EE100A9FED031AA9
:109C2000F8EE400A80EE810A7047000000007A4496
:109C300001EE100A70EEC00A0120B8EEC11A884089
:109C4000401E21EE201A00EE900AF8EEE01AC1EE56
:109C5000210A30EE800A7047D0E9013201699A602A
:109C6000D0E901235A604A68824201D182684A6081
:109C7000002202610868401E086008687047000002
:109C8000034B036003F15C000860802010607047A4
:109C9000EC0A0020044B036003F15C0008604FF401
:109CA0008070106070470000480D002000F108012E
:109CB0004FF0FF32C0E90112C16001610021016073
:109CC000704700210161704730B50B685A1C02D003
:109CD00000F1080202E0026904E0224654682568A7
:109CE0009D42FAD953684B6099608A60516008615F
:109CF0000168491C016030BD42684A6093688B600E
:109D000093685960916008610168491C016070475F
:109D1000502080F31188BFF34F8FBFF36F8F0A4934
:109D20004868401C486001280CD10848006810F0C1
:109D3000FF0F07D0502080F31188BFF34F8FBFF380
:109D40006F8FFEE770470000C000002004ED00E0C8
:109D50000849486828B1401E486001D180F3118845
:109D60007047502080F31188BFF34F8FBFF36F8F80
:109D7000FEE70000C000002070B500282AD0164D74
:109D8000A0F1080460686969084207D1502080F397
:109D90001188BFF34F8FBFF36F8FFEE722683AB190
:109DA000502080F31188BFF34F8FBFF36F8FFEE712
:109DB0008843606000F0A4F96068696808446860DE
:109DC0002046FFF7D5FA2869401C2861BDE870409D
:109DD00000F0D4BF70BD0000A00000204FF0E020D4
:109DE00000210161816105494FF47A720968B1FB74
:109DF000F2F1491E416107210161704748000020CE
:109E000010B5F6F74FFA114910280ED300F1E020F3
:109E100090F8F0030A78904207D2502080F311881E
:109E2000BFF34F8FBFF36F8FFEE709480068896863
:109E300000F4E060884207D9502080F31188BFF316
:109E40004F8FBFF36F8FFEE710BD0000C0000020F2
:109E50000CED00E010B5084B002200BF53F8324073
:109E60001CB1521C082AF9D310BD43F8321003EB81
:109E7000C201486010BD0000D004002010B50400ED
:109E80000AD000F013F894F8460000280CD12046C0
:109E9000BDE81040FFF770BF502080F31188BFF37A
:109EA0004F8FBFF36F8FFEE710BD0000084A0021FF
:109EB00002EBC1035B68834206D1002042F8310007
:109EC00002EBC10148607047491C0829F0D3704774
:109ED000D004002070B515460E460446FFF718FF63
:109EE00094F944100020491C01D184F8440094F9ED
:109EF0004510491C01D184F84500FFF729FFA06BEC
:109F000028B92A46314604F1240000F051F82046D1
:109F1000BDE87040FFF7DABB10B5020014D00F485F
:109F2000006B38B1502080F31188BFF34F8FBFF31F
:109F30006F8FFEE700F0E4F800211046FFF732F8DB
:109F400000F01CFF002807D105494FF08050086041
:109F5000BFF34F8FBFF36F8F10BD00004C00002088
:109F600004ED00E002490A6A0260C9684160704776
:109F70004C00002001490120C86170474C000020BE
:109F800010B50C4650B1094909681831FFF79CFE1D
:109F90002046BDE810400121FFF704B8502080F3AF
:109FA0001188BFF34F8FBFF36F8FFEE74C00002087
:109FB00070B514460D4668B10A4909681831FFF7B3
:109FC0009BFE0CB14FF0FF3521462846BDE870409E
:109FD000FEF7E8BF502080F31188BFF34F8FBFF327
:109FE0006F8FFEE74C00002070B504003ED0226D5C
:109FF000A2B1E06C884200D30146E06A884235D0C5
:10A00000012A33D11A4D2A6894420FD1502080F38F
:10A010001188BFF34F8FBFF36F8FFEE7502080F39F
:10A020001188BFF34F8FBFF36F8FFEE7E162A26924
:10A03000002A02DBC1F13801A1610E4E00EB800065
:10A04000616906EB8000814210D1201DFFF704FEFC
:10A05000E06A2969884200D9286100EB800006EB9C
:10A060008000211DBDE87040FFF746BE70BD0000B6
:10A070004C0000201005002030B587B00024039468
:10A0800005AA04A903A80494FFF7FAFDDDE903017A
:10A090000094CDE90110002315A11748059A00F09E
:10A0A00016FD164D0028E8621FD000F0C9FE0128F9
:10A0B00009D0401C19D1502080F31188BFF34F8F75
:10A0C000BFF36F8FFEE7502080F31188BFF34F8FEF
:10A0D000BFF36F8F4FF0FF30A86201206861EC6022
:10A0E00007B0BDE8304000F06FB807B030BD0000E9
:10A0F00049444C45000000003D9200084C000020FF
:10A100000248016B491C0163704700004C000020AD
:10A11000164810B5016B11B10121C16110BD0021BC
:10A12000C1610169124A01E0B9B1491E01EB810325
:10A1300052F82330002BF7D001EB810302EB8302AE
:10A1400002F1080453685B685360A34201D15B6865
:10A150005360DA680260016110BD502080F31188FD
:10A16000BFF34F8FBFF36F8FFEE700004C0000205E
:10A17000100500202DE9FC41C0F30226DDE9084569
:10A180000FF2380CDCE9007CCDE9007C8DF804206E
:10A190008DF800008DF805308DF801608DF8031002
:10A1A0008DF806408DF8075008236A4640F2FF718B
:10A1B0000448FEF7E9FBBDE8FC8100000000550003
:10A1C00000000000800100201CB537480168374AB4
:10A1D000914207D1502080F31188BFF34F8FBFF316
:10A1E0006F8FFEE700683149491E884207D1502031
:10A1F00080F31188BFF34F8FBFF36F8FFEE72C49B9
:10A2000008780190FF20087008788DF800009DF80C
:10A2100000009DF8002000F0F000904207D0502090
:10A2200080F31188BFF34F8FBFF36F8FFEE79DF868
:10A230000000204C00F0500020700720A06005E0D6
:10A240009DF8002052008DF80020401E9DF800204F
:10A250001206F5D4A060032807D0502080F311889F
:10A26000BFF34F8FBFF36F8FFEE74FF44070A060D6
:10A27000019808700C482030016841F470010160B9
:10A28000016841F070410160FFF7A8FD00206060A7
:10A29000F5F7D0FF0848016841F040410160F5F74B
:10A2A000B5FF00201CBD000000ED00E071C20F41B1
:10A2B00000E400E0C000002034EF00E010B55020C2
:10A2C00080F31188BFF34F8FBFF36F8F00F03EFC18
:10A2D00018B104494FF080500860002080F31188C5
:10A2E00010BD000004ED00E010B50C4648B18442FA
:10A2F0000FD9502080F31188BFF34F8FBFF36F8FBA
:10A30000FEE7502080F31188BFF34F8FBFF36F8FAC
:10A31000FEE70222002100F024F8002800D0846328
:10A3200010BD38B50C4648B184420FD9502080F397
:10A330001188BFF34F8FBFF36F8FFEE7502080F37C
:10A340001188BFF34F8FBFF36F8FFEE702211346D3
:10A3500000220091114600F025F8002800D0846307
:10A3600038BDF8B517460E46050013D005FB06F0BC
:10A370005030FFF721FA04000AD0002084F846008C
:10A3800004F150023B46314628460094FEF786FF12
:10A390002046F8BD502080F31188BFF34F8FBFF3E4
:10A3A0006F8FFEE738B5049D18B153B1CAB181B1C2
:10A3B00020E0502080F31188BFF34F8FBFF36F8FE1
:10A3C000FEE7502080F31188BFF34F8FBFF36F8FEC
:10A3D000FEE7502080F31188BFF34F8FBFF36F8FDC
:10A3E000FEE739B1502080F31188BFF34F8FBFF3E0
:10A3F0006F8FFEE750241C46012384F846302B461D
:10A400000094FEF74BFF204638BD000070B50D46A6
:10A41000040025D0FFF77CFCD4E90F20216802FB63
:10A420000011A1600021A163216861600A46D4E99E
:10A430000F01401E00FB0121E16021464FF0FF307B
:10A4400001F8440F487004F110008DB1FFF72EFCA5
:10A4500004F12400FFF72AFCFFF77AFC012070BD0D
:10A46000502080F31188BFF34F8FBFF36F8FFEE74B
:10A4700021690029F0D000F049FC0028ECD0044903
:10A480004FF080500860BFF34F8FBFF36F8FE3E74B
:10A4900004ED00E02DE9FF4782B01D468A464FF0EB
:10A4A0000008040003D0BAF1000F08D011E05020DA
:10A4B00080F31188BFF34F8FBFF36F8FFEE7206CDF
:10A4C00038B1502080F31188BFF34F8FBFF36F8FE7
:10A4D000FEE7022D0AD1E06B012807D0502080F35F
:10A4E0001188BFF34F8FBFF36F8FFEE700F01AFBA9
:10A4F0003F4F4FF000094FF0805648B9049838B1EB
:10A50000502080F31188BFF34F8FBFF36F8FFEE7AA
:10A51000FFF7FEFBA06BE16B884207D3022D05D04D
:10A520000498D0B1B8F1000F1AD01EE02A46514667
:10A530002046FEF70CFE616A19B104F1240000F018
:10A54000E5FB20B13E60BFF34F8FBFF36F8FFFF786
:10A55000FFFB012006B0BDE8F087FFF7F9FB22E022
:10A560006846FFF7FFFC4FF00108FFF7F1FBFFF72C
:10A57000C7FDFFF7CDFB94F94400401C01D184F8DE
:10A58000449094F94500401C01D184F84590FFF7B0
:10A59000DFFB04A9684600F033FA30B12046FFF72C
:10A5A00095F800F0EBFB0020D4E7FFF7B1FBA06BC0
:10A5B000E16B884213D1FFF7CBFB04F11000049943
:10A5C000FFF7DEFC2046FFF781F800F0D7FB0028FC
:10A5D0009ED13E60BFF34F8FBFF36F8F98E7FFF7B9
:10A5E000B7FB2046FFF772F800F0C8FB90E70000C9
:10A5F00004ED00E02DE9F0471F469046894604002F
:10A6000003D0B9F1000F08D011E0502080F3118879
:10A61000BFF34F8FBFF36F8FFEE7206C38B1502030
:10A6200080F31188BFF34F8FBFF36F8FFEE7022FC8
:10A630000AD1E06B012807D0502080F31188BFF3C6
:10A640004F8FBFF36F8FFEE7FFF7DAFB5020EFF37A
:10A65000118680F31188BFF34F8FBFF36F8FA06B0C
:10A66000E16B884206D3022F04D0002086F31188C4
:10A67000BDE8F08794F94550A06B3A46494620461C
:10A68000FEF765FD681C04D06D1C84F84550012060
:10A69000ECE7606A0028FAD004F1240000F036FBF1
:10A6A0000028F4D0B8F1000FF1D00121C8F8001053
:10A6B000EDE700002DE9F747002683B08A46040045
:10A6C00003D0BAF1000F08D011E0502080F31188B8
:10A6D000BFF34F8FBFF36F8FFEE7206C38B1502070
:10A6E00080F31188BFF34F8FBFF36F8FFEE700F049
:10A6F00019FADFF8F4804FF000094FF0805748B99D
:10A70000059838B1502080F31188BFF34F8FBFF305
:10A710006F8FFEE7FFF7FCFAA56BC5B151462046E7
:10A72000FEF702FD6D1EA563206950B104F1100013
:10A7300000F0ECFA28B1C8F80070BFF34F8FBFF3F8
:10A740006F8FFFF705FB012006B0BDE8F087059885
:10A7500008B11EB106E0FFF7FBFA27E06846FFF7F5
:10A7600001FC0126FFF7F4FAFFF7CAFCFFF7D0FA65
:10A7700094F94400401C01D184F8449094F94500B8
:10A78000401C01D184F84590FFF7E2FA05A968461C
:10A7900000F036F9002820460AD0FEF797FF00F0B7
:10A7A000EDFA2046FEF726FE0028B3D00020CBE7C6
:10A7B000FEF720FE90B104F124000599FFF7E0FBBD
:10A7C0002046FEF783FF00F0D9FA0028A2D1C8F88E
:10A7D0000070BFF34F8FBFF36F8F9BE72046FEF7EC
:10A7E00075FF00F0CBFA95E704ED00E02DE9F047A6
:10A7F00090468946040003D0B9F1000F08D011E05B
:10A80000502080F31188BFF34F8FBFF36F8FFEE7A7
:10A81000206C38B1502080F31188BFF34F8FBFF305
:10A820006F8FFEE7FFF7ECFA5020EFF3118680F30D
:10A830001188BFF34F8FBFF36F8FA76BF7B194F9F8
:10A84000445049462046FEF76FFC7F1EA763681CF4
:10A8500004D06D1C84F84450012010E020690028C9
:10A86000FAD004F1100000F051FA0028F4D0B8F149
:10A87000000FF1D00121C8F80010EDE7002086F3A9
:10A880001188BDE8F08700002DE9F343002683B06E
:10A890000400354609D0206C78B1502080F311882F
:10A8A000BFF34F8FBFF36F8FFEE7502080F3118807
:10A8B000BFF34F8FBFF36F8FFEE700F033F9DFF880
:10A8C0003C814FF000094FF0805748B9049838B1E7
:10A8D000502080F31188BFF34F8FBFF36F8FFEE7D7
:10A8E000FFF716FAA06BC8B1401EA063206810B92C
:10A8F000FEF7D0FFA060206950B104F1100000F015
:10A9000005FA28B1C8F80070BFF34F8FBFF36F8FFF
:10A91000FFF71EFA012005B0BDE8F083049808B1E6
:10A9200066B10FE03DB1502080F31188BFF34F8F27
:10A93000BFF36F8FFEE7FFF70BFA5DE06846FFF7A6
:10A9400011FB0126FFF704FAFFF7DAFBFFF7E0F946
:10A9500094F94400401C01D184F8449094F94500D6
:10A96000401C01D184F84590FFF7F2F904A968462C
:10A9700000F046F80028204612D0FEF7A7FE00F0AF
:10A98000FDF92046FEF736FD0028A9D09DB3FFF75C
:10A99000BFF9606A50B3206B0068C0F1380126E04F
:10A9A000FEF728FDE0B1206838B9FFF7B1F9A068DB
:10A9B00000F070F90546FFF7CBF904F12400049983
:10A9C000FFF7DEFA2046FEF781FE00F0D7F90028F7
:10A9D00086D1C8F80070BFF34F8FBFF36F8F7FE74A
:10A9E0002046FEF773FE00F0C9F979E70021A06860
:10A9F000FFF7FAFA9FE7FFE700208CE704ED00E09D
:10AA00002DE9F0410C46050011D0C4B1FFF780F9E3
:10AA1000174BDA686E682068911B471C17D02F68A7
:10AA20001B6A9F4219D0964217D8012410E050208B
:10AA300080F31188BFF34F8FBFF36F8FFEE7502075
:10AA400080F31188BFF34F8FBFF36F8FFEE70024B1
:10AA5000FFF77EF92046BDE8F081884205D9401A0B
:10AA600020602846FFF77EFAF1E700202060DCE74F
:10AA70004C0000202DE9FF5F8346DDE90E879946F3
:10AA800016468A469000FEF797FE05001CD05C2013
:10AA9000FEF792FE040014D00020256384F85900CC
:10AAA000CDE90240CDE900874B4632465146584633
:10AAB000FEF706FC2046FEF7A3FA012004B0BDE82D
:10AAC000F09F2846FFF758F94FF0FF30F6E7F0B552
:10AAD00085B0DDE90B640A9DA6B1DCB15C27009767
:10AAE0002663022684F85960002604AFCDE90246A9
:10AAF000CDE90057FEF7E4FB2046FEF781FA049803
:10AB000005B0F0BD502080F31188BFF34F8FBFF325
:10AB10006F8FFEE7502080F31188BFF34F8FBFF394
:10AB20006F8FFEE70548416919B1006B18B100202D
:10AB30007047012070470220704700004C00002041
:10AB40000148C068704700004C0000202DE9F0412A
:10AB50002E4C0027206B28B1A069401CA06138460C
:10AB6000BDE8F081E668761CE66013D1606B006892
:10AB700038B1502080F31188BFF34F8FBFF36F8F30
:10AB8000FEE7606BA16B6163A063206A401C2062DA
:10AB9000FEF71CFDA06ADFF87880864209D3606B5F
:10ABA0000068A0B1606BC068C5686868864211D251
:10ABB000A0622068C06A00EB800158F821000128DB
:10ABC00000D90127E0690028C9D00127C7E74FF065
:10ABD000FF30EDE7281DFFF73FF8A86A18B105F12F
:10ABE0001800FFF739F8E86A2169884200D9206126
:10ABF00000EB800108EB8100291DFFF77DF8E86A72
:10AC00002168C96A8842CAD30127C8E74C000020DE
:10AC10001005002070B504004FF0000133D01B4D2B
:10AC20002868844207D0502080F31188BFF34F8FEB
:10AC3000BFF36F8FFEE7206D38B1401E2065E36CD7
:10AC4000E26A9A421FD040B11DE0502080F3118883
:10AC5000BFF34F8FBFF36F8FFEE7201DFEF7FCFFA2
:10AC6000E06CE062C0F13800A061E06A29698842C6
:10AC700000D92861064900EB800001EB8000211D0E
:10AC8000FFF73AF80121084670BD00004C00002093
:10AC90001005002070B504004FF000002BD0194DB6
:10ACA000E16A2A68D26A914226D2A069002804DBB0
:10ACB0002868C06AC0F13800A061134E01EB810121
:10ACC000606906EB8101884211D1201DFEF7C4FFA7
:10ACD0002868C06AE0622969884200D9286100EBCF
:10ACE000800006EB8000211DFFF706F802E02868CF
:10ACF000C06AE062012070BDE16C2A68D26A9142AC
:10AD0000F8D370BD4C0000201005002070B5C0685D
:10AD1000C46854B104F118000646FEF79DFF144DB7
:10AD2000286B50B13146134815E0502080F311884C
:10AD3000BFF34F8FBFF36F8FFEE7201DFEF78CFF31
:10AD4000E06A2969884200D928610B4900EB80003C
:10AD500001EB8000211DFEF7CFFFE06A2968C96A78
:10AD6000884202D90120E86170BD002070BD00005A
:10AD70004C00002098090020100500202DE9F04724
:10AD80002C4D00242746286B38B1FEF7C1FF286BF5
:10AD9000401E2863286B40B146E0502080F31188A4
:10ADA000BFF34F8FBFF36F8FFEE7A968224E0120DC
:10ADB000D1B3A6F5916980463068E0B1F068C46807
:10ADC00004F11800FEF748FF201DFEF745FFE06A7A
:10ADD0002969884200D9286100EB800109EB8100D4
:10ADE000211DFEF789FFE06A2968C96A8842E3D31A
:10ADF000C5F81C80E0E70CB1FEF7E8FBAC694CB18C
:10AE00004FEA0806FFF7A2FE00B1EE61641EF9D119
:10AE10000020A861E86938B10849012738070860AF
:10AE2000BFF34F8FBFF36F8FFEF792FF3846BDE839
:10AE3000F08700004C0000209809002004ED00E09D
:10AE400010B586B0FEF744F9114C2068B8B1002067
:10AE50000390049005AA04A903A8FEF71BFFDDE9EF
:10AE6000032102208DE8070000230AA10B48059A60
:10AE7000FFF72DFE606010B106B0012010BD50201C
:10AE800080F31188BFF34F8FBFF36F8FFEE7000091
:10AE900088000020546D722053766300A996000844
:10AEA0002DE9FF411E46134602000A9D4FF00000A7
:10AEB00016D0144C2768002F0FD0CDE90013029252
:10AEC000062917DAFFF72EFE02284FF000030FD0F5
:10AED000002269462068FFF7DDFA04B0BDE8F08182
:10AEE000502080F31188BFF34F8FBFF36F8FFEE7C1
:10AEF0002A46EEE70023324669463846FFF77AFBDA
:10AF0000EBE700008800002064B0000800000000AB
:10AF10000000000000000000000000000010000021
:10AF20002800000000000000000000004CB00008F5
:10AF30000000000000000000000000000000000011
:10AF400000020000080000000000000000000000F7
:10AF500040B00008000000000000000000000000F9
:10AF600000000000000800000800000000000000D1
:10AF70000000000054B000080000000000000000C5
:10AF80000000000000000000001000001800000099
:10AF900000000000000000007CB00008000000007D
:10AFA000000000000000000000000000000C000095
:10AFB00008000000000000000000000070B0000861
:10AFC0000000000000000000000000000000000081
:10AFD0000008000008000000000000000000000061
:10AFE0008CB000080000000000000000000000001D
:10AFF0000001020304050607080C10141820304055
:10B00000010002000400060008000A000C00100005
:10B010002000400080000001010101030701000041
:10B020000804020408010101000000000000000003
:10B0300001020304060708090000000001020304DE
:10B04000415335303438415461736B004C4544549E
:10B0500061736B0050524553535552455461736BA5
:10B06000000000004D4F544F525461736B000000BC
:10B070004D6F646275735461736B00005541525497
:10B08000315072696E745461736B00005370695271
:10B090007853656D0000000041533A2573207261BA
:10B0A000773D2575206465673D252E3266206D61EC
:10B0B000673D2575207C2042455F5350493A683DE5
:10B0C000253032582064313D253032582064323DDD
:10B0D0002530325820743D25303258206F6B3D2585
:10B0E0006C7520746F3D256C75206261643D256C24
:10B0F00075206572723D256C75207C204C455F5330
:10B1000050493A683D253032582064313D2530326F
:10B11000582064323D2530325820743D2530325855
:10B12000206F6B3D256C7520746F3D256C7520621A
:10B1300061643D256C75206572723D256C75207CBF
:10B14000205241576D61783A423D257520433D2597
:10B150007520453D2575204C3D2575207C20544F9C
:10B1600054414C3A25732063616C3D2575207375FD
:10B170006D3D256C75206D61783D2575206172658A
:10B18000613D2575207C2042455F53554D3A25731E
:10B190002063616C3D25752073756D3D256C7520B0
:10B1A0006D61783D257520617265613D2575207C56
:10B1B0002042455F423A25732063616C3D2575202E
:10B1C00073756D3D256C75206D61783D2575206129
:10B1D0007265613D2575207C2042455F433A2573A9
:10B1E0002063616C3D25752073756D3D256C752060
:10B1F0006D61783D257520617265613D2575207C06
:10B200002042455F453A25732063616C3D257520DA
:10B2100073756D3D256C75206D61783D25752061D8
:10B220007265613D2575207C204C455F433A25734E
:10B230002063616C3D25752073756D3D256C75200F
:10B240006D61783D257520617265613D25750D0A3A
:10B250000000000074B2000800000020800100001F
:10B260008A08000898B200088001002030740000AD
:10B27000386F0008011D4210021801021101037A03
:10B2800024F4052BAAAAAAAA0329E803032D9411E2
:08B29000F3D4410325803F00C7
:04000005080001D915
:00000001FF
