:020000040800F2
:1000000050750020AD020008834B0008A947000886
:10001000814B00083D0900089D6F000800000000AA
:10002000000000000000000000000000ED010008DA
:10003000F11200080000000049020008CD5D000830
:10004000C7020008C7020008C7020008C70200086C
:10005000C7020008C7020008C7020008C70200085C
:10006000C7020008C7020008C7020008C70200084C
:10007000C7020008C7020008C7020008C70200083C
:10008000C702000800000000C7020008C7020008FD
:10009000C7020008F912000805130008C70200088B
:1000A000C7020008C7020008C7020008C70200080C
:1000B000C70200085D5E0008C7020008C70200080A
:1000C000C7020008C7020008C7020008C7020008EC
:1000D00055540008C7020008F16E0008C702000866
:1000E000C7020008C7020008C7020008C7020008CC
:1000F000C7020008C7020008C7020008000000008D
:1001000000000000C7020008000000006154000861
:10011000C702000800000000695E0008C70200086E
:10012000C7020008C7020008C7020008C70200088B
:10013000C70200080000000000000000C70200081D
:10014000C7020008C702000800000000000000000D
:10015000000000000000000000000000000000009F
:10016000000000000000000000000000C7020008BE
:10017000C7020008000000000000000000000000AE
:1001800000000000C702000800000000000000009E
:10019000000000000000000000000000000000005F
:1001A0000000000000000000C7020008C7020008AD
:1001B000C7020008C7020008C702000800000000CC
:1001C00000000000C702000800000000000000005E
:1001D000C7020008C7020008DFF80CD000F0D4FA0C
:1001E000004800475F8B0008507500202C4B1968B1
:1001F0000868B0E8F04F80F30988BFF36F8F4FF0C5
:10020000000080F311887047000000000848006873
:10021000006880F308884FF0000080F3148862B60D
:1002200061B6BFF34F8FBFF36F8F00DF00BF00BF1A
:1002300008ED00E0DFF80C00016841F47001016096
:10024000704700BF88ED00E0EFF30980BFF36F8FC8
:10025000134B1A681EF0100F08BF20ED108A20E91A
:10026000F04F106009B44FF0500080F31188BFF3D5
:100270004F8FBFF36F8F09F08FFF4FF0000080F3B7
:10028000118809BC19680868B0E8F04F1EF0100F1B
:1002900008BFB0EC108A80F30988BFF36F8F7047F6
:1002A0004C000020EFF305807047000006488047AF
:1002B00006480047FEE7FEE7FEE7FEE7FEE7FEE74B
:1002C000FEE7FEE7FEE7FEE74D5E0008D901000805
:1002D0002DE9F05F0546002092469B46884606467B
:1002E000814640241BE0284641464746224600F00E
:1002F00083F853465A46C01A914110D31146184606
:10030000224600F06AF82D1A67EB01084F46224694
:100310000120002100F061F817EB00094E41201E7A
:10032000A4F10104DFDC484631462A464346BDE8D5
:10033000F09F40EA01039B0703D009E008C9121FA0
:1003400008C0042AFAD203E011F8013B00F8013B8F
:10035000521EF9D27047D2B201E000F8012B491EBB
:10036000FBD270470022F6E710B513460A46044652
:100370001946FFF7F0FF204610BD421C10F8011B84
:100380000029FBD1801A704700F0004230F0004095
:100390000AD0C10D01F56071C0F3160042EA0151A7
:1003A000C20840071143704700200146704730B52E
:1003B0000B46014600202022012409E021FA02F523
:1003C0009D4205D303FA02F5491B04FA02F52844BD
:1003D000151EA2F10102F1DC30BD202A04DB203A17
:1003E00000FA02F1002070479140C2F1200320FA88
:1003F00003F3194390407047202A04DB203A21FA86
:1004000002F00021704721FA02F3D040C2F120022D
:1004100091400843194670472DE9FE4F804681EA16
:100420000300C00F0C46009021F0004123F000456E
:10043000B8EB0200A94105D24046214690461C4631
:100440000B46024623F00040104347D0270DC7F368
:100450000A00C3F30A510290401A019040286BDA57
:10046000C3F3130040F4801B0098924620B1002390
:10047000D2EB030A63EB0B0B01985946C0F1400223
:100480005046FFF7AAFF06460D4650465946019AC8
:1004900000F08CF910EB08006141002487EA11524A
:1004A00084EAE7731A4340D0009A62B3019A012AA2
:1004B0004FEA075215DC001B61EB02014FF00042CE
:1004C00002EA0752CDE90042001C41F58011324694
:1004D0002B4600F08CF903B0BDE8F08F4046214672
:1004E000F9E7001B61EB0201001C41F580130018C5
:1004F0005B412018A2F5001747EB030140EAD570D5
:10050000B6196D4111E06D084FEA360645EAC0752F
:100510004FEA0752001B61EB0201001C41F58011FC
:1005200049084FEA30000019514132462B4603B0CA
:10053000BDE8F04F00F04CB90098012240000023C4
:10054000D0EB020263EBE073009821464FEAE074BF
:10055000B8EB000061EB0401E9E783F000435BE7DF
:1005600081F0004158E72DE9FE4F81EA030404F0D1
:10057000004421F0004100944FF0000B23F00043B1
:1005800050EA01045ED052EA03045BD0C3F30A547C
:10059000C1F30A552C44A4F2F3340194A0FB025495
:1005A000C1F3130141F48011C3F3130343F4801327
:1005B00001FB024400FB034E840A970A44EA81547B
:1005C00047EA8357A4FB076802958D0A05FB078558
:1005D0004FEA932C04FB0C542705029D4FEA065862
:1005E00047EA1637B5EB08056EEB070C870E920E3F
:1005F00047EA811742EA8312A7FB0201B6EB0B011F
:1006000064EB00042B0D43EA0C335E1844EB1C50E2
:10061000DA465146E7FB0201C5F313044FEA0B33F8
:1006200043EA14534FEA0432019C43EA0603A4F15F
:100630000C040294009CCDE900B400F0D8F803B09B
:10064000BDE8F08F00200146F9E72DE9F04D81EA81
:10065000030404F0004B21F0004514464FF0000A5B
:1006600023F0004150EA050220D054EA01021DD0D7
:10067000C5F30A570246C5F31303C1F31300C1F3D0
:100680000A5640F4801543F48013A7EB0608101BAC
:10069000D64608F2FD3873EB050002D308F10108D5
:1006A00001E092185B41B8F1000F03DA0020014627
:1006B000BDE8F08D00204FF48011064684460EE020
:1006C000171B73EB050705D3121B63EB05030643EA
:1006D0004CEA010C49084FEA300092185B4150EA9D
:1006E0000107EDD152EA030012D082EA040083EA46
:1006F0000501084305D0101BAB4106D2012200239F
:1007000006E000224FF0004302E06FF001025310B8
:100710001AEB06004CEB085110EB0A0041EB0B0101
:10072000BDE8F04D00F054B8C1F30A52C1F3130113
:1007300040F2FF3341F480119A4202DA0020014670
:10074000704740F233439A42A2F2334202DC5242F3
:10075000FFF752BEFFF741BE30B5041E71F1000431
:1007600004DB4FF00044404264EB0101141E73F1BE
:10077000000405DB1C464FF00043524263EB0403C8
:10078000994208BF904230BD064C074D06E0E06834
:1007900040F0010394E8070098471034AC42F6D3C8
:1007A000FFF71EFDD0B20008F0B20008202A06DBD9
:1007B000CB17203A41FA02F043EAE07306E041FA2F
:1007C00002F3D040C2F1200291400843194670471D
:1007D00010B5141E73F1000408DA401C41F1000149
:1007E00092185B411A4301D120F0010010BD2DE9A0
:1007F000F04D92469B4611B1B1FA81F202E0B0FA97
:1008000080F220329046FFF7E8FD04460F4640EAAA
:100810000A0041EA0B0153465A46084313D01146D9
:1008200053EA010019D0C8F140025046FFF7E4FD39
:1008300005460E46504659464246FFF7CEFD084350
:1008400005D0012004E020463946BDE8F08D0020A7
:10085000054346EAE0762C4337430A986305E40AE9
:10086000A0EB08000022FD0A44EA47540A3002D5F2
:1008700000200146E9E7010510196941DDE9084555
:1008800000196941BDE8F04DA2E730B58C1810F8A9
:10089000012B12F00F0301D110F8013B120906D110
:1008A00010F8012B03E010F8015B01F8015B5B1EFF
:1008B000F9D101E001F8013B521EFBD1A142E6D380
:1008C000002030BD10B500F0E9FC012210214FF0EE
:1008D000904001F0D3FEBDE810404FF4FA7000F0F4
:1008E000F1BC000070B5124C002543F6FF70257076
:1008F00004F06EFD217809B1657070BD00EE100A3C
:10090000DFED0C0A6080B8EE400A012020EE200ADC
:10091000DFED090A20EE200A84ED020A607043F63A
:10092000FE7004F055FD21780029E6D1A08070BD4D
:10093000CC0000200000B44300008038FEE7000037
:10094000F0B5524C2DED028B83B0C4E907014FF492
:1009500080614F48FFF706FD4D4D4DF231400026B6
:1009600025F8020B4FF4877025F81E0B49480188C3
:10097000C1F30A0125F8021B25F82E6B25F82C6C13
:10098000D0ED2C0A9FED441AB6EE000A41F2941104
:1009900000EE810ABCEEC00A10EE100A9FED3F0A7D
:1009A0006886AE8684ED0A0A0F2025F8280C3020D0
:1009B00008F03EFF4FF47A70A8822E8309F008F900
:1009C0005020A8833221E983642129840A21698483
:1009D0002F21A984FA21E98478272F856F85A8859E
:1009E0002820E885012028862D49432008F01EFF95
:1009F0000021452008F01AFFEF8707F091FE07F06D
:100A0000F1FD07F005FF9FED278A8DED008A8DF837
:100A1000046004F0B7F804F1340101AB6A46081F22
:100A200004F0B2F8207270B194ED0D0A07F062FF85
:100A300010EE100A1C49884203DD94ED0D0A84ED86
:100A40000A0A207A48B91948007820B106F044FF14
:100A500084ED0C0A01E084ED0C8AA6709DF8040078
:100A600008B19DED008A124884ED0B8AE67026716C
:100A70006671E671A6710670667208F04BFA03B0F3
:100A8000BDEC028BBDE8F04009F0F4B80C01002089
:100A9000DC6C00208C61002000007A440000D4410E
:100AA000F9FDFFFF00000000BD378635CD000020B6
:100AB000B46A00202DE9F0410C462DED028B304840
:100AC00007F0B7FC20782F4F00092D4EA7F806023B
:100AD000A079A7F80802E0792B4CA7F80A020125B3
:100AE000607918BB07F068F800B309F05BF8F0EE26
:100AF000400A96ED088AF0EE608A07F0F5FFC8EE2E
:100B0000280A002030EE600A84ED0B0AE57020719F
:100B1000A5706571E57108F0EFF9A7F50A70007826
:100B200058B1B88C48B107F033F906E007F044F843
:100B300018B9208B40F48060208306F0D9FE10B1F4
:100B400007F0D2FF03E096ED080A08F087F80F4897
:100B5000D6ED090A96ED0A1A80EC030AA572DFEDBC
:100B60000C0A4FF48070BDEC028B20EE200ABDE829
:100B7000F041BDEEC00A10EE101A08F057BE00009A
:100B80008C610020DC6C00200C010020CC6A00206D
:100B900000007A442DE9F05FFE4C0246E069824293
:100BA0007AD16182042904D3FB4E0D4631780129A4
:100BB00003D04FF48072F8492EE2A81E81B230466D
:100BC00007F052FB711931F8021C8842707801D08D
:100BD000032144E04FF000088246C1464FF0010B6C
:100BE000032807D0BAF1060F2DD0BAF1100F6FD03D
:100BF000012133E0082D6CD3708843BAB08841BA24
:100C00005818B0F5007F00D30021E44803264A00BD
:100C100080F800B046708270002200F582770CE008
:100C20009D1800EB420C37F81550521C4FEA15285E
:100C30008CF803808CF8045092B28A42F0D306EB11
:100C4000410080B2B6E1082DD5D3708845BAB0888E
:100C500047BA284607F06CFF28B102215046BDE88C
:100C6000F05F08F087BFDFF83883162D28F815707D
:100C700013D0172D19D0342D1ED0302D25D0312D65
:100C800023D0322D21D0A5F13600112822D807F02B
:100C900047FD07F0A7FC9AE0C7E1012F02D1012030
:100CA00006F0AEFFA8F82C9091E0012F01D107F0DB
:100CB0006BF9A8F82E908AE0A7F525405A3801D1A3
:100CC00004F07AF8A8F8689081E008F081FF7EE0EF
:100CD00084E003E1422D1AD0102D1DD0112D20D01B
:100CE000122D23D0242D70D0252D6ED0202D6CD028
:100CF000212D6AD0222D3ED0232D3CD0262D64D02C
:100D0000272D62D0142D60D0132D37D05FE08FB324
:100D1000F8B206F0F5FD5AE0A248C7F30A010180D7
:100D200055E008F0A7FF06F00DFF50E008F0A2FF25
:100D3000DFB104F067F830B1A8F824909949206A2F
:100D400007F03BFB43E006F037FF28B907F092F9C4
:100D5000208B40F4806020839249206A07F04EFB8C
:100D600001F092FC07F07CF92BE084F80C9007F07E
:100D700001F8E3E711E084F809B026E0012F26D15D
:100D80008849206A07F0BEFA04F03CF830B1854982
:100D9000206A07F012FBA8F8249018E006F00CFF78
:100DA00028B907F067F9208B40F4806020837D49E3
:100DB000206A07F023FB01F067FC07F051F9A8F85F
:100DC00024B075482438007808B106F0E1FF734874
:100DD000316824384162B1880185EAE0092D7DD36C
:100DE000708845BAB08847BAB0797906090E814251
:100DF00074D100200BE000BF05EB080080B207F0C3
:100E000097FE00287FF429AF08F1010080B28046E8
:100E1000B842F1D30020DFF8888109E006EB4001F9
:100E20002B18B1F80710401C49BA28F8131080B2EB
:100E3000B842F3D3312D04D8E819302801D908F08D
:100E4000C7FE322D04D8E819322801D908F0C0FEB7
:100E5000472D06D8E819362803D907F061FC07F0BA
:100E6000C1FB422D08D8E819422805D9B8F88400FA
:100E700010B1C0B206F044FD342D0CD8E819342866
:100E800009D9B8F86810A1F525405A3801D103F006
:100E900093FFA8F86890172D0AD8E819172807D9E2
:100EA000B8F82E00012801D107F06EF8A8F82E90AE
:100EB000122D0ED8E81912280BD9B8F8240040B129
:100EC00003F0A0FF28B1A8F824903649206A07F063
:100ED00074FA272D0CD8E819202800E06BE007D918
:100EE000232D03D8222801D984F809B006F050FF39
:100EF000142D04D8E819142801D906F049FF102D43
:100F000008D8E819102805D9B8F82000C0F30A015C
:100F100024480180112D07D8E819112830D908F08C
:100F2000A9FE06F00FFE01E0122D29D8E8191228BB
:100F300026D908F09FFEB8F824004546A0B303F078
:100F400061FF30B1A5F824901649206A07F035FA00
:100F500016E006F031FE28B907F08CF8208B40F43B
:100F6000806020830F49206A07F048FA01F08CFB6B
:100F700007F076F808482438007808B106F008FF32
:100F80000648102180F800B04170B1788170F17886
:100F9000C1700AE00C010020D86A0020D86B002044
:100FA000DC6C00208C61002019E0317901717179CD
:100FB00041710620804641461D4807F055F91C4AFC
:100FC00008F1010189B202F80800000A5054491CD6
:100FD000A1825D4684F800B0607828B118E084F8FA
:100FE0000C9006F0C7FEAFE74FF0904601220221B9
:100FF000304601F043FBA28A0D49E06903F080FB13
:1010000070B184F8009000220221304601F036FBD6
:101010000849E0694FF48072BDE8F05F03F00CB856
:10102000657001F031FB6062F2E7BDE8F09F0000FF
:10103000D86B0020D86A002010B50E4CE1698842B8
:1010400016D100206070207060620868C169C943D1
:101050004906FBD4002202214FF0904001F00EFB24
:10106000E069BDE810404FF48072034902F0E4BF2C
:1010700010BD00000C010020D86A00202DE9F043CB
:101080002DED028B83B001F0FFFA00260446009696
:10109000ADF8046001A9684603F09EFE03F096FED9
:1010A0006C4FA7F80C0240F20710009908F0C0FB43
:1010B000BDF80400A7F8120203F0A4FE664D5FEA33
:1010C00000080AD0BE842E7306F054FE287C20B996
:1010D000286A10B1614907F070F985F81080B88C62
:1010E00040B106F069FD28B906F0C4FF288B40F432
:1010F00080602883DFF86881286D4FF0010910B106
:10110000201A142832D3EFF3108072B6A97A49B1AD
:10111000534991ED068AD1ED070A91ED081AAE7296
:1011200010B102E068B121E062B6B0EE480A00F00A
:1011300003FB98F80010C1B1B98CB1B1297B11B192
:1011400013E062B612E0D8ED020AB0EE480A06F0EB
:10115000ABFD50B185F80C9085ED108A288B40F4DA
:10116000007028833E4806F023FC2C65686D10B1A2
:10117000201A322802D306F08FFF6C65A86D10B1DB
:10118000201A142810D3AC6598F8000060B1B88C10
:10119000D0B1287B50B903F02BFE28B906F00CFD26
:1011A00010B12F4806F004FCB88C68B1286A58B119
:1011B000A96C8C4208D2E96C11B1611A322903D3AF
:1011C000264907F01BF9EC6468784FF480784FF0FB
:1011D0009047A0B1686A201A142810D9E86902F073
:1011E000ABFF6E702E700022022138466E6201F055
:1011F00045FA1B4942462431E86902F01DFF287870
:10120000002821D0687800281ED10122022138460A
:1012100001F034FAAA8A1349E86903F071FA80B13F
:101220002E7000220221384601F028FAE86903B046
:101230004246BDEC028B0A49BDE8F043243102F07E
:10124000FBBE85F801906C6203B0BDEC028BBDE87B
:10125000F0830000DC6C00200C0100208C61002079
:10126000B46A0020D86B002010B5002202214FF094
:10127000904001F003FA074800214170017041627B
:10128000C0690821026811624A01BDE810400249A4
:1012900002F0D2BE0C010020D86A00200748016885
:1012A000C90103D4016841F0807101600448002144
:1012B0004160016841F0010101607047FCED00E010
:1012C000001000E0074A10B553680749074C096849
:1012D000B1FBF4F1414300E000BF5068C01A8842FE
:1012E000FAD310BD001000E04800002040420F007B
:1012F000704772B6FEE70000014800F0E2BC000053
:1013000068010020014800F0DCBC000068010020FA
:10131000F0B5D1E901650C692C430D68C6B145F003
:1013200080452C43D1E90665354391F820704E691C
:10133000406D46EA076635438E8903EBC30300EB35
:10134000C30045EA0645E0E802450023084C0AE0F0
:1013500044EA8544E6E7D618D55CD6F801601B1D43
:1013600045EA062520C0CD68655D9D42F3D8F0BDF5
:1013700014B10008144A117F1448012901D003292F
:101380000FD1036823F400730360036843F4006320
:101390000360036823F400630360036843F400738D
:1013A0000360022901D003290BD1016841F4805167
:1013B0000160016821F480510160016841F480619D
:1013C00001600020107770472800002000200240B4
:1013D000C107054803D0416941F0040141614169F9
:1013E00041F48031416170470020024008494A6958
:1013F000C0B222F4FC7242EAC0004861486940F081
:1014000002004861486940F480304861704700003C
:1014100000200240054910B54C6944F001044C61BC
:101420000260BFF36F8F436010BD000000200240D8
:10143000094A10B55469402344F480245461EFF301
:10144000108272B610C95B1E10C013F0FF03F9D1F1
:1014500082F3108810BD00000020024070B50646DF
:1014600001F012F90546134C07E000BF01F00CF93A
:10147000401BB04201D9032070BD2069C003F5D4E0
:1014800020694CF2FA3108400CD00B494A680243FB
:101490004A60810F01D0A169A161810000D0206163
:1014A000012070BD2069C00701D00120206100200B
:1014B00070BD00000020024028000020002803D05A
:1014C00040220249FEF735BF70470000DC70002063
:1014D000002803D034220249FEF72BBF70470000DA
:1014E0001C71002020489FED1F0ADFED230A80EDCC
:1014F000000A9FED1E0AB7EE001A80ED010A9FED6B
:101500001C0A012180ED020A9FED1A0A80ED030AF0
:101510009FED1A0AC0ED040A80ED050A80ED061A57
:101520009FED171A80ED071AB5EE001A80ED081A24
:1015300080ED090A80ED0A0A9FED120AC0ED0B0A40
:1015400080ED0C0A9FED100A80ED0D0A9FED0F0A49
:1015500080ED0E0A80F83C10032180F83D1000F069
:1015600017B80000CDCCCC3DDC700020CDCC4C3D7C
:101570000AD7233C8FC2F53C0AD7A33D8FC2F53D65
:10158000221843380AD7233D2DE104BF0000000094
:1015900010B534210648FEF7E5FE0548403890F9BD
:1015A0003C0007F06FFB024981F8320010BD0000DB
:1015B0001C71002010B500282DED028B7DD0014656
:1015C00040225848FEF7B5FE564C94ED000A9FEDB8
:1015D000568AB5EEC00AF1EE10FA01D284ED008A07
:1015E00020684FF07E51B7EE000A884201DD84ED9D
:1015F000000AD4ED010AF5EEC00AF1EE10FA01D2AC
:1016000084ED018AD4ED020AF5EEC00AF1EE10FA7B
:1016100001D284ED028AA068884201DD84ED020ACD
:1016200094ED030AB5EEC00AF1EE10FA01D284ED92
:10163000038A94ED040AB5EEC00AF1EE10FA01D265
:1016400084ED048A94ED050AB5EEC00AF1EE10FAB5
:1016500001D284ED058A94ED060AB5EEC00AF1EEDA
:1016600010FA01D284ED068A94ED070AB5EEC00A9D
:10167000F1EE10FA01D284ED078A94ED080AB5EE76
:10168000C00AF1EE10FA01D284ED088A94ED090A3D
:10169000B5EEC00AF1EE10FA01D284ED098A94ED9C
:1016A0000A0AB5EEC00AF1EE10FA01D284ED0A8AF8
:1016B00094ED0B0AB5EEC00A00E02FE0F1EE10FA4F
:1016C00001D284ED0B8A94ED0C0AB5EEC00AF1EE5E
:1016D00010FA03D89FED150A84ED0C0A94ED0E0A5A
:1016E000D4ED0D0A30EE600A07F00CF910EE100A86
:1016F0000F49884205DC9FED0F0A84ED0D0A84ED49
:101700000E8A14F93C0F07F0BDFA04F8010B14F827
:101710003D09002802D1012084F83D00BDEC028B78
:1017200010BD0000DC700020000000006F12833A42
:1017300017B7D1382DE104BF70B56B4C2DED028B7E
:10174000B0EE608A84ED0B0A84ED0A8A84ED001AFB
:10175000D4ED011AA4F1400531EE610AD5ED000A7D
:1017600040EE801AB0EE480AC4ED011A07F0CAF83C
:10177000D5ED010AB4EEE00AF1EE10FA16D294EDBE
:10178000000A07F0BFF8D5ED030AB4EEE00AF1EE67
:1017900010FA0BD2D4ED010A94ED020A95ED021A6B
:1017A00070EEC00A01EE200A84ED020AB0EE480A8B
:1017B00007F04AF9D4ED020A30EE200A84ED030A5C
:1017C00094ED040A07F09EF810EE100A474988428B
:1017D00002DA94ED030A09E0D4ED030A94ED040A59
:1017E00070EEC00A9FED421A00EE810A84ED040AF1
:1017F00094ED010AD4ED040A70EE600AC4ED050A06
:10180000D4ED020A95F93C0070EE600A00EE100A71
:10181000B8EEC00A60EE800A9FED360AC4ED070AF2
:10182000F5EEC00AF1EE10FA01D284ED070A84ED5C
:10183000060AD4ED070A70EEC00AC4ED080AF5EEF8
:10184000C00AF1EE10FA01D284ED080A94ED090AFB
:10185000D4ED081AD5ED060AB0EE401A002011EEBC
:10186000A01AF5EE001A01EE210A84ED090A95EDA1
:10187000041A94F8301061EE200A9FED1F1A20EE32
:10188000811AA1B1B4EEC10AF1EE10FA28D294F88F
:101890003110FF2902D2491C84F83110C9B2052940
:1018A00002D304F8300F6070BDEC028B70BDB4EE53
:1018B000E00AF1EE10FA07DD94F83110FF2905D2A5
:1018C000491C84F8311001E084F8310094F831109B
:1018D00095F83D209142E7D3012104F8301FE2E75B
:1018E00084F83100E0E700001C710020BD37863528
:1018F000CDCC4C3D000000009A99193F10B590F8EE
:10190000253000210122022B03D00421C1630121D3
:1019100022E003681C6824F00E041C60836C1C68C1
:1019200024F480741C6003681C6824F001041C60AB
:1019300090F84430046C03F01F0302FA03F3636071
:10194000D0E913345C60436D33B11C6824F48074B7
:101950001C60D0E916345C6080F82520002280F8F5
:101960002420084610BD70B590F8252000240121E0
:101970002346022A07D00422C26380F8251080F88B
:101980002430012429E00268156825F00E05156051
:101990000268156825F001051560826C156825F44C
:1019A0008075156090F84420056C02F01F0201FA62
:1019B00002F26A60D0E913255560426D32B11568B4
:1019C00025F480751560D0E91625556080F825103E
:1019D00080F82430816B01B18847204670BD30B556
:1019E00090F85C30012B07D0022B05D0016E41F03E
:1019F00002010166012030BD0468A36D4D0701D0CE
:101A0000DD071DD011F0380F01D09D0718D511F456
:101A1000E07F01D05D0713D511F4F05F01D01D0701
:101A20000ED511F4604F01D0DD0609D511F4403F09
:101A300001D09D0604D511F47C0F05D05D0603D4BA
:101A4000E56D45F00105E5654C0701D0DC071DD1CA
:101A500011F0380F01D09C0718D411F4E07F01D0A9
:101A60005C0713D411F4F05F01D01C070ED411F4FD
:101A7000604F01D0DC0609D411F4403F01D09C0630
:101A800004D411F47C0F06D05B0604D50368DC6D2A
:101A900044F00204DC650B0604D5036853F8DC4F00
:101AA00014431C60CB0504D5036853F8E04F14437E
:101AB0001C600068426D0A434265002030BD70B56D
:101AC000044690F85C00022803D0206E40F0080025
:101AD00007E02068D0F8C4309B0205D5206E40F4A2
:101AE00000702066012070BDD0F8C400C0F301452D
:101AF0002B462046FFF70CFC21680120A840C1F8C6
:101B0000CC00A065002070BD10B590F85C20012AC3
:101B100007D0022A05D0016E41F0020101660120C2
:101B200010BD0A687AB10B7B0A690C7A42EA4373EA
:101B30004A69406C496842EA847200EBC100C0E91E
:101B40000032002010BD0B7A4A690C8A42EA837287
:101B50000B7B006CDB06496843EA04431A4340F8F8
:101B60002120EEE730B590F85C50039C012D05D0A4
:101B7000016E41F004010166012030BD09010068D9
:101B800041EA820141EA430150F8802F214322F0CB
:101B90003F0211430160002030BD7047090304D5A6
:101BA0000068816921F0010181617047F0B590F80A
:101BB0005C400025022C03D0016E41F0080160E07A
:101BC0000468402946D0D4F89860360756D0D4F837
:101BD0009860F60104D5D4F88060F60500D501259B
:101BE000D4F89840C4F301246619C46C06EBC6050A
:101BF00004EBC504256815F080455560256843D081
:101C000025F06045156025682C4F05F0005595605E
:101C100020CC05F00045156134F8045BADB2D56108
:101C200054F8045CC5F30345D56054F8045C05F42E
:101C30008015556154F8045C05F40015956154F85D
:101C4000045CC5F30665156254F8045CED0F55623B
:101C5000002522E0D4F8906036070FD0D4F89060C9
:101C6000F60104D5D4F88060B60500D50125D4F876
:101C70009040C4F301246619846CB7E7016E41F407
:101C8000807101660120F0BDC5F38A45BAE700BF47
:101C900014F805C003F805C06D1CD2F80CC017F885
:101CA0000CC0AC45F4D80068402903D0C0F89C6053
:101CB0000020F0BDC0F89460FAE7000014B10008FD
:101CC00070472DE9F05F04460068016D426D01F434
:101CD000E05102EA0108016D426D01F0070102EADC
:101CE0000109016D426D01F0380102EA010A016D3E
:101CF000476D01F471010F40016D426D01F46021E7
:101D0000456D02EA010B016DCE43710607D4E9432C
:101D1000490604D4402101652046FFF7D1FFF005B4
:101D20000ED4E843C0050BD42068D0F8D820D0F8F2
:101D3000E01011404FF480720265204600F0E7F990
:101D4000B8F1000005D0216808654146204600F042
:101D5000E0F9B9F1000005D0216808654946204640
:101D600000F0B2F9BAF1000005D0216808655146CB
:101D7000204600F0B3F9B00509D4E843800506D445
:101D800021684FF400700865204600F0C3F9300662
:101D90000DD4E84300060AD42068D0F8D420D0F847
:101DA000DC10114080220265204600F0B1F9B00439
:101DB00009D4E843800406D421684FF40050086534
:101DC000204600F0A3F9300409D4E843000406D407
:101DD00021684FF400400865204600F096F9700431
:101DE0000AD4E843400407D421684FF480400865D2
:101DF000206E40F080002066BBF1000005D0216815
:101E0000086559462046FFF7C9FE27B120680765D7
:101E1000206E38432066206E002802D02046FFF74F
:101E2000BCFEBDE8F09F00002DE9F041040006D0A3
:101E3000DFF8E88194F85C00002518B107E0012084
:101E4000BDE8F08184F85D50204600F0EFF820688E
:101E5000816921F01001816100F016FC064603271C
:101E600005E000BF00F010FC801B0A2811D8206894
:101E700080690007F6D42068816941F00101816121
:101E800000F002FC06460BE000F0FEFB801B0A2877
:101E900006D9206E40F00100206684F85C70CEE721
:101EA00020688069C007EFD02068816941F0020195
:101EB00081612168414502D1594960680860207CF0
:101EC00001282068816937D041F040018161607C40
:101ED00001282068816932D021F480418161A07C91
:101EE0000128206881692DD041F4805181612068EA
:101EF0008169A26821F44071114381612068816980
:101F000021F0A40181612068016921F010010161C3
:101F1000E068012819D010B302281BD0206881691D
:101F200041F0800181612068016941F01001016187
:101F3000E06803280ED012E021F04001C6E741F42A
:101F40008041CBE721F48051D0E72068816941F0DE
:101F5000040103E02068816941F020018161207E55
:101F6000E26940066FF0FF0101EB0222A0F1007070
:101F70001043226AA38A521E10430A0202EB034353
:101F800018432368D861A068B0F5407F10D1D4E928
:101F90000A0301EB0321401E0843216B131303EBDB
:101FA00001110843A18C02EB014108432168C8607C
:101FB000206850F8C01FE26B11430160194820648B
:101FC000216851F8802FA38E22F4F81242EA0342CE
:101FD0000A60144970316164216851F8802F94F8C7
:101FE000383022F0706242EA03620A600D49B03173
:101FF000A1640D49E1640C49D83121650A49F031E9
:10200000616500F5547120C08842FCD3A565256642
:10201000012084F85C00002012E70000006400400A
:102020000065004000A4004088A5004010B598B0AD
:102030000446142111A8FEF795F944216846FEF7DD
:1020400091F91F492068884238D18014009000031C
:102050000C90684600F04EFC08B1FFF74AF91948A9
:10206000816D41F000718165816D01F00071169103
:10207000C16C41F00101C164C06C11A900F0010004
:1020800016904FF4C050119002201290002013902F
:10209000149009201590C00600F0C4F90022062112
:1020A000152000F08FFB152000F07FFB0022062199
:1020B000162000F087FB162000F077FB18B010BD4B
:1020C0000064004000100240034910B5884201D16D
:1020D00006F02CFC10BD000068010020704790F84D
:1020E0005C10012905D0016E41F004010166012058
:1020F0007047022180F85C1001688A6922F00102B1
:102100008A61002101660846704770477047704732
:1021100070477047704700002DE9F05F0546314871
:102120008946017801290CD00126804606704FF4BB
:102130007A7B5846FFF792F907004FF0000A03D068
:102140004BE00220BDE8F09F51464046C8F804A08D
:10215000254C226892050AD52168490505D52168D4
:1021600021F480612160032109E0067708E02268FC
:10217000520504D5216821F4806121600221017794
:102180002868012805D04FF0FF31C9F80010AE686B
:102190001CE06868FFF71CF95846FFF75FF907462F
:1021A000606920F00400606115E030466968FFF75F
:1021B0001DF95846FFF752F90700606920F4FD70D9
:1021C000606102D0C9F8006005E0761CD5E9020123
:1021D0000844B042E9D8FFF7CDF888F800A03846A7
:1021E000B0E700002800002000200240054901203F
:1021F0004A6942F000424A614969002900DA002038
:1022000070470000002002402DE9FF5F254C064684
:10221000904620789A4601280BD0012020704FF478
:102220007A7B5846FFF71AF907004FF0000904D0EF
:102230002AE0022004B0BDE8F09F4846C4F80490AC
:10224000194D2968490504D5286820F48060286064
:102250000220207726B1012E09D0022E07D00CE0F3
:10226000424653460198FFF7D5F8012612E0414651
:102270000198FFF7DDF8022E0AD05846FFF7EEF876
:102280004FEA0007FFF776F884F800903846D1E768
:102290004FF480265846FFF7E1F807466869B043D7
:1022A0006861EFE728000020002002400649002076
:1022B0004A69002A07DA054A8A60054A8A6049693C
:1022C000002900DA01207047002002402301674501
:1022D000AB89EFCD2DE9F84F00230126DFF828C1A7
:1022E0000F278AE006FA03F414EA01027ED023F0F5
:1022F00003056544AA46D5F808909D074FEA157E68
:1023000007FA0EF505EA090B0095B0F1904F05D0DC
:102310003E4DA84205D14FF001081CE04FF00008E7
:1023200019E03B4DA84202D14FF0020813E0394DAD
:10233000A84202D14FF003080DE0374DA84202D168
:102340004FF0040807E0354DA84202D14FF00508D0
:1023500001E04FF0060808FA0EF8D84526D1DFF85C
:10236000C080D8F8009029EA0209C8F8009008F166
:102370000408D8F8009029EA0209C8F80090DFF8AC
:10238000A08008F10C08D8F8009029EA0209C8F8E2
:102390000090A8F10408D8F800509543C8F8005000
:1023A000009ADAF808509543CAF80850D0F800802F
:1023B0004FEA4309032202FA09F248EA0208C0F888
:1023C0000080DD0800EB8505AA46D5F820804FEA9D
:1023D00043794FEAD96907FA09F528EA0508CAF8E6
:1023E0002080C5689543C560456800E004E0A543CA
:1023F00045608468944384605B1C31FA03F27FF487
:1024000071AFBDE8F88F00000000014000040048F3
:1024100000080048000C0048001000480014004864
:10242000000401402DE9F04FDFF82092002301263F
:102430000324A9F1040B85B00F2709F1040AABF1BD
:10244000040EFAE006FA03F52A407CD091F804C0A5
:102450000CF0030CBCF1010F02D0BCF1020F26D12D
:10246000D0F808C0CDF800C04FEA430C04FA0CF8CD
:10247000CDF810C0DDF800C02CEA080CCDF800C083
:10248000D1F80C80DDF810C008FA0CF8DDF800C0B7
:1024900048EA0C08C0F80880D0F804C02CEA050C03
:1024A0000D79C5F300159D4045EA0C0545600D7991
:1024B000ED43AD070ED0C5684FEA430804FA08FCA7
:1024C00025EA0C05D1F808C00CFA08FC4CEA050C0A
:1024D000C0F80CC00D7905F00305022D16D1DD08FA
:1024E00000EB850CCDF808C0DCF820805D074FEAD2
:1024F000D56C07FA0CF528EA05080D6905FA0CF504
:10250000DDF808C045EA0805CCF8205005684FEA18
:10251000430CCDF808C004FA0CFC25EA0C0591F830
:1025200004C00CF00308DDF808C008FA0CF848EA0B
:102530000508C0F800804D6815F4403F7CD0444D3C
:10254000D5F860C000E077E04CF0010CC5F860C041
:102550002D6E23F0030C05F0010500953D4D6544FB
:102560000295AD684FEA837C4FEA1C7807FA08FCB5
:1025700025EA0C05B0F1904F06D0DFF8DCC06045CD
:1025800005D14FF0010C20E04FF0000C1DE0DFF80A
:10259000CCC0604502D14FF0020C16E0DFF8C0C09D
:1025A000604502D14FF0030C0FE0DFF8B8C0604582
:1025B00002D14FF0040C08E0DFF8ACC0604502D156
:1025C0004FF0050C01E04FF0060C0CFA08FC4CEA49
:1025D000050C029DC5F808C0D9F80050CC46D1F8CA
:1025E000048095435FEAC82800D51543CCF8005015
:1025F000DAF80050D446D1F8048095435FEA882881
:1026000000D51543CCF80050DBF80050DC46D1F87B
:10261000048095435FEA883800D51543CCF8005014
:10262000DEF80050F446D1F8048095435FEAC838DC
:1026300000D51543CCF800505B1C0A6832FA03F54C
:102640007FF400AF05B0BDE8F08F00000804014042
:10265000001002400000014000040048000800484B
:10266000000C00480010004800140048426921EAAC
:1026700002030A4043EA0241816170470AB1816165
:102680007047816270470000014880687047000011
:102690001C00002002488168426811448160704734
:1026A0001C00002010B50024032000F0ABF80F2020
:1026B00000F008F808B1012401E000F047F82046D6
:1026C00010BD000030B505461B4887B0816D41F054
:1026D00010018165806D06A900F01000009001A82E
:1026E00000F03AFB00F058FB1449154AB0FBF1F139
:1026F0001448491E0260416040F2E7320021C0E9FF
:102700000321816001F075FA040012D10D4801F037
:10271000D9FA04000DD1362000F047F8102D07D269
:1027200000222946362000F04DF80748056000E0F9
:10273000012407B0204630BD0010024040420F0087
:10274000001000406C0400201C0000200D4808B55B
:10275000016E41F001010166016E01F0010100917D
:10276000816D41F080518165806D002200F08050C4
:1027700000900F21901E00F025F8BDE8084000F001
:10278000B1B800000010024000280DDB00F01F026D
:10279000012191404009800000F1E020C0F8801143
:1027A000BFF34F8FBFF36F8F7047002809DB00F036
:1027B0001F02012191404009800000F1E020C0F893
:1027C00000117047F0B40E4B1B680C46C3F3022394
:1027D000C3F10705042D00D90425191D072901D2CD
:1027E000002300E0DB1E012606FA05F1491E214008
:1027F00099409E40761E16403143F0BC04F0E8BB81
:102800000CED00E0064900F0070208684FF6FF03F0
:10281000184040EA0220034A104308607047000055
:102820000CED00E00000FA052B492C4B0A68322120
:102830004A432B4940B1B0F5007F086829D020F405
:10284000C06040F480602CE00868C0F3412002289A
:1028500004D051F8800F20F4807022E0D1F880007D
:1028600020F48070C1F88000086820F4C06040F453
:1028700000700860B2FBF3F0401C00E0401E4A69A3
:10288000520501D50028F9D1486940050AD5032031
:102890007047C0F34120022806D051F8800F40F461
:1028A0008070086000207047D1F8800040F480708C
:1028B000C1F88000086820F4C06040F4007008602F
:1028C000B2FBF3F0401C00E0401E4A695205DBD524
:1028D0000028F9D1D8E700004800002040420F004E
:1028E000007000400248816841F480418160704777
:1028F000007000402DE9F8430446006800269D4D15
:1029000000035ED5A86D0027C00008D4A86D40F074
:102910008050A865A86D012700F080500090DFF876
:102920005892D9F8001041F48071C9F80010FFF7EF
:10293000ABFE804606E000BFFFF7A6FEA0EB080056
:1029400002282BD8D9F80000C005F5D5D5F890009D
:1029500010F4407014D0216C814211D0D5F8900051
:10296000D5F8901020F4407041F48031C5F89010F3
:10297000D5F8901021F48031C5F89010C5F890007A
:10298000C00711D0FFF780FE804641F2883907E08A
:10299000FFF77AFEA0EB0801494501D903260BE0B9
:1029A000D5F890008007F3D5D5F89000216C20F47D
:1029B00040700843C5F890001FB1A86D20F080500A
:1029C000A8652078C00707D0D5F88800616820F096
:1029D00003000843C5F888002078800707D5D5F89C
:1029E0008800A16820F00C000843C5F88800207812
:1029F000400707D5D5F88800E16820F0300008438B
:102A0000C5F888002078000707D5D5F88800216927
:102A100020F0C0000843C5F888002078800607D55C
:102A2000D5F88800616920F440600843C5F8880043
:102A30002078400607D5D5F88800A16920F44050D9
:102A40000843C5F888002078000607D5D5F8880027
:102A5000E16920F440400843C5F888002088C0059B
:102A600007D5D5F88800216A20F440300843C5F81E
:102A700088002088800507D5D5F88800616A20F491
:102A800040200843C5F88800208840050FD5D5F8B8
:102A90008800A16A20F440100843C5F88800A06AA5
:102AA000B0F5801F03D1E86840F48010E86020880A
:102AB00000050FD5D5F88800E16A20F440000843EE
:102AC000C5F88800E06AB0F5800F03D1E86840F4EB
:102AD0008010E8602088C0040FD5D5F88800216BED
:102AE00020F040700843C5F88800206BB0F1807F6B
:102AF00003D1E86840F48010E86020884FF000615E
:102B000080040ED5D5F88800626B20F04060104339
:102B1000C5F88800606B884203D1E86840F48010F3
:102B2000E860208840040ED5D5F88800A26B20F01C
:102B300040601043C5F88800A06B884203D1E86864
:102B400040F48010E860208800040FD5D5F8880094
:102B5000E16B20F040500843C5F88800E06BB0F10D
:102B6000805F03D1E86840F48030E8603046BDE81B
:102B7000F883000000100240007000402DE9F0478B
:102B80000E4605004FF0000725D0DFF8AC81D8F8DD
:102B9000000000F00F00B0420CD2D8F8001021F075
:102BA0000F013143C8F80010D8F8000000F00F0002
:102BB000B04210D12968614CC80741F2883A5AD016
:102BC0006868DFF87C91032808D0022820682DD09F
:102BD000400500282CDB0120BDE8F087206880013B
:102BE000F9D5E06800F00302E068C0F30310401C70
:102BF000032A19D0534A00BFB2FBF0F0E268C2F3D7
:102C000006225043E268C2F34162521C5200B0FBFC
:102C1000F2F0484517D9A06810F0F00F0CD08807E3
:102C200011D5A86840B10EE0474AE5E78003D0E738
:102C300000F0D6F8484506D9A06820F0F00040F032
:102C40008000A0608027A068696820F00300084326
:102C5000A060FFF719FD814606E000BFFFF714FDF5
:102C6000A0EB090151453AD8A068696800F00C0052
:102C7000B0EB810FF2D12868810714D5400703D546
:102C8000A06840F4E060A0602878000705D5A0683F
:102C900020F4605040F4E060A060A068A96820F0D3
:102CA000F000084304E0802F03D1A06820F0F0007A
:102CB000A060D8F80010404601F00F01B14216D9CB
:102CC000016821F00F0131430160FFF7DDFC074689
:102CD00007E000BFFFF7D8FCC11B514501D9032015
:102CE0007AE7D8F8000000F00F00B042F2D128785F
:102CF000400705D5A068E96820F4E0600843A060BB
:102D00002878000706D5A068296920F4605040EAB9
:102D1000C100A06000F064F8A1680C4AC1F303117F
:102D2000515C01F01F01C84009490860094800686A
:102D3000BDE8F047FFF7C6BC00200240001002408B
:102D400000B4C4040024F40000127A004CB100085E
:102D5000480000201C0000200F2202600C4A9368EB
:102D600003F003034360936803F0F0038360936808
:102D700003F4E063C36092684FF4E06303EAD202B5
:102D800002610448006800F00F000860704700000E
:102D9000001002400020024005480649006889688A
:102DA000054AC1F30221515C01F01F01C840704780
:102DB00048000020001002405CB1000805480649A8
:102DC00000688968054AC1F3C221515C01F01F0106
:102DD000C840704748000020001002405CB1000865
:102DE000184910B58868C0F381021748012A0BD032
:102DF0008A684310C2F38102022A06D08A68C2F3AD
:102E00008102032A03D0002010BD184610BDCA68F5
:102E100002F00304CA68C2F30312521C032C02D04E
:102E2000B0FBF2F001E0B3FBF2F0CA68C968C2F38C
:102E300006225043C1F34161491C4900B0FBF1F047
:102E400010BD0000001002400024F4002DE9F843FA
:102E500004007AD02078F84DC00747D0A868E96808
:102E600000F00C0001F003010C2802D0082817D054
:102E700001E0032914D06068B0F5803F17D0B0F5A9
:102E8000A02F286817D020F480302860286820F40C
:102E9000802028606068E0B1FFF7F6FB064614E08A
:102EA0002868800322D560680028D2D01EE02868F8
:102EB00040F48030EDE740F480202860F7E700BF61
:102EC000FFF7E2FB801B642870D828688003F7D5E1
:102ED0000CE0FFF7D9FB064605E000BFFFF7D4FB87
:102EE000801B6428F0D828688003F7D420788007F6
:102EF0004CD5A868E96800F00C0001F003010C282B
:102F000002D004280DD001E002290AD0E068002890
:102F100028682BD040F480702860FFF7B5FB064688
:102F200019E02868400502D5E068002891D068685B
:102F3000217C20F0FE4040EA01606860BF480068E4
:102F4000FFF7C0FB002800D120E072E1FFF79CFBF7
:102F5000801B0228B8D828684005F7D56868217C0E
:102F600020F0FE4040EA016068600FE020F48070CD
:102F70002860FFF789FB064605E000BFFFF784FBEA
:102F8000801B0228A0D828684005F7D420780007C5
:102F900029D560690028D5F8940013D040F00100CD
:102FA000C5F89400FFF770FB064606E090E000BF0E
:102FB000FFF76AFB801B022886D8D5F894008007AB
:102FC000F6D510E020F00100C5F89400FFF75CFB97
:102FD000064604E0FFF758FB801B022878D8D5F896
:102FE00094008007F6D42078400761D5A86D0026AC
:102FF000C00008D4A86D40F08050A865A86D0126D7
:1030000000F0805000908E480168C90511D4016815
:10301000804641F480710160FFF736FB074604E00B
:10302000FFF732FBC01B022852D8D8F80000C005B9
:10303000F6D5A068012815D00528D5F8900016D03F
:1030400020F00100C5F89000D5F8900020F00400B1
:10305000C5F89000A06841F28838B8B1FFF714FBBA
:1030600007460EE0D5F8900040F00100F0E740F090
:103070000400C5F89000F5E7FFF706FBC11B4145CA
:1030800026D8D5F890008007F6D50CE0FFF7FCFABB
:10309000074604E0FFF7F8FAC11B414518D8D5F8F8
:1030A00090008007F6D41EB1A86D20F08050A8656E
:1030B0002078800629D5A0690028D5F8980013D07B
:1030C00040F00100C5F89800FFF7DEFA064606E07A
:1030D00075E000BFFFF7D8FA801B02286FD8D5F83B
:1030E00098008007F6D510E020F00100C5F89800A0
:1030F000FFF7CAFA064604E0FFF7C6FA801B02286B
:103100005DD8D5F898008007F6D4E069F0B3A968D7
:10311000C1F3810103295DD00228286820F0807066
:10312000286003D0FFF7B0FA04464BE0FFF7ACFA93
:10313000064604E0FFF7A8FA801B02283FD828685B
:103140008001F7D4F4E908016FF00F0202EB0111DE
:103150000843218A5204490802EB4151A26841EA1E
:1031600002210843217D4FF07E42490802EB416174
:103170000843217B40EAC160E968324A11400843B4
:10318000E860286840F08070286000E05EE0E86851
:1031900040F08070E860FFF777FA044605E000BF72
:1031A000FFF772FA001B022809D828688001F7D5BA
:1031B0004CE000BFFFF768FA001B022802D9032089
:1031C000BDE8F88328688001F4D4E8681E49084007
:1031D000E8603BE00128F3D0E868226A00F00301D0
:1031E000914226D1616A00F0F00209011039914242
:1031F0001FD1A26A00F4FE41B1EB022F19D194F85D
:103200002C2000F07841B1EBC26F12D1218E00F476
:10321000C00249084905A1F50011914209D194F86D
:10322000341000F0C06049084906A1F100718142E4
:103230000CD00120C4E70000001002401C00002058
:10324000007000400C809F01FCFFEEFE0020B7E7FD
:10325000704700002DE9FC410446424845F6C05144
:10326000002700680126B0FBF1F06421484301907B
:1032700000902068416821F0200141602168486881
:1032800000060BD5384820650098F8B1401E009024
:1032900094F85D000728F7D101980090486840062F
:1032A0000BD53248E0640098A8B1401E009094F815
:1032B0005D000728F7D101980090606D002580B16E
:1032C000496889070CD52A4981630AE0206E40F0DD
:1032D00040002066E0E7206E40F040002066EAE70C
:1032E0008563A06D38B121684968C90702D02149BA
:1032F000816300E08563206840684FF040088007E4
:103300000AD5606D40B1FEF72EFB20B1606D85637C
:10331000C4F8608000E0002620684068C00708D03C
:10332000A06D30B1FEF71FFBB8B1A06D8563C4F886
:10333000608096B1A4F84650E587206E40280FD0F3
:1033400025662068C168816800918068009001202E
:1033500084F85D002046FFF77BFF3846BDE8FC811E
:103360000127EEE7480000200956000885550008AF
:10337000055800088557000810B5040011D0022038
:1033800084F85D002068016821F04001016020465A
:1033900000F002F90020206684F85D0084F85C00EB
:1033A00010BD012010BD704790F85D00704700000F
:1033B00038B5016804464A688868C043430606D5A4
:1033C000C30704D1D3435B0601D4E16C05E0830756
:1033D00008D4D3431B0605D4216D01B02046BDE8B7
:1033E00030400847830603D5430601D5C30551D4B1
:1033F000D3439B064ED443060AD494F85D30032B86
:1034000049D0236E43F004032366CB688B68009396
:10341000830609D4236E43F0010323668B6800936F
:103420000B6823F040030B60C00506D4206E40F00B
:1034300008002066206880680090206E002829D04F
:103440002068416821F0E0014160012084F85D00BE
:10345000900701D4D00722D02068416821F00301F1
:103460004160114DA06D40B18563A06DFEF77BFA00
:1034700018B1206E40F040002066606D002809D031
:103480008563606DFEF76FFA002803D0206E40F070
:103490004000206638BDC8688868009038BD204666
:1034A000FFF781FF38BD00007357000870B50400B6
:1034B00009D0606A002540B125616561A56294F874
:1034C0005D0040B10CE0012070BD6068B0F5827F06
:1034D000F4D0E561F2E784F85C50204600F094F8FF
:1034E000022084F85D002068016821F0400101603D
:1034F000E1684FF4E062914201D9002001E04FF40D
:103500008050B1F5706F02D0914200D0A562A188C1
:10351000228901F4827102F404421143227C02F0F8
:1035200002021143227D02F001021143228B02F4B8
:1035300000721143227F02F03802114394F82020D8
:1035400002F080021143228D02F4005211432268DE
:103550001160A169042202EA114194F8242000F4C8
:10356000805002F01002114394F8342002F0080257
:103570001143A28902F47062114301432068416043
:103580002068C16921F40061C1612566012084F8C9
:103590005D00002070BD000010B502681548164996
:1035A00082420AD1086E20F480500866BDE81040BF
:1035B000E0214FF09040FEF78DBE104B10489A422C
:1035C00008D18A6D22F480428A659900FEF782FE56
:1035D00024200AE00B4B9A420BD18A6D22F4004260
:1035E0008A653821FEF776FE3320BDE81040FFF7EC
:1035F000CBB810BD00300140001002400038004040
:1036000000040048003C0040F0B587B00446142197
:103610006846FCF7A7FE3848256800223749022390
:103620000324052685421CD1086E40F480500866AC
:10363000086E00F480500590C86C40F00100C8642A
:10364000C86C02AD00F001000590E020CDE9000358
:1036500085E8540069464FF09040FEF7E3FE07B05E
:10366000F0BD274F2748BD421FD18D6D45F48045E1
:103670008D658D6D05F480450595CD6C45F0020591
:10368000CD64C96C02AD01F002010591B900CDE92C
:10369000001385E854006946FEF7C4FE00220521A8
:1036A0002420FFF78FF8242022E0174EB542D6D110
:1036B0008D6D45F400458D658D6D05F400450595CE
:1036C000CD6C45F00205CD64C96C029201F0020197
:1036D00005913821CDE900130621CDE90341694662
:1036E000FEF7A0FE002205213320FFF76BF8332000
:1036F000FFF75BF8B3E70000003001400010024024
:103700000038004000040048003C004010B413465C
:1037100090F85D20012A31D121B11BB184680422C7
:103720001CB106E0012010BC70474468B4F5827FEC
:103730001ED090F85C40012C20D0012480F85C4021
:1037400080F85D20002202660164A0F84430A0F8F1
:10375000463082638287C2870265C168B1F5E06F37
:1037600001684B680CD923F480534B6016490BE079
:1037700080F85D2010BC0A4600F076B90220D2E73E
:1037800043F480534B601149C1648168B1F5004F27
:1037900009D101680B6823F040030B6001680B68D6
:1037A00023F480430B6001680B685B0603D40B684D
:1037B00043F040030B6080F85C200068416841F0F2
:1037C000600141600020AEE7A95A0008CF5A000806
:1037D00000680549884202D00449884203D1044860
:1037E000006805F00BBB704700380040003C00400B
:1037F000180000202DE9FF5F1D46934604464FF058
:1038000001090E9EFEF740FF074694F85D006168CF
:10381000012806D0B1F5827F39D1A168B1BB042857
:1038200035D1019800287CD0BBF1000FFBD0002DD2
:10383000F9D094F85C00012829D04FF0010A84F8EF
:103840005CA094F85D00042802D0052084F85D0097
:103850004FF00008C4F86080C4F840B0A4F84650A7
:10386000A4F844500199A163E587A587C4F84C806A
:10387000C4F85080E0684FF4E061884201D8012D1F
:1038800009D92068426822F4805208E0FFE702204C
:1038900004B0BDE8F09F2068426842F48052426064
:1038A00020680268520603D4026842F040020260B7
:1038B000E0688842606846D908B1012D3BD1A06B11
:1038C00001882068C160A06B801CA063E08F401E4F
:1038D000E08730E02068816889070FD5E18F69B102
:1038E000B9F1010F0AD1A16B0988C160A06B801CDE
:1038F000A063E08F401EE0874FF0000920688168D8
:10390000C90711D0B4F8461071B1C068216C0880A5
:10391000206C801C2064B4F84600401EA4F84600C9
:1039200000E09EE04FF00109FEF7AEFEC01BB04282
:1039300001D3701C74D1E08F0028CBD1B4F84600BD
:103940000028C7D175E008B1012D6BD1E08F0128A7
:10395000A06B08D921680088C860A06B801CA06398
:10396000E08F801E07E0216800780873A06B401C80
:10397000A063E08F401EE08754E0206881688907DB
:103980001AD5E18FC1B1B9F1010F15D1E18F01292C
:10399000A16B07D90988C160A06B801CA063E08F70
:1039A000801E06E009780173A06B401CA063E08FC5
:1039B000401EE0874FF0000920688168C90728D0C1
:1039C000B4F8461029B3B4F84610012914D9C068D8
:1039D000216C0880206C801C2064B4F84600801E96
:1039E000A4F84600B4F84600012810D820684168C1
:1039F00041F4805141600AE0007B216C0870206C2A
:103A0000401C2064B4F84600401EA4F846004FF065
:103A10000109FEF739FEC01BB04202D3701C01D071
:103A200012E08EB1E08F0028A7D1B4F8460000283C
:103A3000A3D13A463146204601F05CFF50B1202028
:103A4000206684F85C800CE084F85DA084F85C80DB
:103A500003201DE784F85DA084F85C80206E0028B8
:103A6000F7D0012014E7000030B590F85D404568BC
:103A7000012C06D0B5F5827F29D185683DBB042C89
:103A800025D111B30AB303B390F85C40012C1ED0CA
:103A9000012480F85C4090F85D40042C02D005249D
:103AA00080F85D400024046681638387C3870264D5
:103AB000A0F84430A0F84630C168B1F5E06F08D9ED
:103AC0001449C1641449016509E0012030BD022098
:103AD00030BD1249C16412490165022B04D301684B
:103AE0004A6822F4805203E001684A6842F4805236
:103AF0004A6001680A68520603D40A6842F040022C
:103B00000A6080F85C400068416841F0E001416073
:103B1000002030BD6D54000809550008A35400086A
:103B20003B55000800680549884202D00449884294
:103B300003D10448006805F061B9704700380040BF
:103B4000003C0040180000207047704770477047E5
:103B500070477047F0B590F83C20012A3AD0012513
:103B600080F83C50022280F83D2003685A689C6827
:103B7000194E1A4FB34201D0BB4204D122F4700C4B
:103B80004A6842EA0C02DFF858C002EA0C02D1F897
:103B900000C04CEA020CC3F804C00268B2420DD067
:103BA000B2F1804F0AD00F4B9A4207D00E4B9A4287
:103BB00004D0BA4202D00D4B9A4204D1896824F055
:103BC00080031943916080F83D50002180F83C103B
:103BD0000846F0BD0220F0BD002C01400034014039
:103BE0008FFFFFFD0004004000080040004001403E
:103BF000704710B5040003D094F83D0010B107E001
:103C0000012010BD002084F83C00204600F022F87E
:103C1000022084F83D00211D206802F02BF90120CC
:103C200084F8480084F83E0084F83F0084F840009F
:103C300084F8410084F8420084F8430084F844008A
:103C400084F8450084F8460084F8470084F83D0075
:103C5000002010BD10B586B0044614216846FCF75C
:103C600081FB15492068884224D11448816D41F0B8
:103C700002018165816D01F002010591C16C41F085
:103C80000201C164C06C002100F002000590012017
:103C900000900220CDE90101CDE9031069460848F2
:103CA000FEF7C0FB002205211D20FEF78BFD1D2025
:103CB000FEF77BFD06B010BD00040040001002407E
:103CC0000004004890F83D10012901D00120704700
:103CD000022180F83D100168CA6842F00102CA6002
:103CE0000068104988420ED0B0F1804F0BD00E49C9
:103CF000884208D00D49884205D00D49884202D03B
:103D00000C49884207D181680B4A1140062906D028
:103D1000B1F5803F03D0016841F00101016000204E
:103D200070470000002C01400004004000080040E3
:103D300000340140004001400700010070B5044616
:103D400090F83C000025012814D0012684F83C603E
:103D5000022084F83D0022689068364B184020F419
:103D60007F409060086870282ED010DC10F00F0F94
:103D700003D021E04FF0020070BD4FEA2012072A65
:103D80001AD2DFE802F0525252524A3840002A4B0F
:103D9000C21A984249D009DCB0F5805F0DD0B0F569
:103DA000005F1CD0B0F1101F06D13EE0102A3CD0BD
:103DB000202A3AD0502A38D0012584F83D600020CE
:103DC00084F83C00284670BDCB68D1E90121206809
:103DD00002F0AEF82068816841F0770109E0CB6815
:103DE000D1E90121206802F0A3F82068816841F43C
:103DF00080418160E1E7CA684968206802F0ACF858
:103E00005021206806E0CA684968206802F0B5F8C9
:103E10006021206802F096F8CFE7CA6849682068F8
:103E200002F09AF840212068F4E722680146104623
:103E3000F0E7000088FFCEFF2000100070472DE95A
:103E4000F04104460068C66805694FF00007A907FD
:103E500013D5B10711D5F91E016101202077206823
:103E600080698007204602D0FFF7E8FF04E000F0F9
:103E7000B7F8204600F0B5F82777680716D5700721
:103E800014D521686FF004000861022020772068B3
:103E9000806910F4407F204602D0FFF7CFFF04E096
:103EA00000F09EF8204600F09CF82777280715D5EB
:103EB000300713D521686FF00800086104202077CF
:103EC0002068C0698007204602D0FFF7B7FF04E0F2
:103ED00000F086F8204600F084F82777E80616D52B
:103EE000F00614D521686FF01000086108202077D3
:103EF0002068C06910F4407F204602D0FFF79EFF83
:103F000004E000F06DF8204600F06BF82777E80732
:103F100008D0F00706D021686FF001000861204644
:103F200000F060F8280601D4A80408D5300606D5AC
:103F300021686FF4025008612046FFF706FEE8058D
:103F400008D5300606D521686FF4807008612046D8
:103F5000FFF7FAFD680608D5700606D521686FF0F0
:103F600040000861204600F047F8A80608D5B006D2
:103F700006D521686FF0200008612046FFF7E6FDB6
:103F8000E80208D5F00206D521686FF480100861B8
:103F90002046FFF7DDFDA80208D5B00206D521684E
:103FA0006FF4001008612046FFF7D1FD680208D5C4
:103FB000700206D521686FF4800008612046FFF783
:103FC000C8FD28020AD5300208D521686FF4000028
:103FD00008612046BDE8F041FFF70ABEBDE8F08168
:103FE0007047704700680349884201D1FEF752BB11
:103FF0007047000000100040704790F884100129BD
:1040000018D0012180F884102421C0F8881001689C
:104010000A680B6823F001030B6022F000510022B4
:104020004266036819602021C0F8881080F8842057
:10403000104670470220704770B50446D0F88C00D7
:104040000025202801D0022070BD69B162B1012095
:10405000E06600202067204602F0BEFDE06E0128E9
:1040600004D00125284670BD012070BD21681020B4
:104070000862216851E8000F40F0100041E800029A
:10408000002AF6D1EEE70000024A904201D1FCF787
:1040900081BD7047D8030020704770B5044690F882
:1040A000840001281DD0012084F884002420C4F855
:1040B000880020680568026822F00102026020681A
:1040C000826822F060620A438260204602F0C0F8F3
:1040D000206805602020C4F88800002084F884004F
:1040E00070BD022070BD70B5044690F884000128B0
:1040F0001DD0012084F884002420C4F888002068A2
:104100000568026822F0010202602068826822F0DD
:1041100060420A438260204602F09AF820680560F7
:104120002020C4F88800002084F8840070BD02209C
:1041300070BD70477047704770B50446216851E8FC
:10414000000F20F0C00041E80002002AF6D12068EC
:10415000083050E8001F21F4000140E80012002A56
:10416000F5D121688868030610464FF0200219D562
:104170002168083151E8003F23F0800341E8003511
:10418000002DF5D1E16F49B10F488863E06FFDF76D
:10419000EAFBB8B1E06F816B884713E0A4F85600E2
:1041A000A0670AE0A4F85600A067606EB0F1005F57
:1041B00003D1886940F010008861C4F88820204647
:1041C000FFF7B9FF002070BD196400080449884258
:1041D00004D1006808210162FDF746B8704700006D
:1041E000D80300202DE9F04103680446D869196816
:1041F0009A6840F60F0528424FF000054FF002067E
:104200000AD187067ED501F0200702F0805C57EACC
:104210000C0777D0616F42E1B64FDFF8DCC2174080
:1042200001EA0C0C57EA0C0C6CD05FEAC07C0CD095
:104230005FEAC15C09D54FF0010CC3F820C0D4F887
:10424000903043F00103C4F89030830709D5D307B9
:1042500007D023681E62D4F8903043F00403C4F8FA
:10426000903043070AD5D30708D026680423336269
:10427000D4F8903043F00203C4F8903003070CD513
:1042800001F020033B4308D0266808233362D4F8AA
:10429000903043F00803C4F8903003050BD54B0170
:1042A00009D526684FF400633362D4F8903043F0A8
:1042B0002003C4F89030D4F89030002B3DD0800615
:1042C00009D501F0200002F08051084303D0616F4E
:1042D00009B120468847D4F89000216889684906CA
:1042E00002D410F0280F2AD0204602F0A9F8206846
:1042F000806840061ED52068083050E8001F21F075
:10430000400100E021E040E80012002AF3D1D4F897
:10431000800078B179498163D4F88000FDF723FBF0
:1043200000280AD0D4F88000816B00E02046BDE868
:10433000F04108472046FFF749FFBDE8F0812046DD
:10434000FFF744FFC4F89050F7E7D4F86CC020277B
:10435000BCF1010F7ED15FEAC06C7BD55FEAC16C16
:1043600078D51020186220688068400651D5D4F8AE
:1043700080100A6850680004000C3ED0B4F85C302D
:1043800083423AD9A4F85E000868006880062CD4FD
:10439000216851E8000F20F4807041E80002002AF3
:1043A000F6D12068083050E8001F21F0010140E8F4
:1043B0000012002AF5D12068083050E8001F21F0D3
:1043C000400140E80012002AF5D1C4F88C70E5667F
:1043D000216851E8000F20F0100041E80002002A97
:1043E000F6D1D4F88000FDF789FA2667B4F85C00AE
:1043F000B4F85E10401A81B207E0B4F85C10814254
:104400009BD11068800698D526672046FFF73CFEB2
:1044100093E7B4F85C00B4F85E10401A81B2B4F8C7
:104420005E00002889D0002987D0226852E8000F5A
:1044300020F4907042E80003002BF6D12D4BDB43B3
:104440002068083050E8002F1A4040E8002CBCF1EA
:10445000000F00E00EE0F3D1C4F88C70E5666567EC
:10446000206850E8002F22F0100240E80023002BC3
:10447000F6D1C9E7C60209D5560207D54FF4801018
:1044800018622046BDE8F041FFF754BE03060AD586
:1044900001F0800302F40002134304D0A16F00294D
:1044A0007FF444AF49E7420611D54A060FD52046AE
:1044B000016851E8002F22F0400241E80023002B60
:1044C000F6D1C0F88870856700F066F935E702021A
:1044D00006D54A0004D52046BDE8F041FFF729BEC5
:1044E000C00195D5002993DA2046BDE8F041FFF7D9
:1044F000D3BD000001000010200100040964000881
:1045000010B5040003D0D4F8880010B107E00120F2
:1045100010BD002084F88400204600F027F82420F5
:10452000C4F888002068016821F001010160A06AD8
:1045300010B1204601F0AEFE204602F013FA012829
:10454000E6D02068416821F490414160206881688C
:1045500021F02A0181602068016841F001010160B9
:104560002046BDE8104001F0F9BE00002DE9F04101
:1045700098B00446142111A8FBF7F4FE44216846C4
:10458000FBF7F0FE2F4920682F4C07270025022655
:104590004FF09048884226D10120CDE900056846B9
:1045A000FEF7A8F908B1FCF7A4FE206E40F48040A5
:1045B0002066206E00F480401690E06C40F0010010
:1045C000E064E06CCDE9126500F0010016904FF454
:1045D000C060CDE91457119011A94046FDF722FFA4
:1045E00018B0BDE8F08119498842F9D168460096B3
:1045F0000295FEF77FF908B1FCF77BFEA06D40F451
:104600000030A065A06D00F400301690E06C40F022
:104610000100E064E06CCDE9126500F00100169045
:104620000C20CDE91457119011A94046FDF7FAFE70
:10463000002205212620FEF7C5F82620FEF7B5F852
:10464000CEE7000000380140001002400044004066
:1046500070472DE9F8430446D0F88800984616467E
:104660000D46202802D00220BDE8F883A5B19EB1F6
:104670000020C4F890002120C4F888001834FEF708
:1046800003F8A6878146E68754F8100C2027183CCB
:10469000B0F5805F02D003E00120E5E7206910B1AA
:1046A0002E46002510E000260EE08021204602F074
:1046B000D4FBC0B9DEB116F8010B21688862B4F8EA
:1046C0005600401EA4F85600B4F856004B464FF072
:1046D0000002CDF800800028E7D14FF040012046CD
:1046E00002F0BBFB40B1C4F888700320BCE735F88A
:1046F000020BC0F30800E0E7C4F888700020B3E7BD
:10470000D0F88830202B01D00220704721B31AB393
:104710000165A0F85420A0F8562000218167C0F858
:1047200090102121C0F88810426E4FF48051B2F1F0
:10473000005F826812D08A4201D1016909B312492F
:104740008167026852E8001F41F0800142E80013CF
:10475000002BF6D100207047012070478A4201D11A
:10476000016961B1094981670168083151E8002F89
:1047700042F4000241E80023002BF5D1EAE70449A6
:10478000F1E70449DCE70000A76D0008F56D0008BB
:104790003D6D0008E96C00080249884201D1FCF730
:1047A0004BBC7047D8030020FEE7000070B51248EC
:1047B000104901230160002141608160C1600374E0
:1047C000417481740E2504240522C561C0E90542A7
:1047D000C0E90824C0E90A250263C0E90D31C163BC
:1047E000FDF722FB002803D0BDE87040FCF781BD37
:1047F00070BD0000006400406801002010B5194A37
:104800000021012004F0AEFA174C164A0021A061E5
:10481000D83A164804F01EFB124A2060B43A002130
:10482000134804F017FB0F4A6060903A00211148CA
:1048300004F010FB0B4AA0606C3A00210E4804F013
:1048400009FB084AE060483A00210C4804F002FBEA
:10485000044A2061243A0021094804F0FBFA60610F
:1048600010BD000004B1000800000020395D000800
:104870001D5D0008DD5C0008A95D0008BD5D000845
:104880007D5D00082DE9F04186B014216846FBF7F4
:1048900069FD2F48C16C41F00401C164C16C01F095
:1048A00004010591C16C41F02001C164C16C01F0AB
:1048B00020010591C16C41F00101C164C16C01F09E
:1048C00001010591C16C41F00201C164C06C4FF05F
:1048D000904700F002000590002202213846FDF7C3
:1048E000CDFE012210213846FDF7C8FEDFF86480B6
:1048F000012241F242014046FDF7C0FE0225012699
:1049000000240095CDE90164694638460394FDF71B
:1049100089FD1020CDE9000669463846CDE90245FB
:10492000FDF780FD0095CDE901646946404603949A
:10493000FDF778FD4FF48250CDE900066946404608
:10494000CDE90245FDF76EFD06B0BDE8F08100003F
:104950000010024000040048124810B510490160E0
:104960004FF48271416000214FF47062C0E902127D
:104970000122C0E90412520282613022C0E90721FB
:1049800007224162C0E90A1201634163FEF78EFD0E
:10499000002803D0BDE81040FCF7ABBC10BD000000
:1049A00000300140CC010020124810B510490160D0
:1049B0004FF48271416000214FF4E062C0E90212BD
:1049C0004FF400720161C0E905122822C0E90721F5
:1049D00007224162C0E90A1201634163FEF766FDE6
:1049E000002803D0BDE81040FCF783BC10BD0000D8
:1049F0000038004030020020124810B51049016014
:104A00004FF48271416000214FF4E062C0E902126C
:104A10004FF400720161C0E905122822C0E90721A4
:104A200007224162C0E90A1201634163FEF73EFDBD
:104A3000002803D0BDE81040FCF75BBC10BD0000AF
:104A4000003C00409402002010B588B000241748B4
:104A500000940194029403940494059412490694DA
:104A60000160A921C0E9011440F2E731C0E9031453
:104A70008461FFF7BEF808B1FCF73BFC4FF48050AF
:104A8000009069460948FFF759F908B1FCF731FC75
:104A9000049404A905480694FFF75CF8002801D0A7
:104AA000FCF727FC08B010BD00040040F80200200D
:104AB000184810B5164901604FF4E13141600021FA
:104AC00081600C22C160C0E904128161C161016290
:104AD00041628162FFF714FD08B1FCF70AFC002176
:104AE0000C48FFF700FB08B1FCF703FC0021094864
:104AF000FFF7D3FA08B1FCF7FCFB0648FFF77DFA95
:104B0000002803D0BDE81040FCF7F3BB10BD000047
:104B10000038014044030020184810B516490160D0
:104B20004FF4E1314160002181600C22C160C0E995
:104B300004128161C161016241628162FFF7E0FCA0
:104B400008B1FCF7D6FB00210C48FFF7CCFA08B1FE
:104B5000FCF7CFFB00210948FFF79FFA08B1FCF7EB
:104B6000C8FB0648FFF749FA002803D0BDE810400B
:104B7000FCF7BFBB10BD000000440040D80300207C
:104B8000FEE7FEE7704700002DE9F84F1F4690460C
:104B900089465FEA000A57D0B9F1000F54D00020CF
:104BA00004464FF0550B0646CDF800002A4806EBA8
:104BB000460100EBC1052868401C10D0284604F0CF
:104BC000D1FE48B12CB169680098081AB0F1004FC5
:104BD00002D268682C460090761C5E45E6D31CB372
:104BE00094ED020AB8F1000FF8EEC00A9FED1B0A1F
:104BF00080EE801A8AED001AD4ED030AF8EEE00A7E
:104C000080EE801A89ED001A07D0D4ED050AF8EE7F
:104C1000E00A80EE801A88ED001AD7B110492068AA
:104C2000884214D1012013E09FED0E0AF7EE000A2E
:104C30008AED000AC9ED000AB8F1000F01D088ED35
:104C4000000A0FB1002038700020BDE8F88F002066
:104C500038700120F9E7000000F8010800007A44EC
:104C600031425A50000000002DE9F14F00262DED91
:104C7000040B4FF055083746DFF82C91DFF82CA1D4
:104C800034462DED048B8CB0F0EE418AB0EE609A84
:104C9000F0EE409A4CF2FA3B04EB440109EBC105FB
:104CA0002868401C31D0284604F05CFE38B127B19A
:104CB0006868801BB0F1004F01D26E680127641C48
:104CC0004445E9D3149818B3FDF7F0FADAF8181050
:104CD00041F04041CAF81810CAF810B00020009006
:104CE000089001203F21CDE909010B90694608A8F1
:104CF000FDF712FA0446FDF779FA5CB120460CB0D4
:104D0000BDEC048B05B0BDE8F08F4445DAD204E079
:104D10000220F4E7002426462746FF22182102A895
:104D2000FBF719FB224802900FB1761C00E0012628
:104D30009FED208A0396102129EE880A02A8BDEE75
:104D4000C00A8DED040A29EE080ABDEEC00A8DEDF9
:104D5000050A03F0A3FA28EE880A069004EB440142
:104D600009EBC106BDEEC00A8DED070AFDF79EFAFC
:104D7000DAF8181041F04041CAF81810CAF810B01B
:104D800002AD002405EBC40006EBC401D0E900230A
:104D90000020FDF739FA070002D1641C032CF1D37F
:104DA000FDF724FA3846AAE700F80108002002407F
:104DB00031425A5000007A44034800218171012297
:104DC000C271017270470000D80000200148008ABB
:104DD00070470000D8000020044A08B1D36A03607D
:104DE000002901D09089088070470000D800002079
:104DF0000348817911B9C079002800D0012070479B
:104E0000D80000200148807970470000D8000020B9
:104E1000014A1063D1817047D800002010B50029E5
:104E20000FD006280DD2EFF3108272B6054B00EBBF
:104E3000400003EB8000002A19C881E8190000D166
:104E400062B610BDF065002010B5064C012240216D
:104E50002046FDF713FC20460122BDE81040110357
:104E6000FDF70CBC000400482DE9F0479EB0002679
:104E700005960A960196029604961496039606964F
:104E800007960996199608960B960C9613960F9608
:104E90004FF4A170BE4D1296159616961896009076
:104EA00017960E961096B94B402229461196B9488E
:104EB00000F044FDB54AB84C1178217092F84121B8
:104EC000627050B1A52901D15A2A5DD0E069401C19
:104ED000E061A52901D15A2A56D04FF00008434677
:104EE0004022A9462946AB4800F0A6FDAB4D01275C
:104EF000B8F1000F4BD005F2D1114022A1F2811080
:104F0000FBF717FA05F21121A1F281104022824627
:104F1000FBF70FFA05F25121A1F2811040228046E1
:104F2000FBF707FA05F5677101AAA1F5537000F0C8
:104F3000A3F905AA05F59461504600F09DF909AA68
:104F400005F2A451404600F097F916AB09AA05A94D
:104F500001A800F059F90DF1040898E80F000FC5F9
:104F60000DF1140898E80F000FC50DF1240898E81A
:104F70000F0085E80F000DF15808203598E80F0064
:104F800085E80F00677234E04FF00108A7E7844816
:104F900090F8822000F582708DF8042090F882103D
:104FA00000F582708DF8141090F882008DF82400BE
:104FB0001AB111B108B1012000E000208DF85800AD
:104FC000607AB8B10FCD0DF1040888E80F000FCD5D
:104FD0000DF1140888E80F0095E80F000DF1240882
:104FE000203588E80F0095E80F000DF1580888E893
:104FF0000F00403DC2204FF4805A0090694B52464A
:105000004946694800F09AFC664A1178A17092F806
:10501000C120E27050B1A52901D15A2A27D0206AB7
:10502000401C2062A52901D15A2A20D000208046A8
:105030000346524649465C4800F0FEFCB8F1000FBA
:1050400017D0584940228131A1F203208046FBF756
:1050500070F912AA5549404600F00EF90DF14808C2
:10506000303598E80F0085E80F00A7720FE00120A7
:10507000DDE74E4890F882008DF84800A07A30B104
:1050800030350DF1480895E80F0088E80F000EAAAA
:1050900012A916A800F08CF80F98E062BDF8403015
:1050A000A3819DF838202AB10F98216B884201D343
:1050B000012000E0002022B1E1898B4201D30121CF
:1050C00000E00021E579BDB1256B042D02D3256BED
:1050D000AD0800E00025E789BF085AB10F9AAA423F
:1050E00008D2BB4206D2227A521CD2B22272052AC0
:1050F00008D3E671267205E0A2791AB950EA0102D6
:1051000000D0A771A27902B1012200B102200243AE
:1051100009B1042000E000200243E07900B108203A
:10512000024322820EA9002000F02EF916A90120C8
:1051300000F02AF901A9022000F026F905A90320B0
:1051400000F022F909A9042000F01EF912A9052097
:1051500000F01AF901A9022001F0E8FE05A90320D8
:1051600001F0E4FE09A9042001F0E0FE12A90120EB
:1051700001F0DCFE16A9002001F0D8FE0EA90520E2
:1051800001F0D4FE1EB0BDE8F0870000EC63002003
:105190000004004894020020D80000209C620020F7
:1051A000386600202E65002030020020446900206F
:1051B00010B5002827D0002925D0002A23D0037855
:1051C0001BB10B780BB1012300E00023137043786F
:1051D0000BB94B7803B10123537043684C682344E7
:1051E0005360037B0C7B234413730C8903899C421B
:1051F00004D91481887A9072C87A03E01381817A85
:105200009172C07AD07210BD30B5002833D0002919
:1052100031D0002A2FD0002B2DD004782CB10C785F
:105220001CB114780CB1012400E000241C704478F7
:105230001CB94C780CB9547804B101245C704468F2
:105240004D682C4455682C445C60047B0D7B2C44D9
:10525000157B2C441C730C890589AC4200D9084687
:1052600011890489A14200D9104601891981817AE6
:105270009972C07AD87230BD2DE9F04F002853D012
:10528000002951D0002A4FD091F882304FF0010B05
:10529000BBB100242646A246A146A0464FEA04031D
:1052A00001EB430C30F81350BCF88470ED1B00D5B3
:1052B0000025BCF8C470ED1B17EBA50736D50027F9
:1052C00039E0B1F880400023642C13D25FF0000471
:1052D00051F8245030F81460354441F82450641CCF
:1052E000202CF5D3B1F88000401C80B2A1F88000DA
:1052F000642810D30020642551F82040B4FBF5F653
:1053000001EB4004401CA4F88460A4F8C4302028B9
:10531000F2D381F882B091F882001070537053601C
:10532000138113739372D372BDE8F08FB7F5803F8A
:1053300001DB4FF6FF77BDB2ACF8C45014FA87F426
:10534000B54204D92E46C3F3870A03F00309082D9A
:1053500003D308F1010808F0FF085B1C202B9FD342
:10536000782C01D21E2E01D3012000E0002082F80B
:1053700000B050705460168182F80AA082F80B9039
:1053800082F80C80D0E7000030B500291CD0062838
:105390001AD20C780D8964F307024C7865F30F0379
:1053A00064F30F224C68097B61F31743EFF310811C
:1053B00072B6064D00EB400005EB800000298360CB
:1053C000C0E9002400D162B630BD0000F0650020C5
:1053D00070B5C0F30D0040F48041084603F07FFD36
:1053E00041EAC03080B200F051FC0A20FBF76AFFAE
:1053F0000021084603F073FD41EAC03080B200F09E
:1054000045FC04460A20FBF75DFF1149C4F30D0576
:1054100060040FD50120087044F20101084603F032
:105420005EFD41EAC03080B200F030FC0A20FBF79C
:1054300049FF0AE0C4F30E0003F051FDB0EBD43F86
:1054400001D0012000E000200870284670BD000057
:10545000CC0000200148FDF7ABBF00003002002067
:105460000148FDF7A5BF0000940200200168C9684B
:10547000026C1180016C891C0164B0F84610491E51
:10548000A0F84610B0F84610002909D101684A6812
:1054900022F040024A60C18F002901D100F020B9FA
:1054A0007047B0F84630026C0168012B13D9C96807
:1054B0001180016C891C0164B0F84610891EA0F8A7
:1054C0004610B0F8461001290FD101684A6842F42D
:1054D00080524A6009E0097B1170016C491C01642B
:1054E000B0F84610491EA0F84610B0F84610002942
:1054F00009D101684A6822F060024A60C18F002920
:1055000001D100F0EDB87047816B02680988D16065
:10551000816B891C8163C18F491EC187C18F00299E
:105520000AD101684A6822F080024A60B0F8461049
:10553000002901D100F0D4B87047C38F826B016895
:10554000022B07D31288CA60816B891C8163C18FCB
:10555000891E06E012780A73816B491C8163C18F32
:10556000491EC187C18F00290AD101684A6822F00B
:1055700080024A60B0F84610002901D100F0B0B8AE
:105580007047000038B504460068016821F040010A
:1055900001601C4845F6C0510068B0FBF1F0642181
:1055A000484300902068416821F040014160009824
:1055B00010B3401E0090206840684006F7D400BF3A
:1055C000FDF762F80090642300228021204600F05D
:1055D00001FB402500B12566FDF756F800906423D5
:1055E00000224FF4C061204600F084FA00B1256625
:1055F000072084F85D0038BD206E40F04000206632
:10560000DEE70000480000207CB50446334845F63C
:10561000C0510068B0FBF1F064214843019020685C
:10562000416821F080014160019800284CD0401E63
:105630000190206840680006F6D400BFFDF724F80A
:1056400002466421204600F055F9402500B1256648
:105650002068016821F040010160FDF715F84FF462
:10566000C0660090642300223146204600F042FAD2
:1056700000B1256620684168490621D5416821F0BE
:1056800040014160019820B3401E019020684068AD
:105690004006F7D4FCF7F8FF009064230022802135
:1056A000204600F097FA00B12566FCF7EDFF009068
:1056B000642300223146204600F01CFA00B1256622
:1056C000072084F85D007CBD206E40F0400020661D
:1056D000B4E7206E40F040002066DBE74800002081
:1056E00010B50446FCF7D0FF02462068416821F05F
:1056F000200141606421204600F0FCF818B1206EC2
:1057000040F020002066216E012029B184F85D0060
:105710002046FDF748FE10BD94F85D1084F85D004A
:105720000429204602D0FEF7FDF910BDFEF750F81F
:1057300010BD10B504460068416821F06001416069
:10574000FCF7A2FF02466421204600F099F818B148
:10575000206E40F020002066012084F85D00206E5D
:105760000028204602D0FDF71EFE10BDFEF730F8DF
:1057700010BD10B5806A0021A0F84610C187FDF762
:1057800012FE10BDF8B5846A2068016821F040015E
:105790000160A06D002585632068416821F001014A
:1057A0004160FCF771FF00906423002280212046B5
:1057B00000F010FA402600B12666FCF765FF009065
:1057C000642300224FF4C061204600F093F900B139
:1057D0002666606D10B1806B002812D1A4F8465087
:1057E000E587206E402800D025662068C168816862
:1057F000009180680090012084F85D002046FDF74C
:1058000027FDF8BDF8B5846A0025606D85632068C2
:10581000416821F002014160FCF736FF0246642135
:10582000204600F067F8402600B12666206801682F
:1058300021F040010160FCF727FF00906423002263
:105840004FF4C061204600F055F900B12666A06D06
:1058500010B1806B002812D1A4F84650E587206E65
:10586000402800D025662068C16881680091806862
:105870000090012084F85D002046FDF7E9FCF8BDAA
:105880002DE9F843044640684FF482761546894670
:105890004FF400474FF48068B04209D1A068B84285
:1058A00001D0404504D12068016821F04001016029
:1058B0004B46002280212046009500F08BF980B9EC
:1058C0006068B04214D1A068B84201D040450FD101
:1058D0004B4600224FF4C0612046009500F00AF9C3
:1058E00030B1206E40F0200020660320BDE8F88330
:1058F0000020FBE7F8B515460E460B46009204461D
:1059000000224FF4C05100F0F5F888B93346002268
:1059100080212046009500F05DF948B93346002209
:105920004FF4C0612046009500F0E4F8002804D050
:10593000206E40F0200020660320F8BD2DE9FF5FB7
:105940003A4DDDF838A01E469346074600212868E8
:1059500003F0DAF90028F9D03846FDF725FD0128D3
:1059600008D03846FDF776FC0021286803F0CCF912
:105970000028F9D0002259460198FCF77FFE5246D4
:1059800031463846FDF7C2FEDFF8A480294C78B1D5
:10599000012259460198FCF771FE3968414503D14F
:1059A000606A401C60623FE0A06A401CA0623BE06D
:1059B0003221286803F0A8F981460122594601984E
:1059C000FCF75CFE3A6806EB0A00B9F1000F0AD05A
:1059D000424518D16169491C61613178217010F824
:1059E000010C607017E03178424504D1217010F845
:1059F000010C607003E0A17010F8010CE070012050
:105A000004B0BDE8F09FA169491CA1613178A17083
:105A100010F8010CE0703846FDF71CFC00212868E6
:105A200003F072F90028F9D00020E9E718000020FF
:105A3000003C0040D80000202DE9F041174D0468DB
:105A4000AC4201D1164C01E0154C641C002513B189
:105A50002570BDE8F0812378FF2B01D25B1C2370F9
:105A6000DBB2052BF5D30646084611460122FCF7AA
:105A700005FE3046FDF7EEFB0A4F0021386803F0C3
:105A800043F90028F9D03046FDF776FC3046FDF7A3
:105A90000DFD022003F0FDF8DAE70000003C0040B5
:105AA000DC000020180000200168C968026C118029
:105AB000016C891C0164B0F84610491EA0F846101C
:105AC000B0F84610002901D1FFF733BE70470168D6
:105AD000097B026C1170016C491C0164B0F846101E
:105AE000491EA0F84610B0F84610002901D1FFF772
:105AF00020BE70472DE9FE4F4FF0000A984617462A
:105B00000E4604460C9D8DF804A0FCF7BDFD411B1C
:105B1000A8EB0105FCF7B8FD814620684FF4C06B87
:105B20000C3002902A480068C0EBC00000EB8000F7
:105B3000000D6843009043E05E4506D12FB90298FE
:105B400000788DF804009DF80400B8F1FF3F37D0CD
:105B5000FCF79AFDA0EB0900A84203D215B100980A
:105B600058B32BE02068416821F0E0014160606893
:105B7000B0F5827F0BD1A068B0F5004F02D0B0F530
:105B8000806F04D12068016821F040010160A06AA3
:105B9000B0F5005F09D12068016821F4005101606F
:105BA0002068016841F400510160012084F85D0023
:105BB00084F85CA00320BDE8FE8F0025401E009005
:105BC000206880683040B842B6D10020F3E700007A
:105BD000480000202DE9F8431E46914688460446B9
:105BE000089DFCF751FD401B351AFCF74DFD07469B
:105BF00025480068C0F3CB30684338E0701C37D0CC
:105C0000FCF742FDC01BA84203D215B1009860B357
:105C10002CE02068416821F0E00141606068B0F547
:105C2000827F0BD1A068B0F5004F02D0B0F5806F35
:105C300004D12068016821F040010160A06AB0F53C
:105C4000005F09D12068016821F4005101602068DB
:105C5000016841F400510160012084F85D000020DA
:105C600084F85C000320BDE8F8830025401E009006
:105C70002068816838EA010004D000214945BDD17F
:105C80000020F0E70121F9E74800002011B583B0BA
:105C90000020ADF8040002464FF090441021204649
:105CA000FCF7ECFC0120FBF70DFB642000900123C6
:105CB00001AA03A90848FDF79DFD0120FBF702FB9F
:105CC000012210212046FCF7D9FC0120FBF7FAFA4B
:105CD000BDF8040004B010BDCC010020FAF7F2FDBD
:105CE0000A4F0B4C0B4D0C4EFAF7FCFD387822880E
:105CF00095ED000A318838B15FF0000001F0FEF840
:105D0000322002F0C6FFEFE70120F7E7CC000020C9
:105D1000D0000020D4000020CE000020054C4FF41D
:105D2000FA7502212046FCF7A1FC284602F0B1FFDB
:105D3000F7E70000000400484FF4FA7002F0A9FFF2
:105D40000B4801219FED0B0A80F83C1080ED140AEE
:105D500080ED150A80ED110A80ED120A80ED100A1F
:105D60000349054802F0FCFA022002F092FFF7E72F
:105D70008C6100200000000068010020142002F067
:105D800088FFFBF7AFFB012205490648FAF7D8FD6B
:105D9000FBF76AFAFBF772F9012002F07AFFF9E7E4
:105DA00068010020D8030020FFF74EF85FF0640080
:105DB00002F06FFFFFF758F83220F9E7044620465B
:105DC00000F0EEF8012002F064FFF8E710B54FF0A4
:105DD000E020006904F038FF012803D0BDE810403E
:105DE00004F0B0BA10BD10B594B038216846FAF787
:105DF000B9FA14210EA8FAF7B5FA0020FCF714FD41
:105E000001210804CDE900100324CDE90841022056
:105E10002821CDE90A1007900421CDE90C1068462D
:105E2000FDF714F808B172B6FEE70F20CDE90E04B5
:105E3000002010901190129004210EA8FCF79EFEF5
:105E4000002801D072B6FEE714B010BD0248016808
:105E500041F470010160704788ED00E00148FDF7F2
:105E6000EEBF0000F80200200148FDF7E8BF000087
:105E70006C0400202DE9F0430268264B264D274E86
:105E8000274C4FF08049984207D0484505D0A8429A
:105E900003D0B04201D0A04203D122F070074A687B
:105EA0003A43204FDFF880C0DFF8808098420DD061
:105EB00048450BD0A84209D0B04207D0A04205D037
:105EC000B84203D0604501D0404503D122F440756B
:105ED000CA682A434D6922F080022A4302608A6818
:105EE000C2620A688262984207D0A04205D0B842D6
:105EF00003D0604501D0404501D10969016301210A
:105F000041610169C90703D0016921F00101016103
:105F1000BDE8F083002C0140000400400008004070
:105F2000003401400040014000440140004801406D
:105F300010B5846842EA032224F47F440A432243D2
:105F4000826010BD8268034B1A400A4342F0070189
:105F5000816070478FFFCFFF10B5036A046A24F099
:105F600001040462846924F0F00444EA021423F07A
:105F70000A020A438461026210BD10B5036A046A12
:105F800024F010040462846923F0A00324F4704414
:105F900044EA023243EA01118261016210BD00004D
:105FA0002DED028BADF50C7D03F0F6FEA1480178D6
:105FB00061F30704418890ED018A008961F31F4471
:105FC000294660F30F019B4804910C30017861F37E
:105FD0000707417861F30F2741680E91018961F34A
:105FE0000F0A817A61F3174AC17A61F31F6ACDF80B
:105FF00030A0007B294660F307018E4810911C30C9
:10600000017861F3070B417861F30F2B416811911F
:10601000018961F30F09817A61F31749C17A61F34C
:106020001F69CDF84890017B284661F30700149062
:1060300080482C30017861F30705417861F30F2522
:1060400041681891018961F30F08817A61F317485B
:10605000C17A61F31F68CDF85480017B304661F34B
:106060000700179073483C30017861F307064178C8
:10607000426861F30F261B920189199A61F30F029E
:10608000817A61F31742C17A61F31F621992007B32
:106090001A9A60F30702674890464C3002780699D6
:1060A00062F30701427862F30F21894641680B9140
:1060B0000289099962F30F01827A62F31741C27A69
:1060C00062F31F610991017B0A9861F30700594946
:1060D0000A905C310A78009862F307004A7862F30C
:1060E0000F208246486808900A89059862F30F00DD
:1060F0008A7A62F31740CA7A62F31F600590097BBF
:10610000079861F30700079003F066FE18EE100A87
:10611000FAF73AF9199A08F0FF0C93B21B9A06F0B5
:10612000FF08CDE91F82CDE9213CC6F3072212B159
:106130000FF2041C01E00FF2041C179AD3B2159A57
:1061400096B2189ACDE91B26CDE91D3CEAB2C5F3FB
:1061500007230BB138A600E038A6149B129DCDE9A9
:106160001962DBB2ADB2CDE91753119A0BF0FF0300
:10617000CBF307250DB130A600E030A6109DCDE988
:106180001532EDB2CDE913560C9AFDB293B20E9AC8
:10619000C7F307260EB128A600E028A6CDE91123F3
:1061A000CDE90F650A9A09F0FF06D3B2099A0E935A
:1061B00095B20B9ACDE90C250B96C9F307220AB1CB
:1061C0001DA600E01DA6079AD3B2059A95B2089ABB
:1061D000CDE90725CDE909360AF0FF02CAF3072306
:1061E0000BB115A500E015A5049B0DF1080C9BB2A1
:1061F00006928CE82B00200C14F0FF0F009001D0C9
:106200000FA300E00FA3104A4FF4D27123A800F0AF
:10621000C7FE002808DD23A8FAF7AFF882B264238E
:1062200023A90A48FEF715FA4FF4FA7002F031FD7F
:10623000BAE60000486A00204F4E00004F46460074
:106240004F4B000045525200BCB1000844030020EF
:1062500030B5416EB9B1026891689268C1F342618C
:106260000B4B520F9C5CE50003F10804A25CB5FBEC
:10627000F2F2A0F86A205A5C615CD200B2FBF1F144
:10628000A0F8681030BD0121A0F86A10F8E70000FE
:106290003CB1000890F82810090706D501684A6843
:1062A000836B22F400421A434A6090F82810C90711
:1062B00006D001684A68C36A22F400321A434A6071
:1062C00090F82810890706D501684A68036B22F404
:1062D00080321A434A6090F82810490706D50168B1
:1062E0004A68436B22F480221A434A6090F82810CF
:1062F000C90606D501688A68C36B22F480521A4326
:106300008A6090F82810890606D501688A68036CAF
:1063100022F400521A438A6090F82810490611D5D9
:1063200001684A68436C22F480121A434A60416C47
:10633000B1F5801F06D101684A68836C22F4C0025F
:106340001A434A6090F82810090606D501684A6881
:10635000C06C22F4002202434A6070472DE9F843E2
:1063600000260446C0F89060FCF78EF9804620684D
:1063700000684FF0200500076FF07E4713D54346B5
:10638000002229042046009700F067FD58B12168DB
:1063900051E8000F20F0800041E80002002AF6D109
:1063A000C4F8885021E020680068400722D54346A1
:1063B00000224FF480012046009700F04EFDC8B146
:1063C000216851E8000F20F4907041E80002002A93
:1063D000F6D12068083050E8001F21F0010140E8A4
:1063E0000012002AF5D1C4F88C5084F88460032090
:1063F000BDE8F883C4F88850C4F88C5044F86C6F3A
:10640000666026760020F3E710B5806A0021A0F8C8
:106410005E10FDF7DBFE10BD10B5806A0021A0F80C
:106420005610416EB1F1005F04D101688A6942F0F3
:1064300010028A612021C0F88810FDF77CFE10BD93
:1064400010B5026852E8001F21F4907142E8001371
:10645000002BF6D10E4B0268083252E8001F19409B
:1064600042E80014002CF6D1C16E012908D1016860
:1064700051E8002F22F0100241E80023002BF6D152
:106480002021C0F88C100021C166416710BD0000BA
:10649000FEFFFFEF10B5B0F86020D0F88C30016837
:1064A000222B04D0886940F00800886110BD496A39
:1064B000836D11401980816D891C8165B0F85E1073
:1064C000491EA0F85E10B0F85E100029EED10268F7
:1064D00052E8001F21F4907142E80013002BF6D11E
:1064E0000168083151E8002F22F0010241E8002341
:1064F000002BF5D12021C0F88C10002141670167E5
:10650000154B02689A420BD05268120208D50368F4
:1065100053E8002F22F0806243E80024002CF6D1DB
:10652000C26E012A02D0FEF793F810BDC166026860
:1065300052E8001F21F0100142E80013002BF6D1B1
:106540000168CA69D243D20601D410220A62B0F8A7
:106550005C10FDF799FD10BD008000402DE9F0476B
:106560000446B0F860600068C569D0F800A0D0F8B3
:106570000890D4F88C10222905D0816941F00801D7
:106580008161BDE8F087B4F868704FF0000844E01E
:106590002068406AA16D30400880A06D801CA06515
:1065A000B4F85E00401EA4F85E002068C569690763
:1065B00030D0E9070AD05FEACA5107D5012101624C
:1065C000D4F8900040F00100C4F89000A8070BD563
:1065D0005FEAC97008D0216802200862D4F89000F0
:1065E00040F00400C4F8900068070BD55FEAC9705A
:1065F00008D0216804200862D4F8900040F002001E
:10660000C4F89000D4F8900020B12046FDF7DEFDDC
:10661000C4F89080B4F85E0000B30FB1A806B7D4F8
:10662000B4F85E000028ACD0B4F868108142A8D954
:106630002068083050E8001F21F0805140E8001227
:10664000002AF5D12A486067206850E8001F41F011
:10665000200140E80012002AF6D192E7216851E8B3
:10666000000F20F4807041E80002002AF6D1214A90
:106670002068083050E8001F114040E80013002B4C
:10668000F6D12020C4F88C00C4F874804046C4F8C9
:106690007080194A216891420BD04968090208D5D7
:1066A000226852E8001F21F0806142E80013002BAD
:1066B000F6D1E16E012903D02046FDF7C9FFAFE70F
:1066C000E066216851E8000F20F0100041E8000268
:1066D000002AF6D12068C169C943C90601D4102136
:1066E0000162B4F85C102046FDF7CEFC98E700008C
:1066F00095640008FEFFFFEF0080004010B5B0F881
:106700006020D0F88C300168222B04D0886940F0DA
:106710000800886110BD496A1140826D1170816D59
:10672000491C8165B0F85E10491EA0F85E10B0F8F3
:106730005E100029EED1016851E8002F22F490721A
:1067400041E80023002BF6D10168083151E8002F01
:1067500022F0010241E80023002BF5D12021C0F8EE
:106760008C10002141670167154B02689A420BD0DB
:106770005268120208D5036853E8002F22F08062A5
:1067800043E80024002CF6D1C26E012A02D0FDF7A6
:106790005FFF10BDC166026852E8001F21F01001C2
:1067A00042E80013002BF6D10168CA69D243D20631
:1067B00001D410220A62B0F85C10FDF765FC10BD30
:1067C000008000402DE9F0470446B0F860600068A2
:1067D000C569D0F800A0D0F80890D4F88C10222910
:1067E00005D0816941F008018161BDE8F087B4F806
:1067F00068704FF0000844E02068406AA16D3040A6
:106800000870A06D401CA065B4F85E00401EA4F89E
:106810005E002068C569690730D0E9070AD05FEAE1
:10682000CA5107D501210162D4F8900040F001005F
:10683000C4F89000A8070BD55FEAC97008D021689A
:1068400002200862D4F8900040F00400C4F89000E0
:1068500068070BD55FEAC97008D021680420086278
:10686000D4F8900040F00200C4F89000D4F89000F2
:1068700020B12046FDF7AAFCC4F89080B4F85E0071
:1068800000B30FB1A806B7D4B4F85E000028ACD0AE
:10689000B4F868108142A8D92068083050E8001F79
:1068A00021F0805140E80012002AF5D12A486067A3
:1068B000216851E8000F40F0200041E80002002A62
:1068C000F6D192E7216851E8000F20F4807041E88A
:1068D0000002002AF6D1214A2068083050E8001F43
:1068E000114040E80013002BF6D12020C4F88C00A2
:1068F000C4F874804046C4F87080194A21689142F7
:106900000BD04968090208D5226852E8001F21F01F
:10691000806142E80013002BF6D1E16E012903D01B
:106920002046FDF795FEAFE7E066206850E8001FBF
:1069300021F0100140E80012002AF6D12068C16958
:10694000C943C90601D410210162B4F85C10204685
:10695000FDF79AFB98E70000FD660008FEFFFFEFD9
:10696000008000402DE9F0410446016880682269FA
:10697000E3691043626900251A431043DFF82CC213
:106980000A688B4B1A4002430A6020684168E2683B
:1069900021F44051114341602168A069614501D053
:1069A000226A10438A68834B1A4002438A60206837
:1069B000C16A626A21F00F011143C1627E492368F6
:1069C0007E488B420DD1D0F8880010F0030006D02D
:1069D000012855D0022842D003283FD152E001209F
:1069E0003DE077498B420BD1D0F8880010F00C00C5
:1069F00035D0042833D0082840D00C282ED141E0CF
:106A000070498B420BD1D0F8880010F0300026D0AE
:106A1000102835D0202831D030281FD132E06A49E3
:106A20008B420BD1D0F8880010F0C00017D040285E
:106A300026D0802822D0C02810D123E063450DD174
:106A4000D0F8880010F4406009D0B0F5806F17D0FE
:106A5000B0F5006F12D0B0F5406F13D010205B4935
:106A60005B4F00264FF4004263453BD160B10228E2
:106A700013D004280BD0082872D10DE00220EEE7D5
:106A80000420ECE70820EAE7FCF786F901E0FCF7D0
:106A9000A7F9010001D17CE01146606A37F81020A7
:106AA0006768B1FBF2F007EB4703834270D8B0EBA5
:106AB000073F6DD8002308461946F9F709FC09027B
:106AC00041EA106102027808101871413A46002329
:106AD000F9F7FEFB3F4AA0F54071914258D8216872
:106AE000C86056E0E3694FF6EF7893422CD109284D
:106AF0004ED2DFE800F00508114D0D4D4D4D100050
:106B0000FCF74AF901E0FCF759F9010004D140E033
:106B1000FCF766F9F9E71146606A37F81000B1FB37
:106B2000F0F04100606801EB5001B1FBF0F0A0F122
:106B3000100141452CD84FF6F0710140C0F34200DE
:106B400001432068C16024E0092821D2DFE800F079
:106B5000050912200E2020201100FCF71DF902E08B
:106B600016E0FCF72BF9010004D112E0FCF738F92C
:106B7000F9E71146606A37F81000B1FBF0F1606880
:106B800001EB5001B1FBF0F0A0F1100141450AD931
:106B900001250120A4F86A0024F8680F2846E66061
:106BA0002661BDE8F08180B299E7000000800040D6
:106BB000F369FFCFFFF4FF110038014000100240DD
:106BC0000044004000480040004C00400024F40015
:106BD00024B10008FFFC0F0070B58165A0F85C20AF
:106BE000A0F85E200023436781684FF48056FF249D
:106BF000B14204D10169F9B940F2FF1122E07F25C9
:106C0000C1B1B1F1805F1AD0A0F86030C0F8903007
:106C10002221C0F88C100168083151E8003F43F090
:106C2000010341E80034002CF5D1416EB1F1005F61
:106C30000ED031E0016941B9A0F86040E6E7016992
:106C400019B13F21A0F86010E0E7A0F86050DDE73F
:106C5000B0F8681091421FD88168B14201D1016932
:106C6000B9B11D494167016941B1026852E8001F8D
:106C700041F4807142E80013002BF6D1016808311D
:106C800051E8002F42F0805241E80023002BF5D15B
:106C900020E012494167F1E78168B14201D1016901
:106CA00069B10F494167016959B1026852E8001F93
:106CB00041F4907142E80013002BF6D10AE0094933
:106CC0004167026852E8001F41F0200142E80013CA
:106CD000002BF6D1002070BDC56700085D65000877
:106CE000FD66000895640008D0F88810212910D1AD
:106CF000B0F8561071B1016D02680988C1F308013E
:106D00009162016D891C0165B0F85610491EA0F80A
:106D100056107047026852E8001F21F0800142E8D7
:106D20000013002BF6D1026852E8001F41F0400129
:106D300042E80013002BF6D170470000D0F888100D
:106D400021291BD1B0F86A1016E000BFB0F8562018
:106D5000AAB10268D3691B060CD5036D1B88C3F367
:106D600008039362026D921C0265B0F85620521E11
:106D7000A0F85620491E89B20029E7D17047016862
:106D8000083151E8002F22F4000241E80023002BD3
:106D9000F5D1026852E8001F41F0400142E80013BB
:106DA000002BF6D17047D0F8881021290ED1B0F809
:106DB000561061B1016D026809789162016D491C3C
:106DC0000165B0F85610491EA0F8561070470168CA
:106DD00051E8002F22F0800241E80023002BF6D179
:106DE000026852E8001F41F0400142E80013002B06
:106DF000F6D17047D0F88810212919D1B0F86A105F
:106E000014E000BFB0F856209AB10268D3691B069F
:106E10000AD5036D1B789362026D521C0265B0F8AF
:106E20005620521EA0F85620491E89B20029E9D1E9
:106E300070470168083151E8002F22F4000241E850
:106E40000023002BF5D1026852E8001F41F04001F9
:106E500042E80013002BF6D170472DE9F047994620
:106E600017460D4604464FF00008089E33E0701C9C
:106E700031D0FBF709FCA0EB0900B04218D8BEB135
:106E800020680168490726D5802D24D0402D22D0C6
:106E9000C169C94309070DD4082505622046FFF7DB
:106EA000CFFAC4F8905084F884800120BDE8F087C0
:106EB0000320FBE7C069C04300050CD421684FF4F0
:106EC000006008622046FFF7BBFA2020C4F890005B
:106ED00084F88480ECE72068C06935EA000004D0BB
:106EE0000020B842C3D00020E0E70120F9E700000D
:106EF0000148FDF777B90000D803002070B51446AB
:106F00002DED028BB0EE408A0D46064602F044FF9E
:106F1000054B1E705D8083ED018A1C81BDEC028BE8
:106F2000BDE8704002F058BF486A002070B50C0000
:106F300005462FD002F030FF062D17D2DFE805F00E
:106F4000262203061A1E2178134802E012482178EF
:106F50001030017061784170616841602189018160
:106F6000A17A8172E17AC172217B0173BDE8704020
:106F700002F032BF084821782030EAE7064821783D
:106F80005030E6E7044821783030E2E702482178C3
:106F90004030DEE770BD0000546A0020FEE70000CC
:106FA0000FB41CB50246002007AC00290BD0491EC7
:106FB000CDE90021054B6A462146069800F0EAF823
:106FC000009A002111701CBC5DF814FBC378000806
:106FD0000907090E002804DB00F1E02080F8001406
:106FE000704700F00F0000F1E02080F8141D70479A
:106FF00002E008C8121F08C1002AFAD17047704782
:10700000002001E001C1121F002AFBD170470000DF
:107010002DE9FF5F82B00021DDE90430020DDDF8CB
:1070200040B0034318D044F61050A2F2FF3242435E
:107030001514119801281FD0A5EB0B00401C5FEA26
:10704000000A4FF000064E4FDFF83891B046504628
:1070500015D5CAF1000413E0119801244AA30128B0
:1070600001D16FEA0B010298119AC0E90031C0E921
:10707000024206B0BDE8F09FCBF10000DFE7044616
:107080000021404A491842EB0450CDE9001012E0BB
:10709000E00707D032463B4640464946F9F763FAD7
:1070A0008046894632463B4610461946F9F75BFA58
:1070B00006460F466410002CEAD1DDE90401DDE943
:1070C0000023BAF1000F06DAF9F74DFA42464B46B3
:1070D000F9F749FA05E0F9F7B8FA42464B46F9F7ED
:1070E000B4FA04460E460022284BF9F735FB03D8C4
:1070F0004FF0FF30014607E00022254B2046314685
:10710000F9F78AF9F9F710FB102409E0002C0ADBE3
:107110000A220023F9F7DCF8039B30321A55641E6B
:1071200050EA0102F2D1641C039AC4F11103144421
:10713000119A012A03D0012208430DD10AE0084325
:1071400004D000204FF0110B119072E7A3EB0B0558
:107150006D1E0DE05B4504DD4FF0000205F10105F9
:1071600004E003DA4FF00002A5F10105002AECD09B
:1071700002981199C0E90231C0E9004579E70000A1
:10718000000014400000F03F300000000000F04319
:107190000000E03F2DE9FF4F95B09B46894606462B
:1071A00000250FE2252877D100242746F84A01213F
:1071B000059400E0044316F8013F203B01FA03F078
:1071C0001042F7D130782A2811D06FF02F03307891
:1071D000A0F13002092A16D8059A44F0020402EB05
:1071E000820203EB42021044761C0590EFE759F847
:1071F000042B0592002A03DA504244F4005405900F
:1072000044F00204761C30782E2816D116F8010FAF
:1072100044F004042A280DD06FF02F023078A0F13A
:107220003003092B09D807EB870302EB4303C71888
:10723000761CF3E759F8047B761C30786C280FD065
:1072400006DC4C2817D068280DD06A2814D104E039
:10725000742810D07A280FD10DE044F400140AE00D
:1072600044F4801401E044F440147278824202D164
:1072700004F58014761C761C307866280BD013DC5D
:10728000582877D009DC002875D04528F6D0462844
:10729000F4D047281AD19DE118E0632835D064283E
:1072A00079D0652812D195E1702873D008DC672861
:1072B000F1D069286FD06E280DD06F2806D1B5E0C7
:1072C00073282CD0752875D0782874D05A46179911
:1072D00090476D1C75E1C4F30250022809D00328C1
:1072E0000DD0D9F8001004280DD00D6009F1040963
:1072F00067E1D9F80010EA17C1E90052F6E7D9F8BA
:1073000000100D80F2E70D70F0E719F8041B8DF8FE
:10731000001000208DF80100EA46012003E059F832
:1073200004AB4FF0FF3061074FF0000102D40DE0D5
:1073300008F101018846B9420FDA8045F8DB1AF8F6
:1073400008100029F4D108E008F1010188468142C3
:10735000FADB1AF808100029F6D105985B46A0EB75
:10736000080721463846179A00F094FA284400EBA3
:10737000080507E04DE029E10DE01AF8010B5A4637
:1073800017999047B8F10108F7D25B462146384675
:10739000179A13E142E00A220092C4F302524FF01E
:1073A000000A022A08D059F804CB032A4FEAEC71EC
:1073B0000AD00DE029E02AE009F1070121F00702D7
:1073C000F2E802C1914609E00FFA8CFC4FEAEC7139
:1073D000042A03D14FFA8CFC4FEAEC71002907DA3A
:1073E0000A460021DCF1000C61EB02012D2202E0D3
:1073F000220504D52B228DF80420012203E0E207A8
:1074000001D02022F7E7904659E00A2102E010223D
:107410000DE010214FF0000A00910BE010224FF018
:10742000000A44F004040827009203E008224FF009
:10743000000A0092C4F30252022A05D059F804CB84
:107440000021032A08D009E009F1070121F0070211
:10745000F2E802C1914605E01FFA8CFC042A01D132
:107460000CF0FF0C4FF00008220728D5702806D03A
:10747000009B83F0100353EA0A0305D00EE040227C
:107480008DF80420012208E05CEA010206D03022D7
:107490008DF804208DF8050002229046009B83F0B1
:1074A000080353EA0A030AD15CEA010201D1620728
:1074B00005D530228DF804204FF001087F1E582892
:1074C00004D034A003900EA802900DE036A0F9E796
:1074D00053466046009AF8F7FBFE84460398825CA8
:1074E0000298401E029002705CEA0100F0D10298FE
:1074F00006A9081A00F1200A600702D524F4803496
:1075000000E00127574502DDA7EB0A0000E000205C
:1075100000EB0A01009005984144401A0590E003F1
:1075200006D45B462146179A059800F0B3F9054446
:10753000002706E001A85A46C05D179990476D1CC8
:107540007F1C4745F6DBE0030CD55B462146179AC6
:10755000059800F09FF9054404E030205A46179939
:1075600090476D1C0099481E00900029F5DC08E04A
:10757000029802995A460078491C0291179990473F
:107580006D1CBAF10001AAF1010AF1DC65E100000D
:1075900009280100303132333435363738396162E9
:1075A00063646566000000003031323334353637AD
:1075B00038394142434445460000000000F058F984
:1075C0000544761C307800287FF4ECAD19B02846CD
:1075D000BDE8F08F620700D4062709F1070222F008
:1075E000070CFCE80223E14603F000485FEA080CC0
:1075F00002D00FF2702C0DE05FEA045C02D50FF2AE
:10760000682C07E05FEAC47C02D00FF2602C01E036
:10761000AFF2700C4FF0FF3823F00043CDF850C0AC
:1076200065280CD006DC452809D046281DD04728FF
:107630003DD13DE0662818D067287ED138E0002192
:10764000112F01DB112000E0781CCDE9000106A913
:107650000EA8FFF7DDFCDDE90F010E9A0391002172
:10766000009207F1010A04914DE04FF000400097AD
:10767000CDE9011006A90EA8FFF7CAFCDDE90F024B
:1076800003920E9B11990022DDF80CA00093049246
:1076900011B9791C00EB010AB7EB0A0004D4C0F160
:1076A000FF3007F1010A0490AAEB0700019044E0C3
:1076B000012F00DA01270021112F01DD112000E048
:1076C0003846CDE9000106A90EA8FFF7A1FCDDE9C7
:1076D0000F010E9A0391002104910092BA462107EE
:1076E0000CD40399514500DA8A46BAF1010F05DD41
:1076F000009AAAF10101515C302908D0B84202DA9F
:1077000010F1040F06DA0121CDE9011015E0AAF10C
:107710000101E9E7002805DC049901440491AAEB82
:10772000000102E0411C514500DD8A460499401ADF
:10773000401C01904FF000400290200704D40198B3
:10774000504501DBCDF8048000208DF84F000298F1
:107750000DF14F07B0F1004F25D02B200E9002986D
:107760004FF0020800280CDA404202902D200E90C3
:1077700007E00A210298F8F71AFE3031029007F864
:10778000011DB8F10001A8F10108F2DC02980028FF
:10779000EFD1791E0E980870307800F0200040F08C
:1077A000450007F8020D12A8C01B00F10708149845
:1077B000007800B1012000EB0A01019801EBE071B3
:1077C00005984144401A401E0590E00306D45B46EC
:1077D0002146179A059800F05DF805441498007842
:1077E00018B15A46179990476D1CE00324D55B46A3
:1077F0002146179A059800F04DF805441CE00498BE
:10780000002807DBDDE90301884203DD0098405CC6
:10781000179901E0179930205A469047049805F1CE
:107820000105401C04900198401E019004D12E20B7
:107830005A46179990476D1CBAF10001AAF1010A46
:10784000DDDC05E017F8010B5A46179990476D1CCF
:10785000B8F10001A8F10108F4DC5B462146179A53
:107860000598ABE62D0000002B0000002000000072
:107870002DE9F041044600251E461746880404D42D
:1078800005E039462020B0476D1C641EF9D5284616
:10789000BDE8F0812DE9F041044600251E469046E2
:1078A000C80301D5302700E02027880404D505E06F
:1078B00041463846B0476D1C641EF9D52846BDE8E0
:1078C000F0814A68002A06D00A68531C0B601070C9
:1078D0004868401E486070470348DFED040A90ED99
:1078E000000A20EE200A7047D400002035FA8E3CB2
:1078F00002480078002800D001207047CD00002009
:107900007CB5264C0646DFED260AB4F882002549F0
:1079100000EE100AB8EE401A81EE200A10EE100AAE
:10792000B0F17E5F02DAB7EE000A05E010EE100A51
:10793000884201DDB3EE040AB6EE001A1A4D00EEDD
:10794000201A022E85ED2C0AFCEEC10A10EE900AD8
:10795000A4F8820013D310EE101A0A0EC1F30740E8
:10796000CDE90002C1F30723CAB22888152102F02D
:1079700045FC032E03D32888152102F035F9002099
:10798000A4F8840009480078002806D0A08C0028BC
:1079900003D0BDE87C4000F0FBB97CBDDC6C00206E
:1079A00000007A440000A0418C610020B46A0020ED
:1079B00070B501462DED048B86B018226846F8F7A5
:1079C000B8FC9FED569AB0EE498A00F0F5F848B140
:1079D00001F08AF8524C0126F0EE408A207B002507
:1079E00030B119E000F046FB06B0BDEC048B70BD71
:1079F0004C48808C00B3DDED020AB0EE680A00F05E
:107A000053F938B12673C4ED108A208B40F400700E
:107A1000208301E0207B78B1DDED020A94ED100AAD
:107A20009FED411A30EE411AB4EEE01AF1EE10FA71
:107A300003DD257300F09EF909E08DED020A8DED5E
:107A4000019A8DED059A208B40F4807020839DED86
:107A5000020A70EE688AB0EE680A00F04BFF10EE82
:107A6000100A324988423EDDDDED010A9FED308A81
:107A7000F5EEC00AF1EE10FA06DDF4EEC80AF1EEFA
:107A800010FA01D2B0EE608AE07978B118EE100AEF
:107A900029499FED280A884201DDB0EE408A8DED2C
:107AA000059A208B40F400602083E57102F07AF89B
:107AB00020EE088A02F076F8F2EE000A20EE200AA4
:107AC00060EE288AB1EE480AF4EEC08AF1EE10FAB0
:107AD00002D2B0EE408A06E0F4EEC88AF1EE10FA67
:107AE00001DCB0EE688A154890ED080A84ED0E0AB4
:107AF00084ED0F0AE572218B41F02001218380ED96
:107B0000100A80ED118A9FED0E0A80ED149A80ED27
:107B1000150A9DED050A80ED120A65E700000000D8
:107B20000C010020DC6C002035FA0E3C35FA0E3CCE
:107B3000DB0F493FC2B8B23DC2B8B23D8C610020F4
:107B40009A99993E7CB5194800252B4690F83C201F
:107B50000095019500880A2102F050FB144EB08C6C
:107B6000002821D0FDF74EF9124C30B1B584206ABF
:107B7000BDE87C400D4900F020BC00F01DF828B99C
:107B800000F078FA208B40F4806020830749206A57
:107B900000F013FC0549206A00F030FCFAF774FD90
:107BA000BDE87C4000F05CBA7CBD00008C61002028
:107BB000DC6C00200C01002010B50D4C207A80B147
:107BC0000C48007868B100F08FFF10EE100A0A49E7
:107BD000884209D810EE100A0849884204DC0120C6
:107BE00003E00020A07110BD0020A07110BD0000B6
:107BF0000C010020CD000020DB0F49BF35FA0E3EFE
:107C000070B5064623482DED028B007800283ED043
:107C1000FFF762FE204C012584ED0C0A2572A07846
:107C200090B101F0BFFF1D48F0EE400AB0EE608A4F
:107C3000D0ED088A00F058FFC8EE880A30EE600ADE
:107C400084ED0B0AE570257101F0ACFFA078F0EE31
:107C5000400A10B194ED0B1A01E09FED111A304665
:107C600094ED0C0AFDF700F8064694ED0C0A01F0BD
:107C70008BF90EB90B480586A078002807D094ED43
:107C80000B0ABDEC028BBDE8704001F035B9BDECCC
:107C9000028B70BDCD0000200C0100208C61002003
:107CA00000000000DC6C002070B52DED028B9EB052
:107CB000F0EE608AB0EE408A10A8F9F709FC684639
:107CC000F9F7FCFB9FED270A002538EE000AB4EE19
:107CD000E80AF1EE10FA0DD201269DED1A0A00F025
:107CE00009FE10EE100A2049204C8842A07B08DDD6
:107CF00018B104E000F03EF832E084ED118AA6737A
:107D000000E070B194ED110A38EE400A00F0F2FD87
:107D100010EE100A1649884203DB9DF8700000B18E
:107D2000E6739DED050AB5EEC00AF1EE10FA08D92A
:107D3000E07B30B1DDED190AF4EEC00AF1EE10FA85
:107D400001D265730CE0607BFF2801D2401C607398
:107D5000C0B2032804D301201EB0BDEC028B70BD5D
:107D60000020F9E735FA0E3C9A99993E0C01002063
:107D70005077D63C044800219FED040A417381737B
:107D8000C17380ED110A70470C0100200000000053
:107D900070B520202DED068B86B000F09BFE08EE1E
:107DA000900A222000F096FE6B4E08EE100AB6F8FC
:107DB000480000EE100AF8EE400A9FED680AB6F897
:107DC0004A0080EE80AA00EE900A2620F8EE600AB3
:107DD000C0EE809A00F07EFE00EE100AF8EEC00AB7
:107DE0009FED5F0A308D80EE809A410702D5B8EE94
:107DF000C88A03E0F8EEC80A80EE808A010702D53F
:107E0000F8EEE88A03E0F8EEE80AC0EE808AC107DF
:107E10009FED540A01D028EE008A800701D568EE54
:107E2000808A514C0020514D2083607A08B928780F
:107E300010B1012028702083A07818B1208B40F069
:107E400002002083E07818B1208B40F040002083AE
:107E5000207918B1208B40F080002083B08C18B1BD
:107E6000208B40F004002083FCF7CCFF18B1208B5E
:107E700040F008002083FCF7BBFF18B1208B40F0D6
:107E800010002083FFF798FE18B9208B40F4806023
:107E90002083E07918B1208B40F400602083C5ED89
:107EA000018A85ED028A85ED03AAC5ED049A85ED68
:107EB000059A2878C0B1B08C002848D0FFF77CFE26
:107EC0000028B08C0ED0002841D0FCF79BFF002882
:107ED0003DD1FCF78DFF70B12548007898B100F0D6
:107EE00003FE15E0002832D006B0BDEC068BBDE8DD
:107EF000704000F0BFB806B01C48BDEC068BBDE872
:107F00007040FFF755BD1B4890ED080A00F0A6FE33
:107F10009FED191AD5ED020A30EE410AF4EEC00ABF
:107F2000F1EE10FA13D2182210496846F8F701FA58
:107F3000134901989FED110A884201DD8DED010A78
:107F40009FED100A68468DED050AFFF731FD06B07A
:107F5000BDEC068B70BD0000DC6C00200000C84248
:107F600000007A4435FA8E3C0C010020B46A0020EF
:107F7000CD0000208C61002035FA0E3C920A063FAD
:107F8000920A063F0000000070B5304C2DED028BC8
:107F90009FED2D8A206AF0EE488A002851D02C49A6
:107FA0000022098801F036FE2A480125007838B100
:107FB00000F09AFDF0EE408AC4ED0B8AE57003E014
:107FC00084ED0B8A0020E070A570257101F0EAFDB8
:107FD000F0EE400A012094ED0B1A94ED0C0AFCF728
:107FE00043FE94ED0C0A00F0CFFF94ED0B0A00F075
:107FF00083FF1949888C002823D0A1F50A700570E9
:10800000C0ED028A80ED018A31F8482F00EE102A77
:10801000F8EE400A9FED110A80EE801A80ED031AF7
:10802000498800EE901AF8EE600A80EE801A80ED22
:10803000041A80ED058ABDEC028BBDE87040FFF7A5
:10804000B7BCBDEC028B70BD000000000C0100202D
:108050008C610020CD000020DC6C00200000C842B4
:10806000034900F5967088640020C86470470000DA
:108070000C01002007489FED060A80ED110A80EDF3
:10808000140A80ED150A80ED120A80ED130A70477C
:10809000000000008C61002070B52DED028B84B0D3
:1080A00000F0B6FBFFF718FC9FED468A40F2151072
:1080B00020EE080ABDEEC00A10EE101A01F0B6FB61
:1080C000FFF716FC00B101203F4D404EA5F82E02EF
:1080D00096ED080A00F01EFC01464FF48C7001F08A
:1080E000A5FB3B4C94ED0F0A00F014FC01464FF445
:1080F0008D7001F09BFB94ED0E0A00F00BFC014625
:108100004FF48E7001F092FB96ED2C0A314910EE7F
:10811000100AB0F17E5F02DAB2EE090A03E010EE57
:10812000100A884203DDDFED2C0A30EE600A20EEF3
:10813000080ABCEEC00A10EE100AA5F83C02E07A6C
:10814000A5F83E02208B20F440602083FFF734FD29
:1081500018B9208B40F480602083E07918B1208B1F
:1081600040F400602083208BA5F840025FF00004FB
:1081700004EB840000F5987086B2E0B26946FCF723
:108180004DFE9DF8000000B101209DF8011001B1E5
:108190000221084325F81600701C80B2019901F0F5
:1081A00047FB05EB4600BDF80810C180641C9DF834
:1081B0000A10A4B20181062CDAD304B0BDEC028B04
:1081C00070BD000000007A44DC6C00208C6100204F
:1081D0000C010020CDCC4C3ECDCC4C3E10B500F077
:1081E0000FF80548F9F77BFFBDE810404FF47062C7
:1081F00002490148F9F7F3BB6801002081026E00D3
:1082000010B588B0002002AA02210124019082E862
:1082100013000590069001A90548F9F775FC0222A4
:108220000123114602480094F9F79CFC08B010BDE8
:10823000680100201CB51144FF228DF800208DF844
:1082400001208DF804208DF802208DF805208DF88E
:1082500003208DF80620FB228DF8072089B2082321
:108260006A4600F0ABFB1CBD70B504464FF6FF70CC
:1082700000224AF201050EE0A35C58400023C60725
:1082800002D085EA500000E040085B1CDBB2082BFE
:10829000F5D3521C92B28A42EED370BD70B54FF046
:1082A000FF320023094E0DE0C45C62405FF0000421
:1082B00002F001056D423540641C85EA5202082C2B
:1082C000F6D35B1C8B42EFD3D04370BD2083B8ED57
:1082D0001CB51144FF228DF800208DF801208DF887
:1082E00004208DF802208DF805208DF803208DF8EC
:1082F0000620FD228DF8072089B208236A4600F087
:108300005DFB1CBD91F83C20012A0BD0022A0CD049
:10831000032A0ED0042A10D109884FF4407200BFFE
:10832000FFF788BF09880022FAE709884FF48072B6
:10833000F6E709884FF40072F2E770479FED070AED
:1083400080ED150A80ED140A80ED100A80ED110A07
:1083500080ED120A80ED130A704700000000000053
:1083600091F83C20012A0ED0022A19D0032A1ED0EF
:10837000042A21D191ED131AD1ED110A91ED100AC1
:10838000098801F01FBA91ED122AD1ED151A91ED6D
:10839000141AD1ED110A91ED100A0A8800F0FEBB03
:1083A000D1ED110A91ED100A098800F01DBE91ED82
:1083B000110A098801F048BC704710B50C4691F8C5
:1083C0003C200988012A08D0022A08D0032A0FD0AD
:1083D000042A10D0012284F83C20002201E04FF44E
:1083E0008072FFF775FF2046BDE81040FFF7A6BF7B
:1083F0004FF40072F5E74FF44072F2E791F83C2039
:108400000B88012A08D0022A08D0032A09D0042A9E
:108410000AD0012281F83C20002207E04FF480724C
:1084200004E04FF4007201E04FF44072194600F08E
:10843000BFB810B5024608780B4600F00F00506038
:10844000087800099060B1F8010040BAD060C9789E
:108450001C79090141EA141111611C79597904F060
:108460000F0441EA04215161D2ED2C0A1021B1EE32
:10847000600A01F021FC82ED080AD2ED2D0A0C21E0
:108480001069B1EE600A01F017FC82ED090AD2ED25
:108490002E0A0C215069B1EE600A01F00DFC82ED4C
:1084A0000A0A987900EE100AB8EE400A82ED0D0A29
:1084B000D87900EE100AB8EE400A82ED0E0A10BD1F
:1084C00010B54FF488711348F7F74CFF114801219C
:1084D00000220180428080F858109FED0F0A80F83A
:1084E0003C1080ED110A80ED100A80ED120A80ED3B
:1084F000130A80ED140A80ED150AB3EE040A80ED2C
:108500002C0AB3EE0E0A80ED2D0AB2EE040A80EDBD
:108510002E0A10BD8C610020000000002248B0EE41
:10852000402AF2EE041A90ED0C0AF5EEC00A60EE55
:10853000211AF1EE10FA01D8F0EE410AB5EEC01A98
:10854000F1EE10FA01D8B0EE601AF4EEC01AF1EEB6
:1085500010FA02D8B0EE410A704732EE402A71EEAE
:10856000C01A82EE210AB5EEC00AF1EE10FA02D26C
:108570009FED0E0A06E010EE100AB0F17E5F01DDFD
:10858000B7EE000AF0EE002AF0EE081A20EE002AFC
:1085900040EE621A31EE601AB0EE600A62EE211A05
:1085A00001EE210A70470000DC700020000000008E
:1085B0001CB51144FF228DF800208DF801208DF8A4
:1085C00004208DF802208DF805208DF803208DF809
:1085D0000620FC228DF8072089B208236A4600F0A5
:1085E000EDF91CBD10B52DED028B90B06846F8F783
:1085F00065FF9DED040A9FED478A474C20EE080A6F
:10860000BCEEC00A10EE100AA4F86C009DED010A41
:1086100020EE080ABCEEC00A10EE100AA4F86E00A4
:108620009DED000A20EE080ABCEEC00A10EE100A0A
:10863000A4F870009DED020A20EE080ABCEEC00A04
:1086400010EE100AA4F872009DED070ADFED330A60
:1086500020EE200ABCEEC00A10EE100AA4F8740046
:108660009DED080A20EE080ABCEEC00A10EE100AC2
:10867000A4F876009DED090A20EE080ABCEEC00AB7
:1086800010EE100AA4F878009DED0A0A20EE080A00
:10869000BCEEC00A10EE100AA4F87A009DED0B0A99
:1086A00020EE080ABCEEC00A10EE100AA4F87C0006
:1086B0009DED0C0A20EE080ABCEEC00A10EE100A6E
:1086C000A4F87E009DF93C00002802DA4FF6FF7006
:1086D00000E0012024F8800F9DED0D0A00F01AF94A
:1086E0000146432001F0A2F89DED0E0A00F012F9B8
:1086F0000146452001F09AF89DED050A20EE080A92
:10870000BCEEC00A10EE100AE08110B0BDEC028B86
:1087100010BD000000007A44DC6C00200024744985
:1087200010B52DED028B90B06846F8F7C7FE354CBA
:1087300034F86C0F01F0B4FA8DED040A608801F092
:10874000AFFA8DED010AA08801F0AAFA8DED000ABA
:10875000E08801F0A5FA8DED020A2089DFED2A0AF2
:1087600000EE100AB8EE400A80EE201A8DED071ACE
:10877000608901F095FA8DED080AA08901F090FA60
:108780008DED090AE08901F08BFA8DED0A0A208A45
:1087900001F086FA8DED0B0A608A01F081FA8DED09
:1087A0000C0AA08A6C3CA0F57F41FF3927D001203C
:1087B0008DF83C00432000F08DF900EE100A9FED8B
:1087C000138A4520B8EEC00AC0EE080ACDED0D0AA6
:1087D00000F080F900EE100AB8EEC00AC0EE080AF8
:1087E000CDED0E0AB4F88E0001F05AFA8DED050AAF
:1087F0006846F8F7DFFE10B0BDEC028B10BD4FF0FD
:10880000FF30D5E7DC6C00200024744900007A4476
:1088100000B58DB06846F8F75BFE9DED000A00F0EC
:1088200079F801464FF4857001F000F89DED010ADA
:1088300000F070F801464FF4867000F0F7FF9DEDF0
:10884000050A00F067F801464FF4877000F0EEFF6C
:108850009DED090A00F05EF801464FF4887000F0C3
:10886000E5FF23499DF83000A1F824029DED040A9C
:1088700000F050F8014640F2131000F0D7FF9DEDD4
:10888000030A00F047F8014640F2211000F0CEFF45
:108890009DED060A00F03EF8014640F2231000F07C
:1088A000C5FF9DED070A00F035F8014640F225109E
:1088B00000F0BCFF9DED080A00F02CF8014640F2E4
:1088C000271000F0B3FF9DED0A0A00F023F80146DF
:1088D00040F2291000F0AAFF9DED0B0A00F01AF8F3
:1088E000014640F22B1000F0A1FF0DB000BD0000CA
:1088F000DC6C0020B5EEC00AF1EE10FA01D2B1EE48
:10890000400A7047B5EEC00AF1EE10FA01D2B1EE9E
:10891000400A7047DFED040A20EE200ABDEEC00ACF
:1089200010EE100A7047000000007A4410B58EB0B7
:108930000024019401AA69460A48029400F016F83E
:10894000BDF80000A0F5E061FF3901A906D0CDE92E
:10895000030403A8F8F7AEF80EB010BD024801F00A
:1089600019F8F9E7680100208C61002010B58AB081
:108970000C4613466A464021F9F718F958B9009891
:1089800020800398092806D2DFE800F005080A0CC9
:108990000E101214160000200AB010BD0120FBE7D3
:1089A0000220F9E70320F7E70420F5E70520F3E7C5
:1089B0000620F1E70720EFE70820EDE700B589B0D2
:1089C000009100210191029173B1012B0CD0022B77
:1089D0000AD0032B08D0042B06D0052B04D0062B7D
:1089E00002D0072B00D00823CDE903310591069171
:1089F000079108916946F9F762F8002800D0012034
:108A000009B000BDB4EEE00AF1EE10FA01D2B0EE0A
:108A1000600AB4EEC10AF1EE10FA01DDB0EE410ACF
:108A2000012131EE601A814070EE600A491E00EEAD
:108A3000101AB8EEC00A20EE800AC0EE010ABDEEA0
:108A4000E00A10EE100A704710B52DED028BB0EE63
:108A5000408AFFF757FF1E4CB7EE081A4FF0FF325F
:108A6000D4ED0C0A04F1400160EE810AF4EEC00A74
:108A7000F1EE10FA18D2B5EEC08AF1EE10FA01DD6F
:108A8000012000E0104681F83200002815DD94ED49
:108A9000081AD4ED0A0AFFF741FDD4ED070A00EEEB
:108AA000880ABDEC028B10BD91F932000028ECD190
:108AB00094F93C000028E5DBE2E794ED091AD4EDD7
:108AC0000B0AFFF72BFDD4ED070A10EE880AE8E742
:108AD000DC700020034901EB400000684FEA3040A1
:108AE00070470000DC6C002010B5FEF7F5FE0C4866
:108AF0000D49D0ED0C0A30EE600ADFED0A0A01E004
:108B000030EE600A10EE100A8842F9DC074900BF17
:108B100010EE100A884202D930EE200AF8E710BDA4
:108B20000C010020DB0FC940DB0F4940DB0F49C0BF
:108B300088B101280FD0A0F5807105290BD90A3919
:108B4000222908D926391E2905D32A31032902D919
:108B50001838072801D80120704700207047F9F71E
:108B6000A1FDFDF740F9FBF78DFEFBF71FFEFBF7BC
:108B70009FFFFBF769FFFBF7EFFEFBF715FFFBF726
:108B80003BFFFBF7C9FFFFF729FBFFF799FC00F05C
:108B90008DF8FBF733FE00F09BF8FEE72DE9FC4172
:108BA000F0EE412A91ED2C1AB0EE603A06460B46E3
:108BB0001546F1EE410A1020FFF724FF93ED2D1A20
:108BC00007460C20F1EE410AB0EE430AFFF71AFF08
:108BD00093ED2E1A02460C20F1EE410AB0EE420A45
:108BE000FFF710FF9FED1C2A04460C209FED191A79
:108BF000F0EE420AB0EE620AFFF704FF03460C20D3
:108C0000B1EE041AF0EE420AB0EE610AFFF7FAFE86
:108C1000390A8DF800108DF8017011098DF80210D5
:108C2000110141EA13218DF803108DF80430010978
:108C30008DF80510010141EA14208DF806008DF829
:108C4000074008236A4629463046FFF7B7FEBDE8CD
:108C5000FC8100000000FA430000000010B52DED7B
:108C6000028BB0EE408A00F09DFFC8EE000A044877
:108C700090ED0B0ABDEC028B30EE800A10BD0000B7
:108C80000C010020002802DA4FF0FF30704701206D
:108C9000704710B5EFF3058111B16FF0050403E0E3
:108CA000002408B101F07CF9204610BDEFF30580E7
:108CB00010B16FF0050070470448016811B14FF022
:108CC000FF30704701210160002070479C000020A8
:108CD00010B5EFF3058010B16FF0050010BD084826
:108CE0000168012902D04FF0FF3010BD054A002174
:108CF00082F8141D0221016001F002FA002010BD6B
:108D00009C0000200BE000E0F8B50D460024211F78
:108D10004E1C002804D000BFEFF30582A2B10DB1B4
:108D20000C461BE000216A46009101F0F1FD01288C
:108D300013D1009890B10A494FF080500860BFF3FA
:108D40004F8FBFF36F8F09E0294601F02FFE0128F6
:108D500004D015B16FF0010400E034462046F8BDA0
:108D600004ED00E0F8B5144603460E464FF000054A
:108D7000EFF3058098BB93B39E423DD84CB1A068F9
:108D80000028E06803D0502836D3012002E008B163
:108D900032E00020012B05D010B31846A26801F084
:108DA00004FB20E040B10320009000221146012086
:108DB000A36801F03BFB04E003220021012001F045
:108DC00014FB050018D086B100231A46194601F09D
:108DD000A5FB012809D0284601F094F800250BE0F6
:108DE000184601F0C5FA050006D00CB1216800E074
:108DF0000021284601F072F82846F8BD38B5002455
:108E0000E51E00280BD000BFEFF30581A9B10021BA
:108E10000091694601F091FC012815D102E06FF044
:108E2000030412E0009880B109494FF080500860B7
:108E3000BFF34F8FBFF36F8F07E000231A46194629
:108E400001F06CFB012800D02C46204638BD000004
:108E500004ED00E02DE9FF414FEA01034FF000056A
:108E6000EFF30581039549BB40B380271821002407
:108E70004AB3166806B1344696691EB13146761E6D
:108E8000382E02D21679F60703D0002004B0BDE8D0
:108E9000F081566906B1B708D2F808C0BCF1000FDE
:108EA0000DD0D5685C2D18D312693AB136B18DE872
:108EB00006103A46214601F09CFE03900DE0D6686C
:108EC0005EB912694AB903AACDE90012BAB22146C5
:108ED00001F062FE012800D003950398D6E7002830
:108EE00009D080EA102080EA101080EA900080EA21
:108EF000500000F001007047DFED050A1E2020EE53
:108F0000200ABDEEC00A10EE101A00F08FBC00005F
:108F100000007A4470B5194CDFED190A94ED0C0A83
:108F200094ED0D1A20EE200ABDEEC00A10EE101AC4
:108F3000B6EE000A01EE200ABCEEC00A10EE100ADE
:108F400086B2207A00B101200E4D2886192000F04B
:108F50006DFCEE864FF6FF7028870020E082688760
:108F6000A07828B194ED0B0ABDE87040FFF7C4BFAC
:108F7000BDE8704000211E2000F058BC0C0100200C
:108F800000007A44DC6C002070B506462DED028BA3
:108F90009FED128A20EE080ABDEEC00A10EE105AAC
:108FA00000F000FEF6EE000A0D4C40EE080A2946DD
:108FB00026871920BCEEE00A10EE102AE28600F0A7
:108FC00035FC002E06D10749C88A401CC88260873C
:108FD00001202086BDEC028B70BD000000007A44A9
:108FE000DC6C00200C0100201CB510EE103A10EED5
:108FF000902A8DF800301C0A8DF801401C0C8DF869
:1090000002401B0E8DF803308DF80420130A8DF8F2
:109010000530130C8DF80630120E01F580718DF8B5
:10902000072089B208236A46FFF7C8FC1CBD000070
:109030002DE9F041134C0F460546E6682068001DF7
:1090400000F04EFE681C07D137B12168BDE8F04141
:109050000D48091D00F094BE20683544B5424560B6
:10906000216805D2A06BBDE8F041091D00F070BE7B
:10907000606B091D00F06CFEA06A854200D2A562FB
:10908000BDE8F0814C000020A80900202DE9F04146
:10909000054600F081FE2D4CA068401CA0602068B1
:1090A0002B4F10B1606930B32BE02560A068012818
:1090B00027D1002606EB860007EB800000F03AFE81
:1090C000761C382EF6D3234800F034FE21481430A5
:1090D00000F030FE1F48283000F02CFE1D483C30C8
:1090E00000F028FE1B48503000F024FE1948606351
:1090F0001430A06305E02068E96AC06A884200D89D
:109100002560606A401C60626864E86A2169884280
:1091100000D9206100EB800007EB8000291D00F0E2
:109120002FFE00F059FE606900280CD02068E96A23
:10913000C06A884207D208494FF080500860BFF3E8
:109140004F8FBFF36F8FBDE8F08100004C0000200F
:10915000F80400205809002004ED00E038B500F0C4
:109160001BFE104C2068C8B90F4800F0E3FD0E4804
:10917000143000F0DFFD0C48E060143020610A4B31
:109180000020F03B009003F1500210210A2001F072
:109190004DF9206010B105A100F0A0FEBDE83840F7
:1091A00000F01ABE88000020AC0A0020546D7251F5
:1091B0000000000030B4026C0B46002A0BD0C168DE
:1091C0001144C1608468A14201D30168C16030BC10
:1091D0001846F7F7AEB830BC70472DE9F041856B03
:1091E000174604460026026C82B1C7B1E068F7F763
:1091F000A0F8E168206C091AE1602268914202D26D
:10920000A168081AE060022F16D017E02068A8B9FC
:10921000A06801F091FD06460020A0600EE06068A5
:10922000F7F787F8216C606808446060A16888429D
:1092300004D32068606001E005B16D1E6D1CA5635C
:109240003046BDE8F08110B5044690F8590058B199
:1092500001280CD002280FD0502080F31188BFF3D2
:109260004F8FBFF36F8FFEE7206B00F0C9FD2046E4
:10927000BDE8104000F0C4BD10BD000010484FF420
:10928000A041420706D0C01D0D4920F00700411A39
:10929000C1F5A0410B4A00230144C2E9000308398B
:1092A000183A21F0070111604B600B600B1AC0E9FE
:1092B000001393604FF0004053605061704700000E
:1092C0008C110020B8000020144E154CA6F29C47CB
:1092D0004FF08058DFF84C9012E000BF00F05CFDCA
:1092E000F068C568281D00F0FBFCA068401EA06067
:1092F0006068401E606000F06FFD2846FFF7A3FF26
:1093000060680028EAD138680128F9D9C9F80080D6
:10931000BFF34F8FBFF36F8FF2E700009409002077
:109320004C00002004ED00E070B51D46049C51B1D6
:10933000C4F80020C4E90F010121204601F0AAF879
:1093400084F84C5070BD2460F4E700002DE9F05F14
:109350008846DDE90B941546834691009A460A9E9D
:10936000A522206BF6F7F7FF6FF00301206B01EBEE
:109370008501084420F00707780707D0502080F3C4
:109380001188BFF34F8FBFF36F8FFEE70025B8F151
:10939000000F0FD05FF00000221818F8001082F8BC
:1093A000341018F8001011B1401C1028F4D384F8C0
:1093B000435001E084F83450382E00D33726E6625B
:1093C000C4E91365201D00F0C0FC04F1180000F092
:1093D000BCFC2461C6F138006462A061656584F854
:1093E000585052465946384600F0A6FA2060B9F166
:1093F000000F01D0C9F80040BDE8F09F30B5114919
:1094000000E011460A688242FBD34B685C18844234
:1094100003D1406818444860084643681C189442C9
:1094200009D1084C183C2468A24209D052681A4459
:1094300042600A6812680260814200D0086030BD54
:109440000460F9E7B800002070B5002441600B4DBE
:109450000061914206D8D11A8269914206D2011D5B
:10946000286907E09A4203D2994201D3012403E01C
:10947000011DE86800F06CFC204670BD88000020EB
:1094800010B5044600F088FCA06B28B15FF0000422
:1094900000F0A2FC204610BD0124F9E730B589B0E8
:1094A0003C4D6EE00498002806DADDE90601059AD5
:1094B00090470498002864DB069C606910B1201D69
:1094C00000F00EFC03A800F0D7F8024604980A2822
:1094D00057D2DFE800F00505052D334A05052D3389
:1094E00094F8280040F0010084F828000599A0694C
:1094F000059B01442046FFF7A7FF68B3216A204679
:10950000884794F8280040073BD500200090059834
:10951000A169002342181946204601F053FDD8B92D
:10952000502080F31188BFF34F8FBFF36F8FFEE79A
:1095300014F8280F20F00100207022E094F8280091
:1095400040F0010084F828000598A06128B1811836
:1095500013462046FFF778FF13E0502080F3118870
:10956000BFF34F8FBFF36F8FFEE794F8280081079A
:1095700003D4204600F044FC03E020F0010084F80E
:109580002800002204A9286801F026F9002889D1C2
:1095900009B030BD880000202DE9FC410F4605468A
:1095A00000F0F2FD01A800F067F80446019818B138
:1095B00001F076FCBDE8FC81254EAFB13069006852
:1095C000D0B30027291B3A46306800F0C7FC01F0F1
:1095D00067FC0028EED11F494FF080500860BFF3B0
:1095E0004F8FBFF36F8FE5E7A542EBD801F058FC32
:1095F000F0682746C068C468201D00F071FB94F82D
:109600002800410719D5A0692B4641193A46204642
:10961000FFF71AFFA8B100200346014600902A4632
:10962000204601F0CFFC60B9502080F31188BFF3D1
:109630004F8FBFF36F8FFEE707E020F0010084F843
:109640002800216A20468847B4E70127BAE70000CE
:109650008800002004ED00E00648416B096829B14C
:10966000416BC968C9684968816270474FF0FF3132
:10967000FAE700004C00002070B5054601F0F2FA50
:10968000064E0446B068844203D200F009F8012077
:1096900000E0002028602046B46070BD88000020F3
:1096A000F8B5194D20E0C068C4680668201D00F0B8
:1096B00017FB216A2046884794F82800400713D5F5
:1096C000A0693044B04206D924616060211DE86879
:1096D00000F03EFB08E000200346014600903246C1
:1096E000204601F06FFC38B1E86801680029DAD142
:1096F0002969C5E90310F8BD502080F31188BFF334
:109700004F8FBFF36F8FFEE7880000200848406846
:10971000401C4FF0500080F3118804D0BFF34F8FEE
:10972000BFF36F8FFEE7BFF34F8FBFF36F8FFEE77F
:10973000C0000020074CE068016841B1C06800210A
:10974000D0F80000FFF728FFFFF7A8FEF3E701219C
:109750000020F7E7880000202DE9F041044600F0E2
:109760001BFB94F9455004F1240609E0606A48B1F6
:10977000304601F05DFB08B100F040FC6D1E6DB29B
:10978000002DF3DC4FF0FF3684F8456000F024FB39
:1097900000F002FB94F9445004F1100709E020693D
:1097A00048B1384601F044FB08B100F027FC6D1EBB
:1097B0006DB2002DF3DC84F84460BDE8F04100F0A8
:1097C0000BBB00007CB510EE102A9FED160A8DF839
:1097D0000020150A20EE800A8DF80150150C8DF836
:1097E0000250BCEEC00A120E8DF8032010EE103AA3
:1097F0009FED0D0A8DF804301A0A21EE000A8DF84B
:10980000052001F5407189B2BCEEC00A082310EEB4
:10981000104A8DF80640220A8DF807206A46FFF7A5
:10982000CDF87CBD0000C84200401C46AFF300806C
:10983000034A0B0C22F8103002EB400041807047C5
:10984000DC6C00202DE9F0410546002700F09CFC6F
:10985000324E306808B9FFF711FD706905424ED1EC
:10986000C5B3083568070ED005F00700C0F1080041
:109870000544680707D0502080F31188BFF34F8F4D
:10988000BFF36F8FFEE72DB37068854237D823484A
:10989000183001460C6801E020460C466168A94278
:1098A00002D221680029F7D131688C4227D007689D
:1098B0002168016060680837411B10290FD96019C1
:1098C000420708D0502080F31188BFF34F8FBFF3B9
:1098D0006F8FFEE713E041606560FFF78FFD616801
:1098E0007068401A7060B268904200D2B0607069CF
:1098F00001430020C4E90001F068401CF06001F061
:10990000CFFA780707D0502080F31188BFF34F8F2C
:10991000BFF36F8FFEE73846BDE8F081A00000205E
:109920000449086818B10868026D521C026508688D
:10993000704700004C00002010B5031F4FF08074EA
:109940001C601B1F21F001011960191F044B0B60E3
:1099500014390A60091F6FF0020244380A6010BD12
:109960000D97000810B5044600680849884202D0E7
:109970000749884208D110212046FEF78FFC216953
:10998000814201D1012010BD002010BD4F525A501C
:1099900031425A5010B590F85830002B6FD08B7868
:1099A000332B6CD10C79CB7864F307024C79522BB2
:1099B00064F30F228C79C97964F3174261F31F6253
:1099C0005DD2DFE803F0292C2F3235383B3E41448D
:1099D000484C5054585D6165696D7175797D81851C
:1099E000898D9195999DA1A5A9ADB1D6D6D6D6D68A
:1099F000D6D6D6D6D6D6D6D6B5B9BDC1C5C9D6D691
:109A0000D6D6D6D6D6D6D6D6D6D6D6D6D6D6D6D6F6
:109A1000D6D6D6D6D6D6CDD10221C265A7E00321AF
:109A20000266A4E004214266A1E0052182669EE070
:109A30000621C2669BE00721026798E00821426781
:109A400095E00921826792E00A21C2678FE00B212D
:109A5000C0F880208BE00C21C0F8842087E00D2125
:109A6000C0F8882083E00E21C0F88C207FE00F2111
:109A7000C0F890207BE01021C0F8942077E078E0D7
:109A80001121C0F8982072E01221C0F89C206EE0ED
:109A90001321C0F8A0206AE01421C0F8A42066E0D9
:109AA0001521C0F8A82062E01621C0F8AC205EE0C5
:109AB0001721C0F8B0205AE01821C0F8B42056E0B1
:109AC0001921C0F8B82052E01A21C0F8BC204EE09D
:109AD0001B21C0F8C0204AE01C21C0F8C42046E089
:109AE0001D21C0F8C82042E01E21C0F8CC203EE075
:109AF0001F21C0F8D0203AE02021C0F8D42036E061
:109B00002121C0F8D82032E02221C0F8DC202EE04C
:109B10002321C0F8E0202AE02421C0F8E42026E038
:109B20002521C0F8E82022E02621C0F8EC201EE024
:109B30002721C0F8F0201AE02821C0F8F42016E010
:109B40002921C0F8F82012E02A21C0F8FC200EE0FC
:109B50002B21C0F800210AE02C21C0F8042106E0E6
:109B60002D21C0F8082102E00021C0F80C2180F866
:109B7000581010BD70B5094C012540F080002570CB
:109B80006070A17003212046FEF76EFBE070000AB2
:109B90002071034805218182057070BDD86B0020BB
:109BA0000C01002010B5084C94ED0A0AFEF7A2FE45
:109BB00010EE100A0549884202DAB7EE000A10BD1D
:109BC00094ED0A0A10BD00000C010020BD37863557
:109BD00004480449006EB1F864104FEA3040FBF7C6
:109BE00017B90000DC6C002008B508A2C0F3022100
:109BF000126800928DF800008DF8011004236A4667
:109C000040F2FF710248FEF7D9FE08BD0000AA012C
:109C1000680100201CB51144FF228DF800208DF84A
:109C200001208DF804208DF802208DF805208DF894
:109C300003208DF80620FE228DF8072089B2082324
:109C40006A46FEF7BBFE1CBD08B510EE102A01F5F2
:109C500000718DF80020130A8DF80130130C8DF877
:109C60000230120E8DF8032089B204236A46FEF7F3
:109C7000A5FE08BD084890F8220000F0030101206D
:109C8000012902D0022902D002E0022000E00320D4
:109C9000024981F83C007047DC6C00208C61002098
:109CA00000EE100A9FED031AF8EE400A80EE810ADA
:109CB0007047000000007A4401EE100A70EEC00AFE
:109CC0000120B8EEC11A8840401E21EE201A00EE95
:109CD000900AF8EEE01AC1EE210A30EE800A7047D1
:109CE000D0E9013201699A60D0E901235A604A68DB
:109CF000824201D182684A60002202610868401EE7
:109D00000860086870470000034B036003F15C00C3
:109D10000860802010607047D40A0020044B036064
:109D200003F15C0008604FF4807010607047000021
:109D3000300D002000F108014FF0FF32C0E90112A0
:109D4000C16001610021016070470021016170471D
:109D500030B50B685A1C02D000F1080202E002691B
:109D600004E02246546825689D42FAD953684B6046
:109D700099608A60516008610168491C016030BDCA
:109D800042684A6093688B6093685960916008618B
:109D90000168491C01607047502080F31188BFF3AF
:109DA0004F8FBFF36F8F0A494868401C48600128F5
:109DB0000CD10848006810F0FF0F07D0502080F346
:109DC0001188BFF34F8FBFF36F8FFEE7704700001E
:109DD000C000002004ED00E00849486828B1401E9A
:109DE000486001D180F311887047502080F31188BA
:109DF000BFF34F8FBFF36F8FFEE70000C00000205E
:109E000070B500282AD0164DA0F108046068696971
:109E1000084207D1502080F31188BFF34F8FBFF362
:109E20006F8FFEE722683AB1502080F31188BFF3AC
:109E30004F8FBFF36F8FFEE78843606000F0A4F997
:109E400060686968084468602046FFF7D7FA2869A7
:109E5000401C2861BDE8704001F022B870BD0000D0
:109E6000A00000204FF0E020002101618161054940
:109E70004FF47A720968B1FBF2F1491E4161072182
:109E8000016170474800002010B5F6F70BFA114940
:109E900010280ED300F1E02090F8F0030A789042E9
:109EA00007D2502080F31188BFF34F8FBFF36F8F1D
:109EB000FEE709480068896800F4E060884207D935
:109EC000502080F31188BFF34F8FBFF36F8FFEE7F1
:109ED00010BD0000C00000200CED00E010B5084BE4
:109EE000002200BF53F832401CB1521C082AF9D39B
:109EF00010BD43F8321003EBC201486010BD0000F2
:109F0000B804002010B504000AD000F013F894F84B
:109F1000460000280CD12046BDE81040FFF770BF76
:109F2000502080F31188BFF34F8FBFF36F8FFEE790
:109F300010BD0000084A002102EBC1035B688342A8
:109F400006D1002042F8310002EBC10148607047A1
:109F5000491C0829F0D37047B804002070B5154695
:109F60000E460446FFF718FF94F944100020491CE0
:109F700001D184F8440094F94510491C01D184F8BA
:109F80004500FFF729FFA06B28B92A46314604F1A6
:109F9000240000F051F82046BDE87040FFF7DCBB1C
:109FA00010B5020014D00F48006B38B1502080F378
:109FB0001188BFF34F8FBFF36F8FFEE700F0E4F817
:109FC00000211046FFF734F800F06AFF002807D19F
:109FD00005494FF080500860BFF34F8FBFF36F8F7C
:109FE00010BD00004C00002004ED00E002490A6AA8
:109FF0000260C968416070474C000020014901209F
:10A00000C86170474C00002010B50C4650B109499A
:10A0100009681831FFF79CFE2046BDE81040012179
:10A02000FFF706B8502080F31188BFF34F8FBFF3BE
:10A030006F8FFEE74C00002070B514460D4668B1E6
:10A040000A4909681831FFF79BFE0CB14FF0FF3544
:10A0500021462846BDE87040FEF7EABF502080F355
:10A060001188BFF34F8FBFF36F8FFEE74C000020C6
:10A0700070B504003ED0226DA2B1E06C884200D3DE
:10A080000146E06A884235D0012A33D11A4D2A6848
:10A0900094420FD1502080F31188BFF34F8FBFF34C
:10A0A0006F8FFEE7502080F31188BFF34F8FBFF30F
:10A0B0006F8FFEE7E162A269002A02DBC1F138017D
:10A0C000A1610E4E00EB8000616906EB80008142C9
:10A0D00010D1201DFFF704FEE06A2969884200D9EB
:10A0E000286100EB800006EB8000211DBDE8704078
:10A0F000FFF746BE70BD00004C000020F8040020B1
:10A1000030B587B00024039405AA04A903A80494D9
:10A11000FFF7FAFDDDE903010094CDE9011000230A
:10A1200015A11748059A00F064FD164D0028E86255
:10A130001FD000F017FF012809D0401C19D1502072
:10A1400080F31188BFF34F8FBFF36F8FFEE750206E
:10A1500080F31188BFF34F8FBFF36F8F4FF0FF3045
:10A16000A86201206861EC6007B0BDE8304000F0F3
:10A170006FB807B030BD000049444C4500000000F6
:10A18000C99200084C0000200248016B491C016381
:10A19000704700004C000020164810B5016B11B14B
:10A1A0000121C16110BD0021C1610169124A01E0B4
:10A1B000B9B1491E01EB810352F82330002BF7D0CF
:10A1C00001EB810302EB830202F1080453685B6830
:10A1D0005360A34201D15B685360DA680260016199
:10A1E00010BD502080F31188BFF34F8FBFF36F8FE6
:10A1F000FEE700004C000020F80400202DE9FC419F
:10A20000C0F30226DDE908450FF2380CDCE9007CDA
:10A21000CDE9007C8DF804208DF800008DF8053024
:10A220008DF801608DF803108DF806408DF8075009
:10A2300008236A4640F2FF710448FEF7BFFBBDE801
:10A24000FC810000000055000000000068010020B3
:10A250001CB537480168374A914207D1502080F336
:10A260001188BFF34F8FBFF36F8FFEE7006831494E
:10A27000491E884207D1502080F31188BFF34F8FC9
:10A28000BFF36F8FFEE72C4908780190FF2008701C
:10A2900008788DF800009DF800009DF8002000F07F
:10A2A000F000904207D0502080F31188BFF34F8F09
:10A2B000BFF36F8FFEE79DF80000204C00F05000C8
:10A2C00020700720A06005E09DF8002052008DF866
:10A2D0000020401E9DF800201206F5D4A06003283F
:10A2E00007D0502080F31188BFF34F8FBFF36F8FDB
:10A2F000FEE74FF44070A060019808700C482030D1
:10A30000016841F470010160016841F07041016031
:10A31000FFF7A8FD00206060F5F78CFF0848016892
:10A3200041F040410160F5F771FF00201CBD0000C5
:10A3300000ED00E071C20F4100E400E0C000002029
:10A3400034EF00E010B5502080F31188BFF34F8F39
:10A35000BFF36F8F00F08CFC18B104494FF08050B0
:10A360000860002080F3118810BD000004ED00E0BB
:10A3700010B50C4648B184420FD9502080F31188A3
:10A38000BFF34F8FBFF36F8FFEE7502080F311882C
:10A39000BFF34F8FBFF36F8FFEE70222002100F063
:10A3A00024F8002800D0846310BD38B50C4648B1AD
:10A3B00084420FD9502080F31188BFF34F8FBFF331
:10A3C0006F8FFEE7502080F31188BFF34F8FBFF3EC
:10A3D0006F8FFEE70221134600220091114600F024
:10A3E00025F8002800D0846338BDF8B517460E461E
:10A3F000050013D005FB06F05030FFF723FA0400E8
:10A400000AD0002084F8460004F150023B46314651
:10A4100028460094FEF788FF2046F8BD502080F3C0
:10A420001188BFF34F8FBFF36F8FFEE738B5049DE0
:10A4300018B153B1CAB181B120E0502080F3118826
:10A44000BFF34F8FBFF36F8FFEE7502080F311886B
:10A45000BFF34F8FBFF36F8FFEE7502080F311885B
:10A46000BFF34F8FBFF36F8FFEE739B1502080F3FA
:10A470001188BFF34F8FBFF36F8FFEE750241C4648
:10A48000012384F846302B460094FEF74DFF20460A
:10A4900038BD000070B50D46040025D0FFF77CFCE8
:10A4A000D4E90F20216802FB0011A1600021A16303
:10A4B000216861600A46D4E90F01401E00FB0121BA
:10A4C000E16021464FF0FF3001F8440F487004F17D
:10A4D00010008DB1FFF72EFC04F12400FFF72AFCD9
:10A4E000FFF77AFC012070BD502080F31188BFF384
:10A4F0004F8FBFF36F8FFEE721690029F0D000F086
:10A5000097FC0028ECD004494FF080500860BFF35E
:10A510004F8FBFF36F8FE3E704ED00E02DE9FF47B6
:10A5200082B01D468A464FF00008040003D0BAF1FD
:10A53000000F08D011E0502080F31188BFF34F8F37
:10A54000BFF36F8FFEE7206C38B1502080F3118885
:10A55000BFF34F8FBFF36F8FFEE7022D0AD1E06B81
:10A56000012807D0502080F31188BFF34F8FBFF32D
:10A570006F8FFEE700F068FB3F4F4FF000094FF090
:10A58000805648B9049838B1502080F31188BFF341
:10A590004F8FBFF36F8FFEE7FFF7FEFBA06BE16B02
:10A5A000884207D3022D05D00498D0B1B8F1000F2E
:10A5B0001AD01EE02A4651462046FEF70EFE616A7A
:10A5C00019B104F1240000F033FC20B13E60BFF368
:10A5D0004F8FBFF36F8FFFF7FFFB012006B0BDE881
:10A5E000F087FFF7F9FB22E06846FFF7FFFC4FF02A
:10A5F0000108FFF7F1FBFFF7C7FDFFF7CDFB94F96B
:10A600004400401C01D184F8449094F94500401C5A
:10A6100001D184F84590FFF7DFFB04A9684600F0FC
:10A6200081FA30B12046FFF797F800F039FC00209E
:10A63000D4E7FFF7B1FBA06BE16B884213D1FFF7C2
:10A64000CBFB04F110000499FFF7DEFC2046FFF776
:10A6500083F800F025FC00289ED13E60BFF34F8FA9
:10A66000BFF36F8F98E7FFF7B7FB2046FFF774F84B
:10A6700000F016FC90E7000004ED00E02DE9F04743
:10A680001F4690468946040003D0B9F1000F08D058
:10A6900011E0502080F31188BFF34F8FBFF36F8F0D
:10A6A000FEE7206C38B1502080F31188BFF34F8F44
:10A6B000BFF36F8FFEE7022F0AD1E06B012807D0AE
:10A6C000502080F31188BFF34F8FBFF36F8FFEE7E9
:10A6D000FFF7DAFB5020EFF3118680F31188BFF308
:10A6E0004F8FBFF36F8FA06BE16B884206D3022FB1
:10A6F00004D0002086F31188BDE8F08794F9455016
:10A70000A06B3A4649462046FEF767FD681C04D018
:10A710006D1C84F845500120ECE7606A0028FAD0EF
:10A7200004F1240000F084FB0028F4D0B8F1000FFD
:10A73000F1D00121C8F80010EDE770B50E46040015
:10A7400009D0206C78B1502080F31188BFF34F8F6F
:10A75000BFF36F8FFEE7502080F31188BFF34F8F58
:10A76000BFF36F8FFEE7206848B9A06838B150206A
:10A7700080F31188BFF34F8FBFF36F8FFEE7FFF7B2
:10A7800083FB5020EFF3118580F31188BFF34F8FC7
:10A79000BFF36F8FA16BE06B884218D994F9450025
:10A7A000491CA163411C04D0401C84F845000120D1
:10A7B0000EE0606A0028FAD004F1240000F038FBB3
:10A7C0000028F4D0002EF2D001203060EFE7002006
:10A7D00085F3118870BD00002DE9F747002683B08E
:10A7E0008A46040003D0BAF1000F08D011E05020CF
:10A7F00080F31188BFF34F8FBFF36F8FFEE7206C9C
:10A8000038B1502080F31188BFF34F8FBFF36F8FA3
:10A81000FEE700F019FADFF8F4804FF000094FF07E
:10A82000805748B9059838B1502080F31188BFF39C
:10A830004F8FBFF36F8FFEE7FFF7AEFAA56BC5B181
:10A8400051462046FEF7B6FC6D1EA563206950B147
:10A8500004F1100000F0ECFA28B1C8F80070BFF362
:10A860004F8FBFF36F8FFFF7B7FA012006B0BDE837
:10A87000F087059808B11EB106E0FFF7ADFA27E0B2
:10A880006846FFF7B3FB0126FFF7A6FAFFF77CFC4B
:10A89000FFF782FA94F94400401C01D184F84490F7
:10A8A00094F94500401C01D184F84590FFF794FAD3
:10A8B00005A9684600F036F9002820460AD0FEF7C0
:10A8C0004BFF00F0EDFA2046FEF7DAFD0028B3D08A
:10A8D0000020CBE7FEF7D4FD90B104F124000599E8
:10A8E000FFF792FB2046FEF737FF00F0D9FA002869
:10A8F000A2D1C8F80070BFF34F8FBFF36F8F9BE7F3
:10A900002046FEF729FF00F0CBFA95E704ED00E0C2
:10A910002DE9F04790468946040003D0B9F1000FB5
:10A9200008D011E0502080F31188BFF34F8FBFF3A0
:10A930006F8FFEE7206C38B1502080F31188BFF391
:10A940004F8FBFF36F8FFEE7FFF79EFA5020EFF3B4
:10A95000118680F31188BFF34F8FBFF36F8FA76B02
:10A96000F7B194F9445049462046FEF723FC7F1E78
:10A97000A763681C04D06D1C84F84450012010E0CB
:10A9800020690028FAD004F1100000F051FA0028E4
:10A99000F4D0B8F1000FF1D00121C8F80010EDE7B4
:10A9A000002086F31188BDE8F08700002DE9F3430D
:10A9B000002683B00400354609D0206C78B15020C1
:10A9C00080F31188BFF34F8FBFF36F8FFEE75020E6
:10A9D00080F31188BFF34F8FBFF36F8FFEE700F056
:10A9E00033F9DFF83C814FF000094FF0805748B948
:10A9F000049838B1502080F31188BFF34F8FBFF314
:10AA00006F8FFEE7FFF7C8F9A06BC8B1401EA063C7
:10AA1000206810B9FEF784FFA060206950B104F1EE
:10AA2000100000F005FA28B1C8F80070BFF34F8F8E
:10AA3000BFF36F8FFFF7D0F9012005B0BDE8F083B9
:10AA4000049808B166B10FE03DB1502080F3118841
:10AA5000BFF34F8FBFF36F8FFEE7FFF7BDF95DE0E8
:10AA60006846FFF7C3FA0126FFF7B6F9FFF78CFB3C
:10AA7000FFF792F994F94400401C01D184F8449006
:10AA800094F94500401C01D184F84590FFF7A4F9E2
:10AA900004A9684600F046F80028204612D0FEF7C8
:10AAA0005BFE00F0FDF92046FEF7EAFC0028A9D085
:10AAB0009DB3FFF771F9606A50B3206B0068C0F175
:10AAC000380126E0FEF7DCFCE0B1206838B9FFF77A
:10AAD00063F9A06800F070F90546FFF77DF904F10D
:10AAE00024000499FFF790FA2046FEF735FE00F0A7
:10AAF000D7F9002886D1C8F80070BFF34F8FBFF395
:10AB00006F8F7FE72046FEF727FE00F0C9F979E74F
:10AB10000021A068FFF7ACFA9FE7FFE700208CE771
:10AB200004ED00E02DE9F0410C46050011D0C4B160
:10AB3000FFF732F9174BDA686E682068911B471CE3
:10AB400017D02F681B6A9F4219D0964217D801244C
:10AB500010E0502080F31188BFF34F8FBFF36F8F49
:10AB6000FEE7502080F31188BFF34F8FBFF36F8F44
:10AB7000FEE70024FFF730F92046BDE8F081884267
:10AB800005D9401A20602846FFF730FAF1E7002087
:10AB90002060DCE74C0000202DE9FF5F8346DDE903
:10ABA0000E87994616468A469000FEF74BFE050032
:10ABB0001CD05C20FEF746FE040014D00020256364
:10ABC00084F85900CDE90240CDE900874B46324672
:10ABD00051465846FEF7BAFB2046FEF757FA0120C9
:10ABE00004B0BDE8F09F2846FFF70AF94FF0FF30A8
:10ABF000F6E7F0B585B0DDE90B640A9DA6B1DCB1DE
:10AC00005C2700972663022684F85960002604AF6B
:10AC1000CDE90246CDE90057FEF798FB2046FEF746
:10AC200035FA049805B0F0BD502080F31188BFF3C9
:10AC30004F8FBFF36F8FFEE7502080F31188BFF373
:10AC40004F8FBFF36F8FFEE70548416919B1006B65
:10AC500018B10020704701207047022070470000A3
:10AC60004C0000200148C068704700004C000020E4
:10AC70002DE9F0412E4C0027206B28B1A069401C23
:10AC8000A0613846BDE8F081E668761CE66013D125
:10AC9000606B006838B1502080F31188BFF34F8F8C
:10ACA000BFF36F8FFEE7606BA16B6163A063206AE7
:10ACB000401C2062FEF7D0FCA06ADFF87880864254
:10ACC00009D3606B0068A0B1606BC068C568686834
:10ACD000864211D2A0622068C06A00EB800158F859
:10ACE0002100012800D90127E0690028C9D00127E7
:10ACF000C7E74FF0FF30EDE7281DFEF7F1FFA86A28
:10AD000018B105F11800FEF7EBFFE86A21698842E7
:10AD100000D9206100EB800108EB8100291DFFF7BD
:10AD20002FF8E86A2168C96A8842CAD30127C8E7B0
:10AD30004C000020F804002070B504004FF0000122
:10AD400033D01B4D2868844207D0502080F31188EF
:10AD5000BFF34F8FBFF36F8FFEE7206D38B1401EFA
:10AD60002065E36CE26A9A421FD040B11DE050209A
:10AD700080F31188BFF34F8FBFF36F8FFEE7201D65
:10AD8000FEF7AEFFE06CE062C0F13800A061E06A5F
:10AD90002969884200D92861064900EB800001EB4F
:10ADA0008000211DFEF7ECFF0121084670BD000068
:10ADB0004C000020F804002070B504004FF00000A3
:10ADC0002BD0194DE16A2A68D26A914226D2A06935
:10ADD000002804DB2868C06AC0F13800A061134E67
:10ADE00001EB8101606906EB8101884211D1201DD0
:10ADF000FEF776FF2868C06AE0622969884200D9B8
:10AE0000286100EB800006EB8000211DFEF7B8FFF3
:10AE100002E02868C06AE062012070BDE16C2A6827
:10AE2000D26A9142F8D370BD4C000020F804002093
:10AE300070B5C068C46854B104F118000646FEF746
:10AE40004FFF144D286B50B13146134815E0502088
:10AE500080F31188BFF34F8FBFF36F8FFEE7201D84
:10AE6000FEF73EFFE06A2969884200D928610B4954
:10AE700000EB800001EB8000211DFEF781FFE06AFE
:10AE80002968C96A884202D90120E86170BD0020A2
:10AE900070BD00004C00002080090020F804002054
:10AEA0002DE9F0472C4D00242746286B38B1FEF7DA
:10AEB00073FF286B401E2863286B40B146E050208A
:10AEC00080F31188BFF34F8FBFF36F8FFEE7A96840
:10AED000224E0120D1B3A6F5916980463068E0B1D9
:10AEE000F068C46804F11800FEF7FAFE201DFEF7B2
:10AEF000F7FEE06A2969884200D9286100EB8001E9
:10AF000009EB8100211DFEF73BFFE06A2968C96A51
:10AF10008842E3D3C5F81C80E0E70CB1FEF79CFB48
:10AF2000AC694CB14FEA0806FFF7A2FE00B1EE6132
:10AF3000641EF9D10020A861E86938B108490127E9
:10AF400038070860BFF34F8FBFF36F8FFEF744FFE2
:10AF50003846BDE8F08700004C0000208009002042
:10AF600004ED00E010B586B0FEF7F8F8114C20684B
:10AF7000B8B100200390049005AA04A903A8FEF725
:10AF8000CDFEDDE9032102208DE8070000230AA1A0
:10AF90000B48059AFFF72DFE606010B106B0012046
:10AFA00010BD502080F31188BFF34F8FBFF36F8F18
:10AFB000FEE7000088000020546D72205376630085
:10AFC000359700082DE9FF411E46134602000A9DF1
:10AFD0004FF0000016D0144C2768002F0FD0CDE999
:10AFE00000130292062917DAFFF72EFE02284FF00F
:10AFF00000030FD0002269462068FFF78FFA04B0E3
:10B00000BDE8F081502080F31188BFF34F8FBFF36C
:10B010006F8FFEE72A46EEE7002332466946384640
:10B02000FFF72CFBEBE700008800002088B1000848
:10B030000000000000000000000000000000000010
:10B0400000100000280000000000000000000000C8
:10B0500070B10008000000000000000000000000C7
:10B0600000000000000200000800000000000000D6
:10B070000000000064B100080000000000000000B3
:10B0800000000000000000000008000008000000B0
:10B09000000000000000000078B10008000000007F
:10B0A0000000000000000000000000000010000090
:10B0B000180000000000000000000000A0B100081F
:10B0C0000000000000000000000000000000000080
:10B0D000000C00000800000000000000000000005C
:10B0E00094B1000800000000000000000000000013
:10B0F0000000000000080000080000000000000040
:10B1000000000000B0B100080000000000000000D6
:10B11000000000000001020304050607080C1014DB
:10B1200018203040010002000400060008000A0058
:10B130000C0010002000400080000001010101030C
:10B1400007010000080402040801010100000000DA
:10B1500000000000010203040607080900000000C7
:10B1600001020304415335303438415461736B009C
:10B170004C45445461736B005052455353555245EE
:10B180005461736B000000004D4F544F5254617373
:10B190006B0000004D6F646275735461736B000047
:10B1A00055415254315072696E745461736B000092
:10B1B000537069527853656D0000000041533A2581
:10B1C00073207261773D2575206465673D252E32B9
:10B1D00066206D61673D2575207C20544F54414C9D
:10B1E0003A25732063616C3D25752073756D3D258F
:10B1F0006C75206D61783D257520617265613D2516
:10B2000075207C2042455F53554D3A25732063617C
:10B210006C3D25752073756D3D256C75206D6178CD
:10B220003D257520617265613D2575207C20424574
:10B230005F433A25732063616C3D25752073756DFE
:10B240003D256C75206D61783D25752061726561C5
:10B250003D2575207C2042455F443A25732063617B
:10B260006C3D25752073756D3D256C75206D61787D
:10B270003D257520617265613D2575207C20424524
:10B280005F453A25732063616C3D25752073756DAC
:10B290003D256C75206D61783D2575206172656175
:10B2A0003D2575207C204C455F433A257320636122
:10B2B0006C3D25752073756D3D256C75206D61782D
:10B2C0003D257520617265613D25750D0A00000000
:10B2D000F0B2000800000020680100008A080008A1
:10B2E00014B3000868010020E87300000070000833
:10B2F000011D4210021801021101037A24F4051FF6
:10B30000AAAAAAAA0321E803032D9411B3D44103E6
:04B3100025803F0055
:04000005080001D915
:00000001FF
